TIME_PERIOD,REF_AREA,MEASURE,UNIT_MEASURE,TRANSFORMATION,ADJUSTMENT,SEX,AGE,ACTIVITY,FREQ,obsValue,UNIT_MULT,DECIMALS,OBS_STATUS
1980-Q1,JPN,UNE_LF_M,PT_LF_SUB,_Z,Y,_T,Y_GE15,_Z,Q,1.9,0,1,A
1980-Q2,JPN,UNE_LF_M,PT_LF_SUB,_Z,Y,_T,Y_GE15,_Z,Q,1.966667,0,1,A
1980-Q3,JPN,UNE_LF_M,PT_LF_SUB,_Z,Y,_T,Y_GE15,_Z,Q,2.033333,0,1,A
1980-Q4,JPN,UNE_LF_M,PT_LF_SUB,_Z,Y,_T,Y_GE15,_Z,Q,2.166667,0,1,A
1981-Q1,JPN,UNE_LF_M,PT_LF_SUB,_Z,Y,_T,Y_GE15,_Z,Q,2.2,0,1,A
1981-Q2,JPN,UNE_LF_M,PT_LF_SUB,_Z,Y,_T,Y_GE15,_Z,Q,2.266667,0,1,A
1981-Q3,JPN,UNE_LF_M,PT_LF_SUB,_Z,Y,_T,Y_GE15,_Z,Q,2.166667,0,1,A
1981-Q4,JPN,UNE_LF_M,PT_LF_SUB,_Z,Y,_T,Y_GE15,_Z,Q,2.2,0,1,A
1982-Q1,JPN,UNE_LF_M,PT_LF_SUB,_Z,Y,_T,Y_GE15,_Z,Q,2.233333,0,1,A
1982-Q2,JPN,UNE_LF_M,PT_LF_SUB,_Z,Y,_T,Y_GE15,_Z,Q,2.333333,0,1,A
1982-Q3,JPN,UNE_LF_M,PT_LF_SUB,_Z,Y,_T,Y_GE15,_Z,Q,2.366667,0,1,A
1982-Q4,JPN,UNE_LF_M,PT_LF_SUB,_Z,Y,_T,Y_GE15,_Z,Q,2.466667,0,1,A
1983-Q1,JPN,UNE_LF_M,PT_LF_SUB,_Z,Y,_T,Y_GE15,_Z,Q,2.666667,0,1,A
1983-Q2,JPN,UNE_LF_M,PT_LF_SUB,_Z,Y,_T,Y_GE15,_Z,Q,2.666667,0,1,A
1983-Q3,JPN,UNE_LF_M,PT_LF_SUB,_Z,Y,_T,Y_GE15,_Z,Q,2.7,0,1,A
1983-Q4,JPN,UNE_LF_M,PT_LF_SUB,_Z,Y,_T,Y_GE15,_Z,Q,2.6,0,1,A
1984-Q1,JPN,UNE_LF_M,PT_LF_SUB,_Z,Y,_T,Y_GE15,_Z,Q,2.7,0,1,A
1984-Q2,JPN,UNE_LF_M,PT_LF_SUB,_Z,Y,_T,Y_GE15,_Z,Q,2.733333,0,1,A
1984-Q3,JPN,UNE_LF_M,PT_LF_SUB,_Z,Y,_T,Y_GE15,_Z,Q,2.733333,0,1,A
1984-Q4,JPN,UNE_LF_M,PT_LF_SUB,_Z,Y,_T,Y_GE15,_Z,Q,2.666667,0,1,A
1985-Q1,JPN,UNE_LF_M,PT_LF_SUB,_Z,Y,_T,Y_GE15,_Z,Q,2.566667,0,1,A
1985-Q2,JPN,UNE_LF_M,PT_LF_SUB,_Z,Y,_T,Y_GE15,_Z,Q,2.566667,0,1,A
1985-Q3,JPN,UNE_LF_M,PT_LF_SUB,_Z,Y,_T,Y_GE15,_Z,Q,2.6,0,1,A
1985-Q4,JPN,UNE_LF_M,PT_LF_SUB,_Z,Y,_T,Y_GE15,_Z,Q,2.766667,0,1,A
1986-Q1,JPN,UNE_LF_M,PT_LF_SUB,_Z,Y,_T,Y_GE15,_Z,Q,2.666667,0,1,A
1986-Q2,JPN,UNE_LF_M,PT_LF_SUB,_Z,Y,_T,Y_GE15,_Z,Q,2.766667,0,1,A
1986-Q3,JPN,UNE_LF_M,PT_LF_SUB,_Z,Y,_T,Y_GE15,_Z,Q,2.833333,0,1,A
1986-Q4,JPN,UNE_LF_M,PT_LF_SUB,_Z,Y,_T,Y_GE15,_Z,Q,2.8,0,1,A
1987-Q1,JPN,UNE_LF_M,PT_LF_SUB,_Z,Y,_T,Y_GE15,_Z,Q,2.933333,0,1,A
1987-Q2,JPN,UNE_LF_M,PT_LF_SUB,_Z,Y,_T,Y_GE15,_Z,Q,3,0,1,A
1987-Q3,JPN,UNE_LF_M,PT_LF_SUB,_Z,Y,_T,Y_GE15,_Z,Q,2.766667,0,1,A
1987-Q4,JPN,UNE_LF_M,PT_LF_SUB,_Z,Y,_T,Y_GE15,_Z,Q,2.7,0,1,A
1988-Q1,JPN,UNE_LF_M,PT_LF_SUB,_Z,Y,_T,Y_GE15,_Z,Q,2.666667,0,1,A
1988-Q2,JPN,UNE_LF_M,PT_LF_SUB,_Z,Y,_T,Y_GE15,_Z,Q,2.466667,0,1,A
1988-Q3,JPN,UNE_LF_M,PT_LF_SUB,_Z,Y,_T,Y_GE15,_Z,Q,2.533333,0,1,A
1988-Q4,JPN,UNE_LF_M,PT_LF_SUB,_Z,Y,_T,Y_GE15,_Z,Q,2.4,0,1,A
1989-Q1,JPN,UNE_LF_M,PT_LF_SUB,_Z,Y,_T,Y_GE15,_Z,Q,2.333333,0,1,A
1989-Q2,JPN,UNE_LF_M,PT_LF_SUB,_Z,Y,_T,Y_GE15,_Z,Q,2.3,0,1,A
1989-Q3,JPN,UNE_LF_M,PT_LF_SUB,_Z,Y,_T,Y_GE15,_Z,Q,2.2,0,1,A
1989-Q4,JPN,UNE_LF_M,PT_LF_SUB,_Z,Y,_T,Y_GE15,_Z,Q,2.166667,0,1,A
1990-Q1,JPN,UNE_LF_M,PT_LF_SUB,_Z,Y,_T,Y_GE15,_Z,Q,2.133333,0,1,A
1990-Q2,JPN,UNE_LF_M,PT_LF_SUB,_Z,Y,_T,Y_GE15,_Z,Q,2.133333,0,1,A
1990-Q3,JPN,UNE_LF_M,PT_LF_SUB,_Z,Y,_T,Y_GE15,_Z,Q,2.066667,0,1,A
1990-Q4,JPN,UNE_LF_M,PT_LF_SUB,_Z,Y,_T,Y_GE15,_Z,Q,2.066667,0,1,A
1991-Q1,JPN,UNE_LF_M,PT_LF_SUB,_Z,Y,_T,Y_GE15,_Z,Q,2.1,0,1,A
1991-Q2,JPN,UNE_LF_M,PT_LF_SUB,_Z,Y,_T,Y_GE15,_Z,Q,2.1,0,1,A
1991-Q3,JPN,UNE_LF_M,PT_LF_SUB,_Z,Y,_T,Y_GE15,_Z,Q,2.1,0,1,A
1991-Q4,JPN,UNE_LF_M,PT_LF_SUB,_Z,Y,_T,Y_GE15,_Z,Q,2.066667,0,1,A
1992-Q1,JPN,UNE_LF_M,PT_LF_SUB,_Z,Y,_T,Y_GE15,_Z,Q,2.066667,0,1,A
1992-Q2,JPN,UNE_LF_M,PT_LF_SUB,_Z,Y,_T,Y_GE15,_Z,Q,2.1,0,1,A
1992-Q3,JPN,UNE_LF_M,PT_LF_SUB,_Z,Y,_T,Y_GE15,_Z,Q,2.166667,0,1,A
1992-Q4,JPN,UNE_LF_M,PT_LF_SUB,_Z,Y,_T,Y_GE15,_Z,Q,2.266667,0,1,A
1993-Q1,JPN,UNE_LF_M,PT_LF_SUB,_Z,Y,_T,Y_GE15,_Z,Q,2.3,0,1,A
1993-Q2,JPN,UNE_LF_M,PT_LF_SUB,_Z,Y,_T,Y_GE15,_Z,Q,2.433333,0,1,A
1993-Q3,JPN,UNE_LF_M,PT_LF_SUB,_Z,Y,_T,Y_GE15,_Z,Q,2.533333,0,1,A
1993-Q4,JPN,UNE_LF_M,PT_LF_SUB,_Z,Y,_T,Y_GE15,_Z,Q,2.733333,0,1,A
1994-Q1,JPN,UNE_LF_M,PT_LF_SUB,_Z,Y,_T,Y_GE15,_Z,Q,2.866667,0,1,A
1994-Q2,JPN,UNE_LF_M,PT_LF_SUB,_Z,Y,_T,Y_GE15,_Z,Q,2.8,0,1,A
1994-Q3,JPN,UNE_LF_M,PT_LF_SUB,_Z,Y,_T,Y_GE15,_Z,Q,2.966667,0,1,A
1994-Q4,JPN,UNE_LF_M,PT_LF_SUB,_Z,Y,_T,Y_GE15,_Z,Q,2.933333,0,1,A
1995-Q1,JPN,UNE_LF_M,PT_LF_SUB,_Z,Y,_T,Y_GE15,_Z,Q,3.033333,0,1,A
1995-Q2,JPN,UNE_LF_M,PT_LF_SUB,_Z,Y,_T,Y_GE15,_Z,Q,3.066667,0,1,A
1995-Q3,JPN,UNE_LF_M,PT_LF_SUB,_Z,Y,_T,Y_GE15,_Z,Q,3.166667,0,1,A
1995-Q4,JPN,UNE_LF_M,PT_LF_SUB,_Z,Y,_T,Y_GE15,_Z,Q,3.333333,0,1,A
1996-Q1,JPN,UNE_LF_M,PT_LF_SUB,_Z,Y,_T,Y_GE15,_Z,Q,3.366667,0,1,A
1996-Q2,JPN,UNE_LF_M,PT_LF_SUB,_Z,Y,_T,Y_GE15,_Z,Q,3.4,0,1,A
1996-Q3,JPN,UNE_LF_M,PT_LF_SUB,_Z,Y,_T,Y_GE15,_Z,Q,3.333333,0,1,A
1996-Q4,JPN,UNE_LF_M,PT_LF_SUB,_Z,Y,_T,Y_GE15,_Z,Q,3.366667,0,1,A
1997-Q1,JPN,UNE_LF_M,PT_LF_SUB,_Z,Y,_T,Y_GE15,_Z,Q,3.333333,0,1,A
1997-Q2,JPN,UNE_LF_M,PT_LF_SUB,_Z,Y,_T,Y_GE15,_Z,Q,3.333333,0,1,A
1997-Q3,JPN,UNE_LF_M,PT_LF_SUB,_Z,Y,_T,Y_GE15,_Z,Q,3.433333,0,1,A
1997-Q4,JPN,UNE_LF_M,PT_LF_SUB,_Z,Y,_T,Y_GE15,_Z,Q,3.5,0,1,A
1998-Q1,JPN,UNE_LF_M,PT_LF_SUB,_Z,Y,_T,Y_GE15,_Z,Q,3.666667,0,1,A
1998-Q2,JPN,UNE_LF_M,PT_LF_SUB,_Z,Y,_T,Y_GE15,_Z,Q,4.066667,0,1,A
1998-Q3,JPN,UNE_LF_M,PT_LF_SUB,_Z,Y,_T,Y_GE15,_Z,Q,4.266667,0,1,A
1998-Q4,JPN,UNE_LF_M,PT_LF_SUB,_Z,Y,_T,Y_GE15,_Z,Q,4.4,0,1,A
1999-Q1,JPN,UNE_LF_M,PT_LF_SUB,_Z,Y,_T,Y_GE15,_Z,Q,4.6,0,1,A
1999-Q2,JPN,UNE_LF_M,PT_LF_SUB,_Z,Y,_T,Y_GE15,_Z,Q,4.733333,0,1,A
1999-Q3,JPN,UNE_LF_M,PT_LF_SUB,_Z,Y,_T,Y_GE15,_Z,Q,4.7,0,1,A
1999-Q4,JPN,UNE_LF_M,PT_LF_SUB,_Z,Y,_T,Y_GE15,_Z,Q,4.633333,0,1,A
2000-Q1,JPN,UNE_LF_M,PT_LF_SUB,_Z,Y,_T,Y_GE15,_Z,Q,4.833333,0,1,A
2000-Q2,JPN,UNE_LF_M,PT_LF_SUB,_Z,Y,_T,Y_GE15,_Z,Q,4.7,0,1,A
2000-Q3,JPN,UNE_LF_M,PT_LF_SUB,_Z,Y,_T,Y_GE15,_Z,Q,4.666667,0,1,A
2000-Q4,JPN,UNE_LF_M,PT_LF_SUB,_Z,Y,_T,Y_GE15,_Z,Q,4.733333,0,1,A
2001-Q1,JPN,UNE_LF_M,PT_LF_SUB,_Z,Y,_T,Y_GE15,_Z,Q,4.766667,0,1,A
2001-Q2,JPN,UNE_LF_M,PT_LF_SUB,_Z,Y,_T,Y_GE15,_Z,Q,4.9,0,1,A
2001-Q3,JPN,UNE_LF_M,PT_LF_SUB,_Z,Y,_T,Y_GE15,_Z,Q,5.133333,0,1,A
2001-Q4,JPN,UNE_LF_M,PT_LF_SUB,_Z,Y,_T,Y_GE15,_Z,Q,5.366667,0,1,A
2002-Q1,JPN,UNE_LF_M,PT_LF_SUB,_Z,Y,_T,Y_GE15,_Z,Q,5.266667,0,1,A
2002-Q2,JPN,UNE_LF_M,PT_LF_SUB,_Z,Y,_T,Y_GE15,_Z,Q,5.4,0,1,A
2002-Q3,JPN,UNE_LF_M,PT_LF_SUB,_Z,Y,_T,Y_GE15,_Z,Q,5.433333,0,1,A
2002-Q4,JPN,UNE_LF_M,PT_LF_SUB,_Z,Y,_T,Y_GE15,_Z,Q,5.333333,0,1,A
2003-Q1,JPN,UNE_LF_M,PT_LF_SUB,_Z,Y,_T,Y_GE15,_Z,Q,5.333333,0,1,A
2003-Q2,JPN,UNE_LF_M,PT_LF_SUB,_Z,Y,_T,Y_GE15,_Z,Q,5.433333,0,1,A
2003-Q3,JPN,UNE_LF_M,PT_LF_SUB,_Z,Y,_T,Y_GE15,_Z,Q,5.166667,0,1,A
2003-Q4,JPN,UNE_LF_M,PT_LF_SUB,_Z,Y,_T,Y_GE15,_Z,Q,5.033333,0,1,A
2004-Q1,JPN,UNE_LF_M,PT_LF_SUB,_Z,Y,_T,Y_GE15,_Z,Q,4.9,0,1,A
2004-Q2,JPN,UNE_LF_M,PT_LF_SUB,_Z,Y,_T,Y_GE15,_Z,Q,4.733333,0,1,A
2004-Q3,JPN,UNE_LF_M,PT_LF_SUB,_Z,Y,_T,Y_GE15,_Z,Q,4.766667,0,1,A
2004-Q4,JPN,UNE_LF_M,PT_LF_SUB,_Z,Y,_T,Y_GE15,_Z,Q,4.533333,0,1,A
2005-Q1,JPN,UNE_LF_M,PT_LF_SUB,_Z,Y,_T,Y_GE15,_Z,Q,4.533333,0,1,A
2005-Q2,JPN,UNE_LF_M,PT_LF_SUB,_Z,Y,_T,Y_GE15,_Z,Q,4.433333,0,1,A
2005-Q3,JPN,UNE_LF_M,PT_LF_SUB,_Z,Y,_T,Y_GE15,_Z,Q,4.3,0,1,A
2005-Q4,JPN,UNE_LF_M,PT_LF_SUB,_Z,Y,_T,Y_GE15,_Z,Q,4.433333,0,1,A
2006-Q1,JPN,UNE_LF_M,PT_LF_SUB,_Z,Y,_T,Y_GE15,_Z,Q,4.2,0,1,A
2006-Q2,JPN,UNE_LF_M,PT_LF_SUB,_Z,Y,_T,Y_GE15,_Z,Q,4.133333,0,1,A
2006-Q3,JPN,UNE_LF_M,PT_LF_SUB,_Z,Y,_T,Y_GE15,_Z,Q,4.1,0,1,A
2006-Q4,JPN,UNE_LF_M,PT_LF_SUB,_Z,Y,_T,Y_GE15,_Z,Q,4.033333,0,1,A
2007-Q1,JPN,UNE_LF_M,PT_LF_SUB,_Z,Y,_T,Y_GE15,_Z,Q,4,0,1,A
2007-Q2,JPN,UNE_LF_M,PT_LF_SUB,_Z,Y,_T,Y_GE15,_Z,Q,3.766667,0,1,A
2007-Q3,JPN,UNE_LF_M,PT_LF_SUB,_Z,Y,_T,Y_GE15,_Z,Q,3.733333,0,1,A
2007-Q4,JPN,UNE_LF_M,PT_LF_SUB,_Z,Y,_T,Y_GE15,_Z,Q,3.833333,0,1,A
2008-Q1,JPN,UNE_LF_M,PT_LF_SUB,_Z,Y,_T,Y_GE15,_Z,Q,3.9,0,1,A
2008-Q2,JPN,UNE_LF_M,PT_LF_SUB,_Z,Y,_T,Y_GE15,_Z,Q,3.966667,0,1,A
2008-Q3,JPN,UNE_LF_M,PT_LF_SUB,_Z,Y,_T,Y_GE15,_Z,Q,4,0,1,A
2008-Q4,JPN,UNE_LF_M,PT_LF_SUB,_Z,Y,_T,Y_GE15,_Z,Q,4.066667,0,1,A
2009-Q1,JPN,UNE_LF_M,PT_LF_SUB,_Z,Y,_T,Y_GE15,_Z,Q,4.566667,0,1,A
2009-Q2,JPN,UNE_LF_M,PT_LF_SUB,_Z,Y,_T,Y_GE15,_Z,Q,5.1,0,1,A
2009-Q3,JPN,UNE_LF_M,PT_LF_SUB,_Z,Y,_T,Y_GE15,_Z,Q,5.433333,0,1,A
2009-Q4,JPN,UNE_LF_M,PT_LF_SUB,_Z,Y,_T,Y_GE15,_Z,Q,5.2,0,1,A
2010-Q1,JPN,UNE_LF_M,PT_LF_SUB,_Z,Y,_T,Y_GE15,_Z,Q,5.033333,0,1,A
2010-Q2,JPN,UNE_LF_M,PT_LF_SUB,_Z,Y,_T,Y_GE15,_Z,Q,5.133333,0,1,A
2010-Q3,JPN,UNE_LF_M,PT_LF_SUB,_Z,Y,_T,Y_GE15,_Z,Q,5.066667,0,1,A
2010-Q4,JPN,UNE_LF_M,PT_LF_SUB,_Z,Y,_T,Y_GE15,_Z,Q,5,0,1,A
2011-Q1,JPN,UNE_LF_M,PT_LF_SUB,_Z,Y,_T,Y_GE15,_Z,Q,4.733333,0,1,A
2011-Q2,JPN,UNE_LF_M,PT_LF_SUB,_Z,Y,_T,Y_GE15,_Z,Q,4.666667,0,1,A
2011-Q3,JPN,UNE_LF_M,PT_LF_SUB,_Z,Y,_T,Y_GE15,_Z,Q,4.466667,0,1,A
2011-Q4,JPN,UNE_LF_M,PT_LF_SUB,_Z,Y,_T,Y_GE15,_Z,Q,4.466667,0,1,A
2012-Q1,JPN,UNE_LF_M,PT_LF_SUB,_Z,Y,_T,Y_GE15,_Z,Q,4.5,0,1,A
2012-Q2,JPN,UNE_LF_M,PT_LF_SUB,_Z,Y,_T,Y_GE15,_Z,Q,4.4,0,1,A
2012-Q3,JPN,UNE_LF_M,PT_LF_SUB,_Z,Y,_T,Y_GE15,_Z,Q,4.233333,0,1,A
2012-Q4,JPN,UNE_LF_M,PT_LF_SUB,_Z,Y,_T,Y_GE15,_Z,Q,4.166667,0,1,A
2013-Q1,JPN,UNE_LF_M,PT_LF_SUB,_Z,Y,_T,Y_GE15,_Z,Q,4.2,0,1,A
2013-Q2,JPN,UNE_LF_M,PT_LF_SUB,_Z,Y,_T,Y_GE15,_Z,Q,4.033333,0,1,A
2013-Q3,JPN,UNE_LF_M,PT_LF_SUB,_Z,Y,_T,Y_GE15,_Z,Q,3.933333,0,1,A
2013-Q4,JPN,UNE_LF_M,PT_LF_SUB,_Z,Y,_T,Y_GE15,_Z,Q,3.866667,0,1,A
2014-Q1,JPN,UNE_LF_M,PT_LF_SUB,_Z,Y,_T,Y_GE15,_Z,Q,3.666667,0,1,A
2014-Q2,JPN,UNE_LF_M,PT_LF_SUB,_Z,Y,_T,Y_GE15,_Z,Q,3.633333,0,1,A
2014-Q3,JPN,UNE_LF_M,PT_LF_SUB,_Z,Y,_T,Y_GE15,_Z,Q,3.566667,0,1,A
2014-Q4,JPN,UNE_LF_M,PT_LF_SUB,_Z,Y,_T,Y_GE15,_Z,Q,3.466667,0,1,A
2015-Q1,JPN,UNE_LF_M,PT_LF_SUB,_Z,Y,_T,Y_GE15,_Z,Q,3.5,0,1,A
2015-Q2,JPN,UNE_LF_M,PT_LF_SUB,_Z,Y,_T,Y_GE15,_Z,Q,3.366667,0,1,A
2015-Q3,JPN,UNE_LF_M,PT_LF_SUB,_Z,Y,_T,Y_GE15,_Z,Q,3.366667,0,1,A
2015-Q4,JPN,UNE_LF_M,PT_LF_SUB,_Z,Y,_T,Y_GE15,_Z,Q,3.266667,0,1,A
2016-Q1,JPN,UNE_LF_M,PT_LF_SUB,_Z,Y,_T,Y_GE15,_Z,Q,3.233333,0,1,A
2016-Q2,JPN,UNE_LF_M,PT_LF_SUB,_Z,Y,_T,Y_GE15,_Z,Q,3.166667,0,1,A
2016-Q3,JPN,UNE_LF_M,PT_LF_SUB,_Z,Y,_T,Y_GE15,_Z,Q,3.033333,0,1,A
2016-Q4,JPN,UNE_LF_M,PT_LF_SUB,_Z,Y,_T,Y_GE15,_Z,Q,3,0,1,A
2017-Q1,JPN,UNE_LF_M,PT_LF_SUB,_Z,Y,_T,Y_GE15,_Z,Q,2.9,0,1,A
2017-Q2,JPN,UNE_LF_M,PT_LF_SUB,_Z,Y,_T,Y_GE15,_Z,Q,2.866667,0,1,A
2017-Q3,JPN,UNE_LF_M,PT_LF_SUB,_Z,Y,_T,Y_GE15,_Z,Q,2.8,0,1,A
2017-Q4,JPN,UNE_LF_M,PT_LF_SUB,_Z,Y,_T,Y_GE15,_Z,Q,2.7,0,1,A
2018-Q1,JPN,UNE_LF_M,PT_LF_SUB,_Z,Y,_T,Y_GE15,_Z,Q,2.466667,0,1,A
2018-Q2,JPN,UNE_LF_M,PT_LF_SUB,_Z,Y,_T,Y_GE15,_Z,Q,2.366667,0,1,A
2018-Q3,JPN,UNE_LF_M,PT_LF_SUB,_Z,Y,_T,Y_GE15,_Z,Q,2.433333,0,1,A
2018-Q4,JPN,UNE_LF_M,PT_LF_SUB,_Z,Y,_T,Y_GE15,_Z,Q,2.466667,0,1,A
2019-Q1,JPN,UNE_LF_M,PT_LF_SUB,_Z,Y,_T,Y_GE15,_Z,Q,2.466667,0,1,A
2019-Q2,JPN,UNE_LF_M,PT_LF_SUB,_Z,Y,_T,Y_GE15,_Z,Q,2.333333,0,1,A
2019-Q3,JPN,UNE_LF_M,PT_LF_SUB,_Z,Y,_T,Y_GE15,_Z,Q,2.333333,0,1,A
2019-Q4,JPN,UNE_LF_M,PT_LF_SUB,_Z,Y,_T,Y_GE15,_Z,Q,2.3,0,1,A
2020-Q1,JPN,UNE_LF_M,PT_LF_SUB,_Z,Y,_T,Y_GE15,_Z,Q,2.433333,0,1,A
2020-Q2,JPN,UNE_LF_M,PT_LF_SUB,_Z,Y,_T,Y_GE15,_Z,Q,2.733333,0,1,A
2020-Q3,JPN,UNE_LF_M,PT_LF_SUB,_Z,Y,_T,Y_GE15,_Z,Q,2.966667,0,1,A
2020-Q4,JPN,UNE_LF_M,PT_LF_SUB,_Z,Y,_T,Y_GE15,_Z,Q,3.066667,0,1,A
2021-Q1,JPN,UNE_LF_M,PT_LF_SUB,_Z,Y,_T,Y_GE15,_Z,Q,2.866667,0,1,A
2021-Q2,JPN,UNE_LF_M,PT_LF_SUB,_Z,Y,_T,Y_GE15,_Z,Q,2.9,0,1,A
2021-Q3,JPN,UNE_LF_M,PT_LF_SUB,_Z,Y,_T,Y_GE15,_Z,Q,2.766667,0,1,A
2021-Q4,JPN,UNE_LF_M,PT_LF_SUB,_Z,Y,_T,Y_GE15,_Z,Q,2.733333,0,1,A
2022-Q1,JPN,UNE_LF_M,PT_LF_SUB,_Z,Y,_T,Y_GE15,_Z,Q,2.7,0,1,A
2022-Q2,JPN,UNE_LF_M,PT_LF_SUB,_Z,Y,_T,Y_GE15,_Z,Q,2.6,0,1,A
2022-Q3,JPN,UNE_LF_M,PT_LF_SUB,_Z,Y,_T,Y_GE15,_Z,Q,2.533333,0,1,A
2022-Q4,JPN,UNE_LF_M,PT_LF_SUB,_Z,Y,_T,Y_GE15,_Z,Q,2.533333,0,1,A
2023-Q1,JPN,UNE_LF_M,PT_LF_SUB,_Z,Y,_T,Y_GE15,_Z,Q,2.6,0,1,A
2023-Q2,JPN,UNE_LF_M,PT_LF_SUB,_Z,Y,_T,Y_GE15,_Z,Q,2.533333,0,1,A
2023-Q3,JPN,UNE_LF_M,PT_LF_SUB,_Z,Y,_T,Y_GE15,_Z,Q,2.6,0,1,A
2023-Q4,JPN,UNE_LF_M,PT_LF_SUB,_Z,Y,_T,Y_GE15,_Z,Q,2.533333,0,1,A
2024-Q1,JPN,UNE_LF_M,PT_LF_SUB,_Z,Y,_T,Y_GE15,_Z,Q,2.566667,0,1,A
2024-Q2,JPN,UNE_LF_M,PT_LF_SUB,_Z,Y,_T,Y_GE15,_Z,Q,2.566667,0,1,A
2024-Q3,JPN,UNE_LF_M,PT_LF_SUB,_Z,Y,_T,Y_GE15,_Z,Q,2.533333,0,1,A
2024-Q4,JPN,UNE_LF_M,PT_LF_SUB,_Z,Y,_T,Y_GE15,_Z,Q,2.5,0,1,A
2025-Q1,JPN,UNE_LF_M,PT_LF_SUB,_Z,Y,_T,Y_GE15,_Z,Q,2.466667,0,1,A
2025-Q2,JPN,UNE_LF_M,PT_LF_SUB,_Z,Y,_T,Y_GE15,_Z,Q,2.5,0,1,A
2025-Q3,JPN,UNE_LF_M,PT_LF_SUB,_Z,Y,_T,Y_GE15,_Z,Q,2.533333,0,1,A
2025-Q4,JPN,UNE_LF_M,PT_LF_SUB,_Z,Y,_T,Y_GE15,_Z,Q,2.6,0,1,A
1980-Q1,CAN,UNE_LF_M,PT_LF_SUB,_Z,Y,_T,Y_GE15,_Z,Q,7.566667,0,1,A
1980-Q2,CAN,UNE_LF_M,PT_LF_SUB,_Z,Y,_T,Y_GE15,_Z,Q,7.733333,0,1,A
1980-Q3,CAN,UNE_LF_M,PT_LF_SUB,_Z,Y,_T,Y_GE15,_Z,Q,7.5,0,1,A
1980-Q4,CAN,UNE_LF_M,PT_LF_SUB,_Z,Y,_T,Y_GE15,_Z,Q,7.266667,0,1,A
1981-Q1,CAN,UNE_LF_M,PT_LF_SUB,_Z,Y,_T,Y_GE15,_Z,Q,7.4,0,1,A
1981-Q2,CAN,UNE_LF_M,PT_LF_SUB,_Z,Y,_T,Y_GE15,_Z,Q,7.166667,0,1,A
1981-Q3,CAN,UNE_LF_M,PT_LF_SUB,_Z,Y,_T,Y_GE15,_Z,Q,7.466667,0,1,A
1981-Q4,CAN,UNE_LF_M,PT_LF_SUB,_Z,Y,_T,Y_GE15,_Z,Q,8.433333,0,1,A
1982-Q1,CAN,UNE_LF_M,PT_LF_SUB,_Z,Y,_T,Y_GE15,_Z,Q,8.933333,0,1,A
1982-Q2,CAN,UNE_LF_M,PT_LF_SUB,_Z,Y,_T,Y_GE15,_Z,Q,10.4,0,1,A
1982-Q3,CAN,UNE_LF_M,PT_LF_SUB,_Z,Y,_T,Y_GE15,_Z,Q,12.1,0,1,A
1982-Q4,CAN,UNE_LF_M,PT_LF_SUB,_Z,Y,_T,Y_GE15,_Z,Q,12.96667,0,1,A
1983-Q1,CAN,UNE_LF_M,PT_LF_SUB,_Z,Y,_T,Y_GE15,_Z,Q,12.63333,0,1,A
1983-Q2,CAN,UNE_LF_M,PT_LF_SUB,_Z,Y,_T,Y_GE15,_Z,Q,12.4,0,1,A
1983-Q3,CAN,UNE_LF_M,PT_LF_SUB,_Z,Y,_T,Y_GE15,_Z,Q,11.66667,0,1,A
1983-Q4,CAN,UNE_LF_M,PT_LF_SUB,_Z,Y,_T,Y_GE15,_Z,Q,11.3,0,1,A
1984-Q1,CAN,UNE_LF_M,PT_LF_SUB,_Z,Y,_T,Y_GE15,_Z,Q,11.3,0,1,A
1984-Q2,CAN,UNE_LF_M,PT_LF_SUB,_Z,Y,_T,Y_GE15,_Z,Q,11.5,0,1,A
1984-Q3,CAN,UNE_LF_M,PT_LF_SUB,_Z,Y,_T,Y_GE15,_Z,Q,11.43333,0,1,A
1984-Q4,CAN,UNE_LF_M,PT_LF_SUB,_Z,Y,_T,Y_GE15,_Z,Q,11.26667,0,1,A
1985-Q1,CAN,UNE_LF_M,PT_LF_SUB,_Z,Y,_T,Y_GE15,_Z,Q,10.8,0,1,A
1985-Q2,CAN,UNE_LF_M,PT_LF_SUB,_Z,Y,_T,Y_GE15,_Z,Q,10.7,0,1,A
1985-Q3,CAN,UNE_LF_M,PT_LF_SUB,_Z,Y,_T,Y_GE15,_Z,Q,10.3,0,1,A
1985-Q4,CAN,UNE_LF_M,PT_LF_SUB,_Z,Y,_T,Y_GE15,_Z,Q,10.23333,0,1,A
1986-Q1,CAN,UNE_LF_M,PT_LF_SUB,_Z,Y,_T,Y_GE15,_Z,Q,9.833333,0,1,A
1986-Q2,CAN,UNE_LF_M,PT_LF_SUB,_Z,Y,_T,Y_GE15,_Z,Q,9.6,0,1,A
1986-Q3,CAN,UNE_LF_M,PT_LF_SUB,_Z,Y,_T,Y_GE15,_Z,Q,9.566667,0,1,A
1986-Q4,CAN,UNE_LF_M,PT_LF_SUB,_Z,Y,_T,Y_GE15,_Z,Q,9.433333,0,1,A
1987-Q1,CAN,UNE_LF_M,PT_LF_SUB,_Z,Y,_T,Y_GE15,_Z,Q,9.466666,0,1,A
1987-Q2,CAN,UNE_LF_M,PT_LF_SUB,_Z,Y,_T,Y_GE15,_Z,Q,9,0,1,A
1987-Q3,CAN,UNE_LF_M,PT_LF_SUB,_Z,Y,_T,Y_GE15,_Z,Q,8.566667,0,1,A
1987-Q4,CAN,UNE_LF_M,PT_LF_SUB,_Z,Y,_T,Y_GE15,_Z,Q,8.166667,0,1,A
1988-Q1,CAN,UNE_LF_M,PT_LF_SUB,_Z,Y,_T,Y_GE15,_Z,Q,7.9,0,1,A
1988-Q2,CAN,UNE_LF_M,PT_LF_SUB,_Z,Y,_T,Y_GE15,_Z,Q,7.7,0,1,A
1988-Q3,CAN,UNE_LF_M,PT_LF_SUB,_Z,Y,_T,Y_GE15,_Z,Q,7.8,0,1,A
1988-Q4,CAN,UNE_LF_M,PT_LF_SUB,_Z,Y,_T,Y_GE15,_Z,Q,7.7,0,1,A
1989-Q1,CAN,UNE_LF_M,PT_LF_SUB,_Z,Y,_T,Y_GE15,_Z,Q,7.533333,0,1,A
1989-Q2,CAN,UNE_LF_M,PT_LF_SUB,_Z,Y,_T,Y_GE15,_Z,Q,7.666667,0,1,A
1989-Q3,CAN,UNE_LF_M,PT_LF_SUB,_Z,Y,_T,Y_GE15,_Z,Q,7.366667,0,1,A
1989-Q4,CAN,UNE_LF_M,PT_LF_SUB,_Z,Y,_T,Y_GE15,_Z,Q,7.466667,0,1,A
1990-Q1,CAN,UNE_LF_M,PT_LF_SUB,_Z,Y,_T,Y_GE15,_Z,Q,7.633333,0,1,A
1990-Q2,CAN,UNE_LF_M,PT_LF_SUB,_Z,Y,_T,Y_GE15,_Z,Q,7.666667,0,1,A
1990-Q3,CAN,UNE_LF_M,PT_LF_SUB,_Z,Y,_T,Y_GE15,_Z,Q,8.166667,0,1,A
1990-Q4,CAN,UNE_LF_M,PT_LF_SUB,_Z,Y,_T,Y_GE15,_Z,Q,9.133333,0,1,A
1991-Q1,CAN,UNE_LF_M,PT_LF_SUB,_Z,Y,_T,Y_GE15,_Z,Q,10.16667,0,1,A
1991-Q2,CAN,UNE_LF_M,PT_LF_SUB,_Z,Y,_T,Y_GE15,_Z,Q,10.33333,0,1,A
1991-Q3,CAN,UNE_LF_M,PT_LF_SUB,_Z,Y,_T,Y_GE15,_Z,Q,10.43333,0,1,A
1991-Q4,CAN,UNE_LF_M,PT_LF_SUB,_Z,Y,_T,Y_GE15,_Z,Q,10.33333,0,1,A
1992-Q1,CAN,UNE_LF_M,PT_LF_SUB,_Z,Y,_T,Y_GE15,_Z,Q,10.6,0,1,A
1992-Q2,CAN,UNE_LF_M,PT_LF_SUB,_Z,Y,_T,Y_GE15,_Z,Q,11,0,1,A
1992-Q3,CAN,UNE_LF_M,PT_LF_SUB,_Z,Y,_T,Y_GE15,_Z,Q,11.53333,0,1,A
1992-Q4,CAN,UNE_LF_M,PT_LF_SUB,_Z,Y,_T,Y_GE15,_Z,Q,11.73333,0,1,A
1993-Q1,CAN,UNE_LF_M,PT_LF_SUB,_Z,Y,_T,Y_GE15,_Z,Q,11.13333,0,1,A
1993-Q2,CAN,UNE_LF_M,PT_LF_SUB,_Z,Y,_T,Y_GE15,_Z,Q,11.63333,0,1,A
1993-Q3,CAN,UNE_LF_M,PT_LF_SUB,_Z,Y,_T,Y_GE15,_Z,Q,11.43333,0,1,A
1993-Q4,CAN,UNE_LF_M,PT_LF_SUB,_Z,Y,_T,Y_GE15,_Z,Q,11.3,0,1,A
1994-Q1,CAN,UNE_LF_M,PT_LF_SUB,_Z,Y,_T,Y_GE15,_Z,Q,11.03333,0,1,A
1994-Q2,CAN,UNE_LF_M,PT_LF_SUB,_Z,Y,_T,Y_GE15,_Z,Q,10.63333,0,1,A
1994-Q3,CAN,UNE_LF_M,PT_LF_SUB,_Z,Y,_T,Y_GE15,_Z,Q,10.13333,0,1,A
1994-Q4,CAN,UNE_LF_M,PT_LF_SUB,_Z,Y,_T,Y_GE15,_Z,Q,9.766666,0,1,A
1995-Q1,CAN,UNE_LF_M,PT_LF_SUB,_Z,Y,_T,Y_GE15,_Z,Q,9.633333,0,1,A
1995-Q2,CAN,UNE_LF_M,PT_LF_SUB,_Z,Y,_T,Y_GE15,_Z,Q,9.5,0,1,A
1995-Q3,CAN,UNE_LF_M,PT_LF_SUB,_Z,Y,_T,Y_GE15,_Z,Q,9.433333,0,1,A
1995-Q4,CAN,UNE_LF_M,PT_LF_SUB,_Z,Y,_T,Y_GE15,_Z,Q,9.3,0,1,A
1996-Q1,CAN,UNE_LF_M,PT_LF_SUB,_Z,Y,_T,Y_GE15,_Z,Q,9.5,0,1,A
1996-Q2,CAN,UNE_LF_M,PT_LF_SUB,_Z,Y,_T,Y_GE15,_Z,Q,9.433333,0,1,A
1996-Q3,CAN,UNE_LF_M,PT_LF_SUB,_Z,Y,_T,Y_GE15,_Z,Q,9.666667,0,1,A
1996-Q4,CAN,UNE_LF_M,PT_LF_SUB,_Z,Y,_T,Y_GE15,_Z,Q,9.833333,0,1,A
1997-Q1,CAN,UNE_LF_M,PT_LF_SUB,_Z,Y,_T,Y_GE15,_Z,Q,9.433333,0,1,A
1997-Q2,CAN,UNE_LF_M,PT_LF_SUB,_Z,Y,_T,Y_GE15,_Z,Q,9.3,0,1,A
1997-Q3,CAN,UNE_LF_M,PT_LF_SUB,_Z,Y,_T,Y_GE15,_Z,Q,8.866667,0,1,A
1997-Q4,CAN,UNE_LF_M,PT_LF_SUB,_Z,Y,_T,Y_GE15,_Z,Q,8.766666,0,1,A
1998-Q1,CAN,UNE_LF_M,PT_LF_SUB,_Z,Y,_T,Y_GE15,_Z,Q,8.6,0,1,A
1998-Q2,CAN,UNE_LF_M,PT_LF_SUB,_Z,Y,_T,Y_GE15,_Z,Q,8.333333,0,1,A
1998-Q3,CAN,UNE_LF_M,PT_LF_SUB,_Z,Y,_T,Y_GE15,_Z,Q,8.2,0,1,A
1998-Q4,CAN,UNE_LF_M,PT_LF_SUB,_Z,Y,_T,Y_GE15,_Z,Q,8.033334,0,1,A
1999-Q1,CAN,UNE_LF_M,PT_LF_SUB,_Z,Y,_T,Y_GE15,_Z,Q,7.9,0,1,A
1999-Q2,CAN,UNE_LF_M,PT_LF_SUB,_Z,Y,_T,Y_GE15,_Z,Q,7.9,0,1,A
1999-Q3,CAN,UNE_LF_M,PT_LF_SUB,_Z,Y,_T,Y_GE15,_Z,Q,7.5,0,1,A
1999-Q4,CAN,UNE_LF_M,PT_LF_SUB,_Z,Y,_T,Y_GE15,_Z,Q,6.966667,0,1,A
2000-Q1,CAN,UNE_LF_M,PT_LF_SUB,_Z,Y,_T,Y_GE15,_Z,Q,6.866667,0,1,A
2000-Q2,CAN,UNE_LF_M,PT_LF_SUB,_Z,Y,_T,Y_GE15,_Z,Q,6.666667,0,1,A
2000-Q3,CAN,UNE_LF_M,PT_LF_SUB,_Z,Y,_T,Y_GE15,_Z,Q,6.9,0,1,A
2000-Q4,CAN,UNE_LF_M,PT_LF_SUB,_Z,Y,_T,Y_GE15,_Z,Q,6.9,0,1,A
2001-Q1,CAN,UNE_LF_M,PT_LF_SUB,_Z,Y,_T,Y_GE15,_Z,Q,7,0,1,A
2001-Q2,CAN,UNE_LF_M,PT_LF_SUB,_Z,Y,_T,Y_GE15,_Z,Q,7.1,0,1,A
2001-Q3,CAN,UNE_LF_M,PT_LF_SUB,_Z,Y,_T,Y_GE15,_Z,Q,7.166667,0,1,A
2001-Q4,CAN,UNE_LF_M,PT_LF_SUB,_Z,Y,_T,Y_GE15,_Z,Q,7.633333,0,1,A
2002-Q1,CAN,UNE_LF_M,PT_LF_SUB,_Z,Y,_T,Y_GE15,_Z,Q,7.933333,0,1,A
2002-Q2,CAN,UNE_LF_M,PT_LF_SUB,_Z,Y,_T,Y_GE15,_Z,Q,7.7,0,1,A
2002-Q3,CAN,UNE_LF_M,PT_LF_SUB,_Z,Y,_T,Y_GE15,_Z,Q,7.533333,0,1,A
2002-Q4,CAN,UNE_LF_M,PT_LF_SUB,_Z,Y,_T,Y_GE15,_Z,Q,7.566667,0,1,A
2003-Q1,CAN,UNE_LF_M,PT_LF_SUB,_Z,Y,_T,Y_GE15,_Z,Q,7.466667,0,1,A
2003-Q2,CAN,UNE_LF_M,PT_LF_SUB,_Z,Y,_T,Y_GE15,_Z,Q,7.666667,0,1,A
2003-Q3,CAN,UNE_LF_M,PT_LF_SUB,_Z,Y,_T,Y_GE15,_Z,Q,7.8,0,1,A
2003-Q4,CAN,UNE_LF_M,PT_LF_SUB,_Z,Y,_T,Y_GE15,_Z,Q,7.433333,0,1,A
2004-Q1,CAN,UNE_LF_M,PT_LF_SUB,_Z,Y,_T,Y_GE15,_Z,Q,7.3,0,1,A
2004-Q2,CAN,UNE_LF_M,PT_LF_SUB,_Z,Y,_T,Y_GE15,_Z,Q,7.166667,0,1,A
2004-Q3,CAN,UNE_LF_M,PT_LF_SUB,_Z,Y,_T,Y_GE15,_Z,Q,7,0,1,A
2004-Q4,CAN,UNE_LF_M,PT_LF_SUB,_Z,Y,_T,Y_GE15,_Z,Q,7.133333,0,1,A
2005-Q1,CAN,UNE_LF_M,PT_LF_SUB,_Z,Y,_T,Y_GE15,_Z,Q,6.933333,0,1,A
2005-Q2,CAN,UNE_LF_M,PT_LF_SUB,_Z,Y,_T,Y_GE15,_Z,Q,6.833333,0,1,A
2005-Q3,CAN,UNE_LF_M,PT_LF_SUB,_Z,Y,_T,Y_GE15,_Z,Q,6.7,0,1,A
2005-Q4,CAN,UNE_LF_M,PT_LF_SUB,_Z,Y,_T,Y_GE15,_Z,Q,6.533333,0,1,A
2006-Q1,CAN,UNE_LF_M,PT_LF_SUB,_Z,Y,_T,Y_GE15,_Z,Q,6.6,0,1,A
2006-Q2,CAN,UNE_LF_M,PT_LF_SUB,_Z,Y,_T,Y_GE15,_Z,Q,6.333333,0,1,A
2006-Q3,CAN,UNE_LF_M,PT_LF_SUB,_Z,Y,_T,Y_GE15,_Z,Q,6.5,0,1,A
2006-Q4,CAN,UNE_LF_M,PT_LF_SUB,_Z,Y,_T,Y_GE15,_Z,Q,6.366667,0,1,A
2007-Q1,CAN,UNE_LF_M,PT_LF_SUB,_Z,Y,_T,Y_GE15,_Z,Q,6.333333,0,1,A
2007-Q2,CAN,UNE_LF_M,PT_LF_SUB,_Z,Y,_T,Y_GE15,_Z,Q,6.2,0,1,A
2007-Q3,CAN,UNE_LF_M,PT_LF_SUB,_Z,Y,_T,Y_GE15,_Z,Q,6,0,1,A
2007-Q4,CAN,UNE_LF_M,PT_LF_SUB,_Z,Y,_T,Y_GE15,_Z,Q,6.1,0,1,A
2008-Q1,CAN,UNE_LF_M,PT_LF_SUB,_Z,Y,_T,Y_GE15,_Z,Q,6.133333,0,1,A
2008-Q2,CAN,UNE_LF_M,PT_LF_SUB,_Z,Y,_T,Y_GE15,_Z,Q,6.166667,0,1,A
2008-Q3,CAN,UNE_LF_M,PT_LF_SUB,_Z,Y,_T,Y_GE15,_Z,Q,6.233333,0,1,A
2008-Q4,CAN,UNE_LF_M,PT_LF_SUB,_Z,Y,_T,Y_GE15,_Z,Q,6.7,0,1,A
2009-Q1,CAN,UNE_LF_M,PT_LF_SUB,_Z,Y,_T,Y_GE15,_Z,Q,8,0,1,A
2009-Q2,CAN,UNE_LF_M,PT_LF_SUB,_Z,Y,_T,Y_GE15,_Z,Q,8.633333,0,1,A
2009-Q3,CAN,UNE_LF_M,PT_LF_SUB,_Z,Y,_T,Y_GE15,_Z,Q,8.666667,0,1,A
2009-Q4,CAN,UNE_LF_M,PT_LF_SUB,_Z,Y,_T,Y_GE15,_Z,Q,8.6,0,1,A
2010-Q1,CAN,UNE_LF_M,PT_LF_SUB,_Z,Y,_T,Y_GE15,_Z,Q,8.366667,0,1,A
2010-Q2,CAN,UNE_LF_M,PT_LF_SUB,_Z,Y,_T,Y_GE15,_Z,Q,8.133333,0,1,A
2010-Q3,CAN,UNE_LF_M,PT_LF_SUB,_Z,Y,_T,Y_GE15,_Z,Q,8.2,0,1,A
2010-Q4,CAN,UNE_LF_M,PT_LF_SUB,_Z,Y,_T,Y_GE15,_Z,Q,7.933333,0,1,A
2011-Q1,CAN,UNE_LF_M,PT_LF_SUB,_Z,Y,_T,Y_GE15,_Z,Q,7.8,0,1,A
2011-Q2,CAN,UNE_LF_M,PT_LF_SUB,_Z,Y,_T,Y_GE15,_Z,Q,7.733333,0,1,A
2011-Q3,CAN,UNE_LF_M,PT_LF_SUB,_Z,Y,_T,Y_GE15,_Z,Q,7.433333,0,1,A
2011-Q4,CAN,UNE_LF_M,PT_LF_SUB,_Z,Y,_T,Y_GE15,_Z,Q,7.533333,0,1,A
2012-Q1,CAN,UNE_LF_M,PT_LF_SUB,_Z,Y,_T,Y_GE15,_Z,Q,7.566667,0,1,A
2012-Q2,CAN,UNE_LF_M,PT_LF_SUB,_Z,Y,_T,Y_GE15,_Z,Q,7.466667,0,1,A
2012-Q3,CAN,UNE_LF_M,PT_LF_SUB,_Z,Y,_T,Y_GE15,_Z,Q,7.366667,0,1,A
2012-Q4,CAN,UNE_LF_M,PT_LF_SUB,_Z,Y,_T,Y_GE15,_Z,Q,7.366667,0,1,A
2013-Q1,CAN,UNE_LF_M,PT_LF_SUB,_Z,Y,_T,Y_GE15,_Z,Q,7.166667,0,1,A
2013-Q2,CAN,UNE_LF_M,PT_LF_SUB,_Z,Y,_T,Y_GE15,_Z,Q,7.166667,0,1,A
2013-Q3,CAN,UNE_LF_M,PT_LF_SUB,_Z,Y,_T,Y_GE15,_Z,Q,7.233333,0,1,A
2013-Q4,CAN,UNE_LF_M,PT_LF_SUB,_Z,Y,_T,Y_GE15,_Z,Q,7.266667,0,1,A
2014-Q1,CAN,UNE_LF_M,PT_LF_SUB,_Z,Y,_T,Y_GE15,_Z,Q,7.233333,0,1,A
2014-Q2,CAN,UNE_LF_M,PT_LF_SUB,_Z,Y,_T,Y_GE15,_Z,Q,7.2,0,1,A
2014-Q3,CAN,UNE_LF_M,PT_LF_SUB,_Z,Y,_T,Y_GE15,_Z,Q,7.033333,0,1,A
2014-Q4,CAN,UNE_LF_M,PT_LF_SUB,_Z,Y,_T,Y_GE15,_Z,Q,6.766667,0,1,A
2015-Q1,CAN,UNE_LF_M,PT_LF_SUB,_Z,Y,_T,Y_GE15,_Z,Q,6.866667,0,1,A
2015-Q2,CAN,UNE_LF_M,PT_LF_SUB,_Z,Y,_T,Y_GE15,_Z,Q,6.933333,0,1,A
2015-Q3,CAN,UNE_LF_M,PT_LF_SUB,_Z,Y,_T,Y_GE15,_Z,Q,7.066667,0,1,A
2015-Q4,CAN,UNE_LF_M,PT_LF_SUB,_Z,Y,_T,Y_GE15,_Z,Q,7.133333,0,1,A
2016-Q1,CAN,UNE_LF_M,PT_LF_SUB,_Z,Y,_T,Y_GE15,_Z,Q,7.233333,0,1,A
2016-Q2,CAN,UNE_LF_M,PT_LF_SUB,_Z,Y,_T,Y_GE15,_Z,Q,7.133333,0,1,A
2016-Q3,CAN,UNE_LF_M,PT_LF_SUB,_Z,Y,_T,Y_GE15,_Z,Q,6.966667,0,1,A
2016-Q4,CAN,UNE_LF_M,PT_LF_SUB,_Z,Y,_T,Y_GE15,_Z,Q,6.866667,0,1,A
2017-Q1,CAN,UNE_LF_M,PT_LF_SUB,_Z,Y,_T,Y_GE15,_Z,Q,6.733333,0,1,A
2017-Q2,CAN,UNE_LF_M,PT_LF_SUB,_Z,Y,_T,Y_GE15,_Z,Q,6.533333,0,1,A
2017-Q3,CAN,UNE_LF_M,PT_LF_SUB,_Z,Y,_T,Y_GE15,_Z,Q,6.233333,0,1,A
2017-Q4,CAN,UNE_LF_M,PT_LF_SUB,_Z,Y,_T,Y_GE15,_Z,Q,6.166667,0,1,A
2018-Q1,CAN,UNE_LF_M,PT_LF_SUB,_Z,Y,_T,Y_GE15,_Z,Q,5.9,0,1,A
2018-Q2,CAN,UNE_LF_M,PT_LF_SUB,_Z,Y,_T,Y_GE15,_Z,Q,5.9,0,1,A
2018-Q3,CAN,UNE_LF_M,PT_LF_SUB,_Z,Y,_T,Y_GE15,_Z,Q,5.9,0,1,A
2018-Q4,CAN,UNE_LF_M,PT_LF_SUB,_Z,Y,_T,Y_GE15,_Z,Q,5.633333,0,1,A
2019-Q1,CAN,UNE_LF_M,PT_LF_SUB,_Z,Y,_T,Y_GE15,_Z,Q,5.766667,0,1,A
2019-Q2,CAN,UNE_LF_M,PT_LF_SUB,_Z,Y,_T,Y_GE15,_Z,Q,5.6,0,1,A
2019-Q3,CAN,UNE_LF_M,PT_LF_SUB,_Z,Y,_T,Y_GE15,_Z,Q,5.666667,0,1,A
2019-Q4,CAN,UNE_LF_M,PT_LF_SUB,_Z,Y,_T,Y_GE15,_Z,Q,5.7,0,1,A
2020-Q1,CAN,UNE_LF_M,PT_LF_SUB,_Z,Y,_T,Y_GE15,_Z,Q,6.6,0,1,A
2020-Q2,CAN,UNE_LF_M,PT_LF_SUB,_Z,Y,_T,Y_GE15,_Z,Q,13.5,0,1,A
2020-Q3,CAN,UNE_LF_M,PT_LF_SUB,_Z,Y,_T,Y_GE15,_Z,Q,10.03333,0,1,A
2020-Q4,CAN,UNE_LF_M,PT_LF_SUB,_Z,Y,_T,Y_GE15,_Z,Q,8.833333,0,1,A
2021-Q1,CAN,UNE_LF_M,PT_LF_SUB,_Z,Y,_T,Y_GE15,_Z,Q,8.466666,0,1,A
2021-Q2,CAN,UNE_LF_M,PT_LF_SUB,_Z,Y,_T,Y_GE15,_Z,Q,8.133333,0,1,A
2021-Q3,CAN,UNE_LF_M,PT_LF_SUB,_Z,Y,_T,Y_GE15,_Z,Q,7.166667,0,1,A
2021-Q4,CAN,UNE_LF_M,PT_LF_SUB,_Z,Y,_T,Y_GE15,_Z,Q,6.166667,0,1,A
2022-Q1,CAN,UNE_LF_M,PT_LF_SUB,_Z,Y,_T,Y_GE15,_Z,Q,5.766667,0,1,A
2022-Q2,CAN,UNE_LF_M,PT_LF_SUB,_Z,Y,_T,Y_GE15,_Z,Q,5.166667,0,1,A
2022-Q3,CAN,UNE_LF_M,PT_LF_SUB,_Z,Y,_T,Y_GE15,_Z,Q,5.033333,0,1,A
2022-Q4,CAN,UNE_LF_M,PT_LF_SUB,_Z,Y,_T,Y_GE15,_Z,Q,5.033333,0,1,A
2023-Q1,CAN,UNE_LF_M,PT_LF_SUB,_Z,Y,_T,Y_GE15,_Z,Q,5.133333,0,1,A
2023-Q2,CAN,UNE_LF_M,PT_LF_SUB,_Z,Y,_T,Y_GE15,_Z,Q,5.233333,0,1,A
2023-Q3,CAN,UNE_LF_M,PT_LF_SUB,_Z,Y,_T,Y_GE15,_Z,Q,5.433333,0,1,A
2023-Q4,CAN,UNE_LF_M,PT_LF_SUB,_Z,Y,_T,Y_GE15,_Z,Q,5.766667,0,1,A
2024-Q1,CAN,UNE_LF_M,PT_LF_SUB,_Z,Y,_T,Y_GE15,_Z,Q,5.9,0,1,A
2024-Q2,CAN,UNE_LF_M,PT_LF_SUB,_Z,Y,_T,Y_GE15,_Z,Q,6.3,0,1,A
2024-Q3,CAN,UNE_LF_M,PT_LF_SUB,_Z,Y,_T,Y_GE15,_Z,Q,6.5,0,1,A
2024-Q4,CAN,UNE_LF_M,PT_LF_SUB,_Z,Y,_T,Y_GE15,_Z,Q,6.766667,0,1,A
2025-Q1,CAN,UNE_LF_M,PT_LF_SUB,_Z,Y,_T,Y_GE15,_Z,Q,6.7,0,1,A
2025-Q2,CAN,UNE_LF_M,PT_LF_SUB,_Z,Y,_T,Y_GE15,_Z,Q,6.933333,0,1,A
2025-Q3,CAN,UNE_LF_M,PT_LF_SUB,_Z,Y,_T,Y_GE15,_Z,Q,7.033333,0,1,A
2025-Q4,CAN,UNE_LF_M,PT_LF_SUB,_Z,Y,_T,Y_GE15,_Z,Q,6.766667,0,1,A
1980-Q1,USA,UNE_LF_M,PT_LF_SUB,_Z,Y,_T,Y_GE15,_Z,Q,6.3,0,1,A
1980-Q2,USA,UNE_LF_M,PT_LF_SUB,_Z,Y,_T,Y_GE15,_Z,Q,7.333333,0,1,A
1980-Q3,USA,UNE_LF_M,PT_LF_SUB,_Z,Y,_T,Y_GE15,_Z,Q,7.666667,0,1,A
1980-Q4,USA,UNE_LF_M,PT_LF_SUB,_Z,Y,_T,Y_GE15,_Z,Q,7.4,0,1,A
1981-Q1,USA,UNE_LF_M,PT_LF_SUB,_Z,Y,_T,Y_GE15,_Z,Q,7.433333,0,1,A
1981-Q2,USA,UNE_LF_M,PT_LF_SUB,_Z,Y,_T,Y_GE15,_Z,Q,7.4,0,1,A
1981-Q3,USA,UNE_LF_M,PT_LF_SUB,_Z,Y,_T,Y_GE15,_Z,Q,7.4,0,1,A
1981-Q4,USA,UNE_LF_M,PT_LF_SUB,_Z,Y,_T,Y_GE15,_Z,Q,8.233334,0,1,A
1982-Q1,USA,UNE_LF_M,PT_LF_SUB,_Z,Y,_T,Y_GE15,_Z,Q,8.833333,0,1,A
1982-Q2,USA,UNE_LF_M,PT_LF_SUB,_Z,Y,_T,Y_GE15,_Z,Q,9.433333,0,1,A
1982-Q3,USA,UNE_LF_M,PT_LF_SUB,_Z,Y,_T,Y_GE15,_Z,Q,9.9,0,1,A
1982-Q4,USA,UNE_LF_M,PT_LF_SUB,_Z,Y,_T,Y_GE15,_Z,Q,10.66667,0,1,A
1983-Q1,USA,UNE_LF_M,PT_LF_SUB,_Z,Y,_T,Y_GE15,_Z,Q,10.36667,0,1,A
1983-Q2,USA,UNE_LF_M,PT_LF_SUB,_Z,Y,_T,Y_GE15,_Z,Q,10.13333,0,1,A
1983-Q3,USA,UNE_LF_M,PT_LF_SUB,_Z,Y,_T,Y_GE15,_Z,Q,9.366667,0,1,A
1983-Q4,USA,UNE_LF_M,PT_LF_SUB,_Z,Y,_T,Y_GE15,_Z,Q,8.533334,0,1,A
1984-Q1,USA,UNE_LF_M,PT_LF_SUB,_Z,Y,_T,Y_GE15,_Z,Q,7.866667,0,1,A
1984-Q2,USA,UNE_LF_M,PT_LF_SUB,_Z,Y,_T,Y_GE15,_Z,Q,7.433333,0,1,A
1984-Q3,USA,UNE_LF_M,PT_LF_SUB,_Z,Y,_T,Y_GE15,_Z,Q,7.433333,0,1,A
1984-Q4,USA,UNE_LF_M,PT_LF_SUB,_Z,Y,_T,Y_GE15,_Z,Q,7.3,0,1,A
1985-Q1,USA,UNE_LF_M,PT_LF_SUB,_Z,Y,_T,Y_GE15,_Z,Q,7.233333,0,1,A
1985-Q2,USA,UNE_LF_M,PT_LF_SUB,_Z,Y,_T,Y_GE15,_Z,Q,7.3,0,1,A
1985-Q3,USA,UNE_LF_M,PT_LF_SUB,_Z,Y,_T,Y_GE15,_Z,Q,7.2,0,1,A
1985-Q4,USA,UNE_LF_M,PT_LF_SUB,_Z,Y,_T,Y_GE15,_Z,Q,7.033333,0,1,A
1986-Q1,USA,UNE_LF_M,PT_LF_SUB,_Z,Y,_T,Y_GE15,_Z,Q,7.033333,0,1,A
1986-Q2,USA,UNE_LF_M,PT_LF_SUB,_Z,Y,_T,Y_GE15,_Z,Q,7.166667,0,1,A
1986-Q3,USA,UNE_LF_M,PT_LF_SUB,_Z,Y,_T,Y_GE15,_Z,Q,6.966667,0,1,A
1986-Q4,USA,UNE_LF_M,PT_LF_SUB,_Z,Y,_T,Y_GE15,_Z,Q,6.833333,0,1,A
1987-Q1,USA,UNE_LF_M,PT_LF_SUB,_Z,Y,_T,Y_GE15,_Z,Q,6.6,0,1,A
1987-Q2,USA,UNE_LF_M,PT_LF_SUB,_Z,Y,_T,Y_GE15,_Z,Q,6.266667,0,1,A
1987-Q3,USA,UNE_LF_M,PT_LF_SUB,_Z,Y,_T,Y_GE15,_Z,Q,6,0,1,A
1987-Q4,USA,UNE_LF_M,PT_LF_SUB,_Z,Y,_T,Y_GE15,_Z,Q,5.833333,0,1,A
1988-Q1,USA,UNE_LF_M,PT_LF_SUB,_Z,Y,_T,Y_GE15,_Z,Q,5.7,0,1,A
1988-Q2,USA,UNE_LF_M,PT_LF_SUB,_Z,Y,_T,Y_GE15,_Z,Q,5.466667,0,1,A
1988-Q3,USA,UNE_LF_M,PT_LF_SUB,_Z,Y,_T,Y_GE15,_Z,Q,5.466667,0,1,A
1988-Q4,USA,UNE_LF_M,PT_LF_SUB,_Z,Y,_T,Y_GE15,_Z,Q,5.333333,0,1,A
1989-Q1,USA,UNE_LF_M,PT_LF_SUB,_Z,Y,_T,Y_GE15,_Z,Q,5.2,0,1,A
1989-Q2,USA,UNE_LF_M,PT_LF_SUB,_Z,Y,_T,Y_GE15,_Z,Q,5.233333,0,1,A
1989-Q3,USA,UNE_LF_M,PT_LF_SUB,_Z,Y,_T,Y_GE15,_Z,Q,5.233333,0,1,A
1989-Q4,USA,UNE_LF_M,PT_LF_SUB,_Z,Y,_T,Y_GE15,_Z,Q,5.366667,0,1,A
1990-Q1,USA,UNE_LF_M,PT_LF_SUB,_Z,Y,_T,Y_GE15,_Z,Q,5.3,0,1,A
1990-Q2,USA,UNE_LF_M,PT_LF_SUB,_Z,Y,_T,Y_GE15,_Z,Q,5.333333,0,1,A
1990-Q3,USA,UNE_LF_M,PT_LF_SUB,_Z,Y,_T,Y_GE15,_Z,Q,5.7,0,1,A
1990-Q4,USA,UNE_LF_M,PT_LF_SUB,_Z,Y,_T,Y_GE15,_Z,Q,6.133333,0,1,A
1991-Q1,USA,UNE_LF_M,PT_LF_SUB,_Z,Y,_T,Y_GE15,_Z,Q,6.6,0,1,A
1991-Q2,USA,UNE_LF_M,PT_LF_SUB,_Z,Y,_T,Y_GE15,_Z,Q,6.833333,0,1,A
1991-Q3,USA,UNE_LF_M,PT_LF_SUB,_Z,Y,_T,Y_GE15,_Z,Q,6.866667,0,1,A
1991-Q4,USA,UNE_LF_M,PT_LF_SUB,_Z,Y,_T,Y_GE15,_Z,Q,7.1,0,1,A
1992-Q1,USA,UNE_LF_M,PT_LF_SUB,_Z,Y,_T,Y_GE15,_Z,Q,7.366667,0,1,A
1992-Q2,USA,UNE_LF_M,PT_LF_SUB,_Z,Y,_T,Y_GE15,_Z,Q,7.6,0,1,A
1992-Q3,USA,UNE_LF_M,PT_LF_SUB,_Z,Y,_T,Y_GE15,_Z,Q,7.633333,0,1,A
1992-Q4,USA,UNE_LF_M,PT_LF_SUB,_Z,Y,_T,Y_GE15,_Z,Q,7.366667,0,1,A
1993-Q1,USA,UNE_LF_M,PT_LF_SUB,_Z,Y,_T,Y_GE15,_Z,Q,7.133333,0,1,A
1993-Q2,USA,UNE_LF_M,PT_LF_SUB,_Z,Y,_T,Y_GE15,_Z,Q,7.066667,0,1,A
1993-Q3,USA,UNE_LF_M,PT_LF_SUB,_Z,Y,_T,Y_GE15,_Z,Q,6.8,0,1,A
1993-Q4,USA,UNE_LF_M,PT_LF_SUB,_Z,Y,_T,Y_GE15,_Z,Q,6.633333,0,1,A
1994-Q1,USA,UNE_LF_M,PT_LF_SUB,_Z,Y,_T,Y_GE15,_Z,Q,6.566667,0,1,A
1994-Q2,USA,UNE_LF_M,PT_LF_SUB,_Z,Y,_T,Y_GE15,_Z,Q,6.2,0,1,A
1994-Q3,USA,UNE_LF_M,PT_LF_SUB,_Z,Y,_T,Y_GE15,_Z,Q,6,0,1,A
1994-Q4,USA,UNE_LF_M,PT_LF_SUB,_Z,Y,_T,Y_GE15,_Z,Q,5.633333,0,1,A
1995-Q1,USA,UNE_LF_M,PT_LF_SUB,_Z,Y,_T,Y_GE15,_Z,Q,5.466667,0,1,A
1995-Q2,USA,UNE_LF_M,PT_LF_SUB,_Z,Y,_T,Y_GE15,_Z,Q,5.666667,0,1,A
1995-Q3,USA,UNE_LF_M,PT_LF_SUB,_Z,Y,_T,Y_GE15,_Z,Q,5.666667,0,1,A
1995-Q4,USA,UNE_LF_M,PT_LF_SUB,_Z,Y,_T,Y_GE15,_Z,Q,5.566667,0,1,A
1996-Q1,USA,UNE_LF_M,PT_LF_SUB,_Z,Y,_T,Y_GE15,_Z,Q,5.533333,0,1,A
1996-Q2,USA,UNE_LF_M,PT_LF_SUB,_Z,Y,_T,Y_GE15,_Z,Q,5.5,0,1,A
1996-Q3,USA,UNE_LF_M,PT_LF_SUB,_Z,Y,_T,Y_GE15,_Z,Q,5.266667,0,1,A
1996-Q4,USA,UNE_LF_M,PT_LF_SUB,_Z,Y,_T,Y_GE15,_Z,Q,5.333333,0,1,A
1997-Q1,USA,UNE_LF_M,PT_LF_SUB,_Z,Y,_T,Y_GE15,_Z,Q,5.233333,0,1,A
1997-Q2,USA,UNE_LF_M,PT_LF_SUB,_Z,Y,_T,Y_GE15,_Z,Q,5,0,1,A
1997-Q3,USA,UNE_LF_M,PT_LF_SUB,_Z,Y,_T,Y_GE15,_Z,Q,4.866667,0,1,A
1997-Q4,USA,UNE_LF_M,PT_LF_SUB,_Z,Y,_T,Y_GE15,_Z,Q,4.666667,0,1,A
1998-Q1,USA,UNE_LF_M,PT_LF_SUB,_Z,Y,_T,Y_GE15,_Z,Q,4.633333,0,1,A
1998-Q2,USA,UNE_LF_M,PT_LF_SUB,_Z,Y,_T,Y_GE15,_Z,Q,4.4,0,1,A
1998-Q3,USA,UNE_LF_M,PT_LF_SUB,_Z,Y,_T,Y_GE15,_Z,Q,4.533333,0,1,A
1998-Q4,USA,UNE_LF_M,PT_LF_SUB,_Z,Y,_T,Y_GE15,_Z,Q,4.433333,0,1,A
1999-Q1,USA,UNE_LF_M,PT_LF_SUB,_Z,Y,_T,Y_GE15,_Z,Q,4.3,0,1,A
1999-Q2,USA,UNE_LF_M,PT_LF_SUB,_Z,Y,_T,Y_GE15,_Z,Q,4.266667,0,1,A
1999-Q3,USA,UNE_LF_M,PT_LF_SUB,_Z,Y,_T,Y_GE15,_Z,Q,4.233333,0,1,A
1999-Q4,USA,UNE_LF_M,PT_LF_SUB,_Z,Y,_T,Y_GE15,_Z,Q,4.066667,0,1,A
2000-Q1,USA,UNE_LF_M,PT_LF_SUB,_Z,Y,_T,Y_GE15,_Z,Q,4.033333,0,1,A
2000-Q2,USA,UNE_LF_M,PT_LF_SUB,_Z,Y,_T,Y_GE15,_Z,Q,3.933333,0,1,A
2000-Q3,USA,UNE_LF_M,PT_LF_SUB,_Z,Y,_T,Y_GE15,_Z,Q,4,0,1,A
2000-Q4,USA,UNE_LF_M,PT_LF_SUB,_Z,Y,_T,Y_GE15,_Z,Q,3.9,0,1,A
2001-Q1,USA,UNE_LF_M,PT_LF_SUB,_Z,Y,_T,Y_GE15,_Z,Q,4.233333,0,1,A
2001-Q2,USA,UNE_LF_M,PT_LF_SUB,_Z,Y,_T,Y_GE15,_Z,Q,4.4,0,1,A
2001-Q3,USA,UNE_LF_M,PT_LF_SUB,_Z,Y,_T,Y_GE15,_Z,Q,4.833333,0,1,A
2001-Q4,USA,UNE_LF_M,PT_LF_SUB,_Z,Y,_T,Y_GE15,_Z,Q,5.5,0,1,A
2002-Q1,USA,UNE_LF_M,PT_LF_SUB,_Z,Y,_T,Y_GE15,_Z,Q,5.7,0,1,A
2002-Q2,USA,UNE_LF_M,PT_LF_SUB,_Z,Y,_T,Y_GE15,_Z,Q,5.833333,0,1,A
2002-Q3,USA,UNE_LF_M,PT_LF_SUB,_Z,Y,_T,Y_GE15,_Z,Q,5.733333,0,1,A
2002-Q4,USA,UNE_LF_M,PT_LF_SUB,_Z,Y,_T,Y_GE15,_Z,Q,5.866667,0,1,A
2003-Q1,USA,UNE_LF_M,PT_LF_SUB,_Z,Y,_T,Y_GE15,_Z,Q,5.866667,0,1,A
2003-Q2,USA,UNE_LF_M,PT_LF_SUB,_Z,Y,_T,Y_GE15,_Z,Q,6.133333,0,1,A
2003-Q3,USA,UNE_LF_M,PT_LF_SUB,_Z,Y,_T,Y_GE15,_Z,Q,6.133333,0,1,A
2003-Q4,USA,UNE_LF_M,PT_LF_SUB,_Z,Y,_T,Y_GE15,_Z,Q,5.833333,0,1,A
2004-Q1,USA,UNE_LF_M,PT_LF_SUB,_Z,Y,_T,Y_GE15,_Z,Q,5.7,0,1,A
2004-Q2,USA,UNE_LF_M,PT_LF_SUB,_Z,Y,_T,Y_GE15,_Z,Q,5.6,0,1,A
2004-Q3,USA,UNE_LF_M,PT_LF_SUB,_Z,Y,_T,Y_GE15,_Z,Q,5.433333,0,1,A
2004-Q4,USA,UNE_LF_M,PT_LF_SUB,_Z,Y,_T,Y_GE15,_Z,Q,5.433333,0,1,A
2005-Q1,USA,UNE_LF_M,PT_LF_SUB,_Z,Y,_T,Y_GE15,_Z,Q,5.3,0,1,A
2005-Q2,USA,UNE_LF_M,PT_LF_SUB,_Z,Y,_T,Y_GE15,_Z,Q,5.1,0,1,A
2005-Q3,USA,UNE_LF_M,PT_LF_SUB,_Z,Y,_T,Y_GE15,_Z,Q,4.966667,0,1,A
2005-Q4,USA,UNE_LF_M,PT_LF_SUB,_Z,Y,_T,Y_GE15,_Z,Q,4.966667,0,1,A
2006-Q1,USA,UNE_LF_M,PT_LF_SUB,_Z,Y,_T,Y_GE15,_Z,Q,4.733333,0,1,A
2006-Q2,USA,UNE_LF_M,PT_LF_SUB,_Z,Y,_T,Y_GE15,_Z,Q,4.633333,0,1,A
2006-Q3,USA,UNE_LF_M,PT_LF_SUB,_Z,Y,_T,Y_GE15,_Z,Q,4.633333,0,1,A
2006-Q4,USA,UNE_LF_M,PT_LF_SUB,_Z,Y,_T,Y_GE15,_Z,Q,4.433333,0,1,A
2007-Q1,USA,UNE_LF_M,PT_LF_SUB,_Z,Y,_T,Y_GE15,_Z,Q,4.5,0,1,A
2007-Q2,USA,UNE_LF_M,PT_LF_SUB,_Z,Y,_T,Y_GE15,_Z,Q,4.5,0,1,A
2007-Q3,USA,UNE_LF_M,PT_LF_SUB,_Z,Y,_T,Y_GE15,_Z,Q,4.666667,0,1,A
2007-Q4,USA,UNE_LF_M,PT_LF_SUB,_Z,Y,_T,Y_GE15,_Z,Q,4.8,0,1,A
2008-Q1,USA,UNE_LF_M,PT_LF_SUB,_Z,Y,_T,Y_GE15,_Z,Q,5,0,1,A
2008-Q2,USA,UNE_LF_M,PT_LF_SUB,_Z,Y,_T,Y_GE15,_Z,Q,5.333333,0,1,A
2008-Q3,USA,UNE_LF_M,PT_LF_SUB,_Z,Y,_T,Y_GE15,_Z,Q,6,0,1,A
2008-Q4,USA,UNE_LF_M,PT_LF_SUB,_Z,Y,_T,Y_GE15,_Z,Q,6.866667,0,1,A
2009-Q1,USA,UNE_LF_M,PT_LF_SUB,_Z,Y,_T,Y_GE15,_Z,Q,8.266666,0,1,A
2009-Q2,USA,UNE_LF_M,PT_LF_SUB,_Z,Y,_T,Y_GE15,_Z,Q,9.3,0,1,A
2009-Q3,USA,UNE_LF_M,PT_LF_SUB,_Z,Y,_T,Y_GE15,_Z,Q,9.633333,0,1,A
2009-Q4,USA,UNE_LF_M,PT_LF_SUB,_Z,Y,_T,Y_GE15,_Z,Q,9.933333,0,1,A
2010-Q1,USA,UNE_LF_M,PT_LF_SUB,_Z,Y,_T,Y_GE15,_Z,Q,9.833333,0,1,A
2010-Q2,USA,UNE_LF_M,PT_LF_SUB,_Z,Y,_T,Y_GE15,_Z,Q,9.633333,0,1,A
2010-Q3,USA,UNE_LF_M,PT_LF_SUB,_Z,Y,_T,Y_GE15,_Z,Q,9.466666,0,1,A
2010-Q4,USA,UNE_LF_M,PT_LF_SUB,_Z,Y,_T,Y_GE15,_Z,Q,9.5,0,1,A
2011-Q1,USA,UNE_LF_M,PT_LF_SUB,_Z,Y,_T,Y_GE15,_Z,Q,9.033334,0,1,A
2011-Q2,USA,UNE_LF_M,PT_LF_SUB,_Z,Y,_T,Y_GE15,_Z,Q,9.066667,0,1,A
2011-Q3,USA,UNE_LF_M,PT_LF_SUB,_Z,Y,_T,Y_GE15,_Z,Q,9,0,1,A
2011-Q4,USA,UNE_LF_M,PT_LF_SUB,_Z,Y,_T,Y_GE15,_Z,Q,8.633333,0,1,A
2012-Q1,USA,UNE_LF_M,PT_LF_SUB,_Z,Y,_T,Y_GE15,_Z,Q,8.266666,0,1,A
2012-Q2,USA,UNE_LF_M,PT_LF_SUB,_Z,Y,_T,Y_GE15,_Z,Q,8.2,0,1,A
2012-Q3,USA,UNE_LF_M,PT_LF_SUB,_Z,Y,_T,Y_GE15,_Z,Q,8.033334,0,1,A
2012-Q4,USA,UNE_LF_M,PT_LF_SUB,_Z,Y,_T,Y_GE15,_Z,Q,7.8,0,1,A
2013-Q1,USA,UNE_LF_M,PT_LF_SUB,_Z,Y,_T,Y_GE15,_Z,Q,7.733333,0,1,A
2013-Q2,USA,UNE_LF_M,PT_LF_SUB,_Z,Y,_T,Y_GE15,_Z,Q,7.533333,0,1,A
2013-Q3,USA,UNE_LF_M,PT_LF_SUB,_Z,Y,_T,Y_GE15,_Z,Q,7.233333,0,1,A
2013-Q4,USA,UNE_LF_M,PT_LF_SUB,_Z,Y,_T,Y_GE15,_Z,Q,6.933333,0,1,A
2014-Q1,USA,UNE_LF_M,PT_LF_SUB,_Z,Y,_T,Y_GE15,_Z,Q,6.666667,0,1,A
2014-Q2,USA,UNE_LF_M,PT_LF_SUB,_Z,Y,_T,Y_GE15,_Z,Q,6.2,0,1,A
2014-Q3,USA,UNE_LF_M,PT_LF_SUB,_Z,Y,_T,Y_GE15,_Z,Q,6.066667,0,1,A
2014-Q4,USA,UNE_LF_M,PT_LF_SUB,_Z,Y,_T,Y_GE15,_Z,Q,5.7,0,1,A
2015-Q1,USA,UNE_LF_M,PT_LF_SUB,_Z,Y,_T,Y_GE15,_Z,Q,5.533333,0,1,A
2015-Q2,USA,UNE_LF_M,PT_LF_SUB,_Z,Y,_T,Y_GE15,_Z,Q,5.433333,0,1,A
2015-Q3,USA,UNE_LF_M,PT_LF_SUB,_Z,Y,_T,Y_GE15,_Z,Q,5.1,0,1,A
2015-Q4,USA,UNE_LF_M,PT_LF_SUB,_Z,Y,_T,Y_GE15,_Z,Q,5.033333,0,1,A
2016-Q1,USA,UNE_LF_M,PT_LF_SUB,_Z,Y,_T,Y_GE15,_Z,Q,4.9,0,1,A
2016-Q2,USA,UNE_LF_M,PT_LF_SUB,_Z,Y,_T,Y_GE15,_Z,Q,4.933333,0,1,A
2016-Q3,USA,UNE_LF_M,PT_LF_SUB,_Z,Y,_T,Y_GE15,_Z,Q,4.9,0,1,A
2016-Q4,USA,UNE_LF_M,PT_LF_SUB,_Z,Y,_T,Y_GE15,_Z,Q,4.766667,0,1,A
2017-Q1,USA,UNE_LF_M,PT_LF_SUB,_Z,Y,_T,Y_GE15,_Z,Q,4.566667,0,1,A
2017-Q2,USA,UNE_LF_M,PT_LF_SUB,_Z,Y,_T,Y_GE15,_Z,Q,4.366667,0,1,A
2017-Q3,USA,UNE_LF_M,PT_LF_SUB,_Z,Y,_T,Y_GE15,_Z,Q,4.333333,0,1,A
2017-Q4,USA,UNE_LF_M,PT_LF_SUB,_Z,Y,_T,Y_GE15,_Z,Q,4.166667,0,1,A
2018-Q1,USA,UNE_LF_M,PT_LF_SUB,_Z,Y,_T,Y_GE15,_Z,Q,4.033333,0,1,A
2018-Q2,USA,UNE_LF_M,PT_LF_SUB,_Z,Y,_T,Y_GE15,_Z,Q,3.933333,0,1,A
2018-Q3,USA,UNE_LF_M,PT_LF_SUB,_Z,Y,_T,Y_GE15,_Z,Q,3.766667,0,1,A
2018-Q4,USA,UNE_LF_M,PT_LF_SUB,_Z,Y,_T,Y_GE15,_Z,Q,3.833333,0,1,A
2019-Q1,USA,UNE_LF_M,PT_LF_SUB,_Z,Y,_T,Y_GE15,_Z,Q,3.866667,0,1,A
2019-Q2,USA,UNE_LF_M,PT_LF_SUB,_Z,Y,_T,Y_GE15,_Z,Q,3.633333,0,1,A
2019-Q3,USA,UNE_LF_M,PT_LF_SUB,_Z,Y,_T,Y_GE15,_Z,Q,3.6,0,1,A
2019-Q4,USA,UNE_LF_M,PT_LF_SUB,_Z,Y,_T,Y_GE15,_Z,Q,3.6,0,1,A
2020-Q1,USA,UNE_LF_M,PT_LF_SUB,_Z,Y,_T,Y_GE15,_Z,Q,3.833333,0,1,A
2020-Q2,USA,UNE_LF_M,PT_LF_SUB,_Z,Y,_T,Y_GE15,_Z,Q,13,0,1,A
2020-Q3,USA,UNE_LF_M,PT_LF_SUB,_Z,Y,_T,Y_GE15,_Z,Q,8.8,0,1,A
2020-Q4,USA,UNE_LF_M,PT_LF_SUB,_Z,Y,_T,Y_GE15,_Z,Q,6.766667,0,1,A
2021-Q1,USA,UNE_LF_M,PT_LF_SUB,_Z,Y,_T,Y_GE15,_Z,Q,6.233333,0,1,A
2021-Q2,USA,UNE_LF_M,PT_LF_SUB,_Z,Y,_T,Y_GE15,_Z,Q,5.933333,0,1,A
2021-Q3,USA,UNE_LF_M,PT_LF_SUB,_Z,Y,_T,Y_GE15,_Z,Q,5.066667,0,1,A
2021-Q4,USA,UNE_LF_M,PT_LF_SUB,_Z,Y,_T,Y_GE15,_Z,Q,4.166667,0,1,A
2022-Q1,USA,UNE_LF_M,PT_LF_SUB,_Z,Y,_T,Y_GE15,_Z,Q,3.866667,0,1,A
2022-Q2,USA,UNE_LF_M,PT_LF_SUB,_Z,Y,_T,Y_GE15,_Z,Q,3.633333,0,1,A
2022-Q3,USA,UNE_LF_M,PT_LF_SUB,_Z,Y,_T,Y_GE15,_Z,Q,3.533333,0,1,A
2022-Q4,USA,UNE_LF_M,PT_LF_SUB,_Z,Y,_T,Y_GE15,_Z,Q,3.566667,0,1,A
2023-Q1,USA,UNE_LF_M,PT_LF_SUB,_Z,Y,_T,Y_GE15,_Z,Q,3.533333,0,1,A
2023-Q2,USA,UNE_LF_M,PT_LF_SUB,_Z,Y,_T,Y_GE15,_Z,Q,3.533333,0,1,A
2023-Q3,USA,UNE_LF_M,PT_LF_SUB,_Z,Y,_T,Y_GE15,_Z,Q,3.633333,0,1,A
2023-Q4,USA,UNE_LF_M,PT_LF_SUB,_Z,Y,_T,Y_GE15,_Z,Q,3.8,0,1,A
2024-Q1,USA,UNE_LF_M,PT_LF_SUB,_Z,Y,_T,Y_GE15,_Z,Q,3.833333,0,1,A
2024-Q2,USA,UNE_LF_M,PT_LF_SUB,_Z,Y,_T,Y_GE15,_Z,Q,3.966667,0,1,A
2024-Q3,USA,UNE_LF_M,PT_LF_SUB,_Z,Y,_T,Y_GE15,_Z,Q,4.166667,0,1,A
2024-Q4,USA,UNE_LF_M,PT_LF_SUB,_Z,Y,_T,Y_GE15,_Z,Q,4.133333,0,1,A
2025-Q1,USA,UNE_LF_M,PT_LF_SUB,_Z,Y,_T,Y_GE15,_Z,Q,4.133333,0,1,A
2025-Q2,USA,UNE_LF_M,PT_LF_SUB,_Z,Y,_T,Y_GE15,_Z,Q,4.2,0,1,A
2025-Q3,USA,UNE_LF_M,PT_LF_SUB,_Z,Y,_T,Y_GE15,_Z,Q,4.333333,0,1,A
1980-Q1,AUS,UNE_LF_M,PT_LF_SUB,_Z,Y,_T,Y_GE15,_Z,Q,6.026955,0,1,A
1980-Q2,AUS,UNE_LF_M,PT_LF_SUB,_Z,Y,_T,Y_GE15,_Z,Q,6.227957,0,1,A
1980-Q3,AUS,UNE_LF_M,PT_LF_SUB,_Z,Y,_T,Y_GE15,_Z,Q,6.130747,0,1,A
1980-Q4,AUS,UNE_LF_M,PT_LF_SUB,_Z,Y,_T,Y_GE15,_Z,Q,5.985445,0,1,A
1981-Q1,AUS,UNE_LF_M,PT_LF_SUB,_Z,Y,_T,Y_GE15,_Z,Q,5.759509,0,1,A
1981-Q2,AUS,UNE_LF_M,PT_LF_SUB,_Z,Y,_T,Y_GE15,_Z,Q,5.506045,0,1,A
1981-Q3,AUS,UNE_LF_M,PT_LF_SUB,_Z,Y,_T,Y_GE15,_Z,Q,5.827481,0,1,A
1981-Q4,AUS,UNE_LF_M,PT_LF_SUB,_Z,Y,_T,Y_GE15,_Z,Q,5.964769,0,1,A
1982-Q1,AUS,UNE_LF_M,PT_LF_SUB,_Z,Y,_T,Y_GE15,_Z,Q,6.204517,0,1,A
1982-Q2,AUS,UNE_LF_M,PT_LF_SUB,_Z,Y,_T,Y_GE15,_Z,Q,6.564406,0,1,A
1982-Q3,AUS,UNE_LF_M,PT_LF_SUB,_Z,Y,_T,Y_GE15,_Z,Q,7.106644,0,1,A
1982-Q4,AUS,UNE_LF_M,PT_LF_SUB,_Z,Y,_T,Y_GE15,_Z,Q,8.791986,0,1,A
1983-Q1,AUS,UNE_LF_M,PT_LF_SUB,_Z,Y,_T,Y_GE15,_Z,Q,9.636578,0,1,A
1983-Q2,AUS,UNE_LF_M,PT_LF_SUB,_Z,Y,_T,Y_GE15,_Z,Q,10.2267,0,1,A
1983-Q3,AUS,UNE_LF_M,PT_LF_SUB,_Z,Y,_T,Y_GE15,_Z,Q,10.3593,0,1,A
1983-Q4,AUS,UNE_LF_M,PT_LF_SUB,_Z,Y,_T,Y_GE15,_Z,Q,9.706374,0,1,A
1984-Q1,AUS,UNE_LF_M,PT_LF_SUB,_Z,Y,_T,Y_GE15,_Z,Q,9.364009,0,1,A
1984-Q2,AUS,UNE_LF_M,PT_LF_SUB,_Z,Y,_T,Y_GE15,_Z,Q,9.134617,0,1,A
1984-Q3,AUS,UNE_LF_M,PT_LF_SUB,_Z,Y,_T,Y_GE15,_Z,Q,8.827164,0,1,A
1984-Q4,AUS,UNE_LF_M,PT_LF_SUB,_Z,Y,_T,Y_GE15,_Z,Q,8.631227,0,1,A
1985-Q1,AUS,UNE_LF_M,PT_LF_SUB,_Z,Y,_T,Y_GE15,_Z,Q,8.534487,0,1,A
1985-Q2,AUS,UNE_LF_M,PT_LF_SUB,_Z,Y,_T,Y_GE15,_Z,Q,8.450035,0,1,A
1985-Q3,AUS,UNE_LF_M,PT_LF_SUB,_Z,Y,_T,Y_GE15,_Z,Q,8.173373,0,1,A
1985-Q4,AUS,UNE_LF_M,PT_LF_SUB,_Z,Y,_T,Y_GE15,_Z,Q,7.861071,0,1,A
1986-Q1,AUS,UNE_LF_M,PT_LF_SUB,_Z,Y,_T,Y_GE15,_Z,Q,7.910993,0,1,A
1986-Q2,AUS,UNE_LF_M,PT_LF_SUB,_Z,Y,_T,Y_GE15,_Z,Q,7.800397,0,1,A
1986-Q3,AUS,UNE_LF_M,PT_LF_SUB,_Z,Y,_T,Y_GE15,_Z,Q,8.227582,0,1,A
1986-Q4,AUS,UNE_LF_M,PT_LF_SUB,_Z,Y,_T,Y_GE15,_Z,Q,8.330544,0,1,A
1987-Q1,AUS,UNE_LF_M,PT_LF_SUB,_Z,Y,_T,Y_GE15,_Z,Q,8.276784,0,1,A
1987-Q2,AUS,UNE_LF_M,PT_LF_SUB,_Z,Y,_T,Y_GE15,_Z,Q,8.17028,0,1,A
1987-Q3,AUS,UNE_LF_M,PT_LF_SUB,_Z,Y,_T,Y_GE15,_Z,Q,7.977634,0,1,A
1987-Q4,AUS,UNE_LF_M,PT_LF_SUB,_Z,Y,_T,Y_GE15,_Z,Q,7.914798,0,1,A
1988-Q1,AUS,UNE_LF_M,PT_LF_SUB,_Z,Y,_T,Y_GE15,_Z,Q,7.516432,0,1,A
1988-Q2,AUS,UNE_LF_M,PT_LF_SUB,_Z,Y,_T,Y_GE15,_Z,Q,7.648996,0,1,A
1988-Q3,AUS,UNE_LF_M,PT_LF_SUB,_Z,Y,_T,Y_GE15,_Z,Q,6.919063,0,1,A
1988-Q4,AUS,UNE_LF_M,PT_LF_SUB,_Z,Y,_T,Y_GE15,_Z,Q,6.754144,0,1,A
1989-Q1,AUS,UNE_LF_M,PT_LF_SUB,_Z,Y,_T,Y_GE15,_Z,Q,6.595856,0,1,A
1989-Q2,AUS,UNE_LF_M,PT_LF_SUB,_Z,Y,_T,Y_GE15,_Z,Q,6.163742,0,1,A
1989-Q3,AUS,UNE_LF_M,PT_LF_SUB,_Z,Y,_T,Y_GE15,_Z,Q,6.005332,0,1,A
1989-Q4,AUS,UNE_LF_M,PT_LF_SUB,_Z,Y,_T,Y_GE15,_Z,Q,5.8528,0,1,A
1990-Q1,AUS,UNE_LF_M,PT_LF_SUB,_Z,Y,_T,Y_GE15,_Z,Q,6.230413,0,1,A
1990-Q2,AUS,UNE_LF_M,PT_LF_SUB,_Z,Y,_T,Y_GE15,_Z,Q,6.46395,0,1,A
1990-Q3,AUS,UNE_LF_M,PT_LF_SUB,_Z,Y,_T,Y_GE15,_Z,Q,7.227119,0,1,A
1990-Q4,AUS,UNE_LF_M,PT_LF_SUB,_Z,Y,_T,Y_GE15,_Z,Q,7.867484,0,1,A
1991-Q1,AUS,UNE_LF_M,PT_LF_SUB,_Z,Y,_T,Y_GE15,_Z,Q,8.732457,0,1,A
1991-Q2,AUS,UNE_LF_M,PT_LF_SUB,_Z,Y,_T,Y_GE15,_Z,Q,9.639911,0,1,A
1991-Q3,AUS,UNE_LF_M,PT_LF_SUB,_Z,Y,_T,Y_GE15,_Z,Q,9.833128,0,1,A
1991-Q4,AUS,UNE_LF_M,PT_LF_SUB,_Z,Y,_T,Y_GE15,_Z,Q,10.22011,0,1,A
1992-Q1,AUS,UNE_LF_M,PT_LF_SUB,_Z,Y,_T,Y_GE15,_Z,Q,10.4164,0,1,A
1992-Q2,AUS,UNE_LF_M,PT_LF_SUB,_Z,Y,_T,Y_GE15,_Z,Q,10.63382,0,1,A
1992-Q3,AUS,UNE_LF_M,PT_LF_SUB,_Z,Y,_T,Y_GE15,_Z,Q,10.82562,0,1,A
1992-Q4,AUS,UNE_LF_M,PT_LF_SUB,_Z,Y,_T,Y_GE15,_Z,Q,11.14903,0,1,A
1993-Q1,AUS,UNE_LF_M,PT_LF_SUB,_Z,Y,_T,Y_GE15,_Z,Q,10.90237,0,1,A
1993-Q2,AUS,UNE_LF_M,PT_LF_SUB,_Z,Y,_T,Y_GE15,_Z,Q,10.84854,0,1,A
1993-Q3,AUS,UNE_LF_M,PT_LF_SUB,_Z,Y,_T,Y_GE15,_Z,Q,10.89028,0,1,A
1993-Q4,AUS,UNE_LF_M,PT_LF_SUB,_Z,Y,_T,Y_GE15,_Z,Q,10.88835,0,1,A
1994-Q1,AUS,UNE_LF_M,PT_LF_SUB,_Z,Y,_T,Y_GE15,_Z,Q,10.44068,0,1,A
1994-Q2,AUS,UNE_LF_M,PT_LF_SUB,_Z,Y,_T,Y_GE15,_Z,Q,9.883051,0,1,A
1994-Q3,AUS,UNE_LF_M,PT_LF_SUB,_Z,Y,_T,Y_GE15,_Z,Q,9.477111,0,1,A
1994-Q4,AUS,UNE_LF_M,PT_LF_SUB,_Z,Y,_T,Y_GE15,_Z,Q,9.057357,0,1,A
1995-Q1,AUS,UNE_LF_M,PT_LF_SUB,_Z,Y,_T,Y_GE15,_Z,Q,8.766053,0,1,A
1995-Q2,AUS,UNE_LF_M,PT_LF_SUB,_Z,Y,_T,Y_GE15,_Z,Q,8.365025,0,1,A
1995-Q3,AUS,UNE_LF_M,PT_LF_SUB,_Z,Y,_T,Y_GE15,_Z,Q,8.370067,0,1,A
1995-Q4,AUS,UNE_LF_M,PT_LF_SUB,_Z,Y,_T,Y_GE15,_Z,Q,8.390706,0,1,A
1996-Q1,AUS,UNE_LF_M,PT_LF_SUB,_Z,Y,_T,Y_GE15,_Z,Q,8.401044,0,1,A
1996-Q2,AUS,UNE_LF_M,PT_LF_SUB,_Z,Y,_T,Y_GE15,_Z,Q,8.41576,0,1,A
1996-Q3,AUS,UNE_LF_M,PT_LF_SUB,_Z,Y,_T,Y_GE15,_Z,Q,8.622186,0,1,A
1996-Q4,AUS,UNE_LF_M,PT_LF_SUB,_Z,Y,_T,Y_GE15,_Z,Q,8.620443,0,1,A
1997-Q1,AUS,UNE_LF_M,PT_LF_SUB,_Z,Y,_T,Y_GE15,_Z,Q,8.620418,0,1,A
1997-Q2,AUS,UNE_LF_M,PT_LF_SUB,_Z,Y,_T,Y_GE15,_Z,Q,8.482398,0,1,A
1997-Q3,AUS,UNE_LF_M,PT_LF_SUB,_Z,Y,_T,Y_GE15,_Z,Q,8.374129,0,1,A
1997-Q4,AUS,UNE_LF_M,PT_LF_SUB,_Z,Y,_T,Y_GE15,_Z,Q,7.977034,0,1,A
1998-Q1,AUS,UNE_LF_M,PT_LF_SUB,_Z,Y,_T,Y_GE15,_Z,Q,7.840446,0,1,A
1998-Q2,AUS,UNE_LF_M,PT_LF_SUB,_Z,Y,_T,Y_GE15,_Z,Q,7.733713,0,1,A
1998-Q3,AUS,UNE_LF_M,PT_LF_SUB,_Z,Y,_T,Y_GE15,_Z,Q,7.78796,0,1,A
1998-Q4,AUS,UNE_LF_M,PT_LF_SUB,_Z,Y,_T,Y_GE15,_Z,Q,7.374622,0,1,A
1999-Q1,AUS,UNE_LF_M,PT_LF_SUB,_Z,Y,_T,Y_GE15,_Z,Q,7.082394,0,1,A
1999-Q2,AUS,UNE_LF_M,PT_LF_SUB,_Z,Y,_T,Y_GE15,_Z,Q,6.885965,0,1,A
1999-Q3,AUS,UNE_LF_M,PT_LF_SUB,_Z,Y,_T,Y_GE15,_Z,Q,6.874171,0,1,A
1999-Q4,AUS,UNE_LF_M,PT_LF_SUB,_Z,Y,_T,Y_GE15,_Z,Q,6.633763,0,1,A
2000-Q1,AUS,UNE_LF_M,PT_LF_SUB,_Z,Y,_T,Y_GE15,_Z,Q,6.650785,0,1,A
2000-Q2,AUS,UNE_LF_M,PT_LF_SUB,_Z,Y,_T,Y_GE15,_Z,Q,6.301917,0,1,A
2000-Q3,AUS,UNE_LF_M,PT_LF_SUB,_Z,Y,_T,Y_GE15,_Z,Q,5.989552,0,1,A
2000-Q4,AUS,UNE_LF_M,PT_LF_SUB,_Z,Y,_T,Y_GE15,_Z,Q,6.171933,0,1,A
2001-Q1,AUS,UNE_LF_M,PT_LF_SUB,_Z,Y,_T,Y_GE15,_Z,Q,6.367034,0,1,A
2001-Q2,AUS,UNE_LF_M,PT_LF_SUB,_Z,Y,_T,Y_GE15,_Z,Q,6.869359,0,1,A
2001-Q3,AUS,UNE_LF_M,PT_LF_SUB,_Z,Y,_T,Y_GE15,_Z,Q,6.867587,0,1,A
2001-Q4,AUS,UNE_LF_M,PT_LF_SUB,_Z,Y,_T,Y_GE15,_Z,Q,6.979342,0,1,A
2002-Q1,AUS,UNE_LF_M,PT_LF_SUB,_Z,Y,_T,Y_GE15,_Z,Q,6.626594,0,1,A
2002-Q2,AUS,UNE_LF_M,PT_LF_SUB,_Z,Y,_T,Y_GE15,_Z,Q,6.404552,0,1,A
2002-Q3,AUS,UNE_LF_M,PT_LF_SUB,_Z,Y,_T,Y_GE15,_Z,Q,6.280307,0,1,A
2002-Q4,AUS,UNE_LF_M,PT_LF_SUB,_Z,Y,_T,Y_GE15,_Z,Q,6.157708,0,1,A
2003-Q1,AUS,UNE_LF_M,PT_LF_SUB,_Z,Y,_T,Y_GE15,_Z,Q,6.05568,0,1,A
2003-Q2,AUS,UNE_LF_M,PT_LF_SUB,_Z,Y,_T,Y_GE15,_Z,Q,6.051046,0,1,A
2003-Q3,AUS,UNE_LF_M,PT_LF_SUB,_Z,Y,_T,Y_GE15,_Z,Q,5.907041,0,1,A
2003-Q4,AUS,UNE_LF_M,PT_LF_SUB,_Z,Y,_T,Y_GE15,_Z,Q,5.708868,0,1,A
2004-Q1,AUS,UNE_LF_M,PT_LF_SUB,_Z,Y,_T,Y_GE15,_Z,Q,5.53705,0,1,A
2004-Q2,AUS,UNE_LF_M,PT_LF_SUB,_Z,Y,_T,Y_GE15,_Z,Q,5.435668,0,1,A
2004-Q3,AUS,UNE_LF_M,PT_LF_SUB,_Z,Y,_T,Y_GE15,_Z,Q,5.479395,0,1,A
2004-Q4,AUS,UNE_LF_M,PT_LF_SUB,_Z,Y,_T,Y_GE15,_Z,Q,5.117486,0,1,A
2005-Q1,AUS,UNE_LF_M,PT_LF_SUB,_Z,Y,_T,Y_GE15,_Z,Q,5.106933,0,1,A
2005-Q2,AUS,UNE_LF_M,PT_LF_SUB,_Z,Y,_T,Y_GE15,_Z,Q,5.057058,0,1,A
2005-Q3,AUS,UNE_LF_M,PT_LF_SUB,_Z,Y,_T,Y_GE15,_Z,Q,4.958516,0,1,A
2005-Q4,AUS,UNE_LF_M,PT_LF_SUB,_Z,Y,_T,Y_GE15,_Z,Q,5.007882,0,1,A
2006-Q1,AUS,UNE_LF_M,PT_LF_SUB,_Z,Y,_T,Y_GE15,_Z,Q,5.044614,0,1,A
2006-Q2,AUS,UNE_LF_M,PT_LF_SUB,_Z,Y,_T,Y_GE15,_Z,Q,4.857236,0,1,A
2006-Q3,AUS,UNE_LF_M,PT_LF_SUB,_Z,Y,_T,Y_GE15,_Z,Q,4.678317,0,1,A
2006-Q4,AUS,UNE_LF_M,PT_LF_SUB,_Z,Y,_T,Y_GE15,_Z,Q,4.515441,0,1,A
2007-Q1,AUS,UNE_LF_M,PT_LF_SUB,_Z,Y,_T,Y_GE15,_Z,Q,4.549736,0,1,A
2007-Q2,AUS,UNE_LF_M,PT_LF_SUB,_Z,Y,_T,Y_GE15,_Z,Q,4.324808,0,1,A
2007-Q3,AUS,UNE_LF_M,PT_LF_SUB,_Z,Y,_T,Y_GE15,_Z,Q,4.255228,0,1,A
2007-Q4,AUS,UNE_LF_M,PT_LF_SUB,_Z,Y,_T,Y_GE15,_Z,Q,4.353801,0,1,A
2008-Q1,AUS,UNE_LF_M,PT_LF_SUB,_Z,Y,_T,Y_GE15,_Z,Q,4.085513,0,1,A
2008-Q2,AUS,UNE_LF_M,PT_LF_SUB,_Z,Y,_T,Y_GE15,_Z,Q,4.258439,0,1,A
2008-Q3,AUS,UNE_LF_M,PT_LF_SUB,_Z,Y,_T,Y_GE15,_Z,Q,4.185018,0,1,A
2008-Q4,AUS,UNE_LF_M,PT_LF_SUB,_Z,Y,_T,Y_GE15,_Z,Q,4.441026,0,1,A
2009-Q1,AUS,UNE_LF_M,PT_LF_SUB,_Z,Y,_T,Y_GE15,_Z,Q,5.307112,0,1,A
2009-Q2,AUS,UNE_LF_M,PT_LF_SUB,_Z,Y,_T,Y_GE15,_Z,Q,5.728864,0,1,A
2009-Q3,AUS,UNE_LF_M,PT_LF_SUB,_Z,Y,_T,Y_GE15,_Z,Q,5.683265,0,1,A
2009-Q4,AUS,UNE_LF_M,PT_LF_SUB,_Z,Y,_T,Y_GE15,_Z,Q,5.557824,0,1,A
2010-Q1,AUS,UNE_LF_M,PT_LF_SUB,_Z,Y,_T,Y_GE15,_Z,Q,5.328919,0,1,A
2010-Q2,AUS,UNE_LF_M,PT_LF_SUB,_Z,Y,_T,Y_GE15,_Z,Q,5.29081,0,1,A
2010-Q3,AUS,UNE_LF_M,PT_LF_SUB,_Z,Y,_T,Y_GE15,_Z,Q,5.125006,0,1,A
2010-Q4,AUS,UNE_LF_M,PT_LF_SUB,_Z,Y,_T,Y_GE15,_Z,Q,5.090267,0,1,A
2011-Q1,AUS,UNE_LF_M,PT_LF_SUB,_Z,Y,_T,Y_GE15,_Z,Q,4.967395,0,1,A
2011-Q2,AUS,UNE_LF_M,PT_LF_SUB,_Z,Y,_T,Y_GE15,_Z,Q,4.963125,0,1,A
2011-Q3,AUS,UNE_LF_M,PT_LF_SUB,_Z,Y,_T,Y_GE15,_Z,Q,5.195019,0,1,A
2011-Q4,AUS,UNE_LF_M,PT_LF_SUB,_Z,Y,_T,Y_GE15,_Z,Q,5.205166,0,1,A
2012-Q1,AUS,UNE_LF_M,PT_LF_SUB,_Z,Y,_T,Y_GE15,_Z,Q,5.141293,0,1,A
2012-Q2,AUS,UNE_LF_M,PT_LF_SUB,_Z,Y,_T,Y_GE15,_Z,Q,5.119216,0,1,A
2012-Q3,AUS,UNE_LF_M,PT_LF_SUB,_Z,Y,_T,Y_GE15,_Z,Q,5.276023,0,1,A
2012-Q4,AUS,UNE_LF_M,PT_LF_SUB,_Z,Y,_T,Y_GE15,_Z,Q,5.366411,0,1,A
2013-Q1,AUS,UNE_LF_M,PT_LF_SUB,_Z,Y,_T,Y_GE15,_Z,Q,5.47562,0,1,A
2013-Q2,AUS,UNE_LF_M,PT_LF_SUB,_Z,Y,_T,Y_GE15,_Z,Q,5.631261,0,1,A
2013-Q3,AUS,UNE_LF_M,PT_LF_SUB,_Z,Y,_T,Y_GE15,_Z,Q,5.728793,0,1,A
2013-Q4,AUS,UNE_LF_M,PT_LF_SUB,_Z,Y,_T,Y_GE15,_Z,Q,5.839808,0,1,A
2014-Q1,AUS,UNE_LF_M,PT_LF_SUB,_Z,Y,_T,Y_GE15,_Z,Q,5.898625,0,1,A
2014-Q2,AUS,UNE_LF_M,PT_LF_SUB,_Z,Y,_T,Y_GE15,_Z,Q,5.927708,0,1,A
2014-Q3,AUS,UNE_LF_M,PT_LF_SUB,_Z,Y,_T,Y_GE15,_Z,Q,6.169964,0,1,A
2014-Q4,AUS,UNE_LF_M,PT_LF_SUB,_Z,Y,_T,Y_GE15,_Z,Q,6.252945,0,1,A
2015-Q1,AUS,UNE_LF_M,PT_LF_SUB,_Z,Y,_T,Y_GE15,_Z,Q,6.203028,0,1,A
2015-Q2,AUS,UNE_LF_M,PT_LF_SUB,_Z,Y,_T,Y_GE15,_Z,Q,6.017226,0,1,A
2015-Q3,AUS,UNE_LF_M,PT_LF_SUB,_Z,Y,_T,Y_GE15,_Z,Q,6.179286,0,1,A
2015-Q4,AUS,UNE_LF_M,PT_LF_SUB,_Z,Y,_T,Y_GE15,_Z,Q,5.833956,0,1,A
2016-Q1,AUS,UNE_LF_M,PT_LF_SUB,_Z,Y,_T,Y_GE15,_Z,Q,5.796726,0,1,A
2016-Q2,AUS,UNE_LF_M,PT_LF_SUB,_Z,Y,_T,Y_GE15,_Z,Q,5.687782,0,1,A
2016-Q3,AUS,UNE_LF_M,PT_LF_SUB,_Z,Y,_T,Y_GE15,_Z,Q,5.658514,0,1,A
2016-Q4,AUS,UNE_LF_M,PT_LF_SUB,_Z,Y,_T,Y_GE15,_Z,Q,5.73239,0,1,A
2017-Q1,AUS,UNE_LF_M,PT_LF_SUB,_Z,Y,_T,Y_GE15,_Z,Q,5.808601,0,1,A
2017-Q2,AUS,UNE_LF_M,PT_LF_SUB,_Z,Y,_T,Y_GE15,_Z,Q,5.593625,0,1,A
2017-Q3,AUS,UNE_LF_M,PT_LF_SUB,_Z,Y,_T,Y_GE15,_Z,Q,5.533917,0,1,A
2017-Q4,AUS,UNE_LF_M,PT_LF_SUB,_Z,Y,_T,Y_GE15,_Z,Q,5.489598,0,1,A
2018-Q1,AUS,UNE_LF_M,PT_LF_SUB,_Z,Y,_T,Y_GE15,_Z,Q,5.546692,0,1,A
2018-Q2,AUS,UNE_LF_M,PT_LF_SUB,_Z,Y,_T,Y_GE15,_Z,Q,5.441809,0,1,A
2018-Q3,AUS,UNE_LF_M,PT_LF_SUB,_Z,Y,_T,Y_GE15,_Z,Q,5.187344,0,1,A
2018-Q4,AUS,UNE_LF_M,PT_LF_SUB,_Z,Y,_T,Y_GE15,_Z,Q,5.03999,0,1,A
2019-Q1,AUS,UNE_LF_M,PT_LF_SUB,_Z,Y,_T,Y_GE15,_Z,Q,5.043694,0,1,A
2019-Q2,AUS,UNE_LF_M,PT_LF_SUB,_Z,Y,_T,Y_GE15,_Z,Q,5.226764,0,1,A
2019-Q3,AUS,UNE_LF_M,PT_LF_SUB,_Z,Y,_T,Y_GE15,_Z,Q,5.255438,0,1,A
2019-Q4,AUS,UNE_LF_M,PT_LF_SUB,_Z,Y,_T,Y_GE15,_Z,Q,5.167047,0,1,A
2020-Q1,AUS,UNE_LF_M,PT_LF_SUB,_Z,Y,_T,Y_GE15,_Z,Q,5.186349,0,1,A
2020-Q2,AUS,UNE_LF_M,PT_LF_SUB,_Z,Y,_T,Y_GE15,_Z,Q,6.907994,0,1,A
2020-Q3,AUS,UNE_LF_M,PT_LF_SUB,_Z,Y,_T,Y_GE15,_Z,Q,7.055425,0,1,A
2020-Q4,AUS,UNE_LF_M,PT_LF_SUB,_Z,Y,_T,Y_GE15,_Z,Q,6.76387,0,1,A
2021-Q1,AUS,UNE_LF_M,PT_LF_SUB,_Z,Y,_T,Y_GE15,_Z,Q,5.932698,0,1,A
2021-Q2,AUS,UNE_LF_M,PT_LF_SUB,_Z,Y,_T,Y_GE15,_Z,Q,5.205666,0,1,A
2021-Q3,AUS,UNE_LF_M,PT_LF_SUB,_Z,Y,_T,Y_GE15,_Z,Q,4.670074,0,1,A
2021-Q4,AUS,UNE_LF_M,PT_LF_SUB,_Z,Y,_T,Y_GE15,_Z,Q,4.68519,0,1,A
2022-Q1,AUS,UNE_LF_M,PT_LF_SUB,_Z,Y,_T,Y_GE15,_Z,Q,4.06007,0,1,A
2022-Q2,AUS,UNE_LF_M,PT_LF_SUB,_Z,Y,_T,Y_GE15,_Z,Q,3.804919,0,1,A
2022-Q3,AUS,UNE_LF_M,PT_LF_SUB,_Z,Y,_T,Y_GE15,_Z,Q,3.528146,0,1,A
2022-Q4,AUS,UNE_LF_M,PT_LF_SUB,_Z,Y,_T,Y_GE15,_Z,Q,3.485258,0,1,A
2023-Q1,AUS,UNE_LF_M,PT_LF_SUB,_Z,Y,_T,Y_GE15,_Z,Q,3.621653,0,1,A
2023-Q2,AUS,UNE_LF_M,PT_LF_SUB,_Z,Y,_T,Y_GE15,_Z,Q,3.611138,0,1,A
2023-Q3,AUS,UNE_LF_M,PT_LF_SUB,_Z,Y,_T,Y_GE15,_Z,Q,3.655368,0,1,A
2023-Q4,AUS,UNE_LF_M,PT_LF_SUB,_Z,Y,_T,Y_GE15,_Z,Q,3.888982,0,1,A
2024-Q1,AUS,UNE_LF_M,PT_LF_SUB,_Z,Y,_T,Y_GE15,_Z,Q,3.908303,0,1,A
2024-Q2,AUS,UNE_LF_M,PT_LF_SUB,_Z,Y,_T,Y_GE15,_Z,Q,4.050828,0,1,A
2024-Q3,AUS,UNE_LF_M,PT_LF_SUB,_Z,Y,_T,Y_GE15,_Z,Q,4.1185600000000004,0,1,A
2024-Q4,AUS,UNE_LF_M,PT_LF_SUB,_Z,Y,_T,Y_GE15,_Z,Q,3.994711,0,1,A
2025-Q1,AUS,UNE_LF_M,PT_LF_SUB,_Z,Y,_T,Y_GE15,_Z,Q,4.087805,0,1,A
2025-Q2,AUS,UNE_LF_M,PT_LF_SUB,_Z,Y,_T,Y_GE15,_Z,Q,4.169554,0,1,A
2025-Q3,AUS,UNE_LF_M,PT_LF_SUB,_Z,Y,_T,Y_GE15,_Z,Q,4.315793,0,1,A
2025-Q4,AUS,UNE_LF_M,PT_LF_SUB,_Z,Y,_T,Y_GE15,_Z,Q,4.238798,0,1,A
1983-Q1,GBR,UNE_LF_M,PT_LF_SUB,_Z,Y,_T,Y_GE15,_Z,Q,10.8,0,1,A
1983-Q2,GBR,UNE_LF_M,PT_LF_SUB,_Z,Y,_T,Y_GE15,_Z,Q,10.9,0,1,A
1983-Q3,GBR,UNE_LF_M,PT_LF_SUB,_Z,Y,_T,Y_GE15,_Z,Q,10.9,0,1,A
1983-Q4,GBR,UNE_LF_M,PT_LF_SUB,_Z,Y,_T,Y_GE15,_Z,Q,10.8,0,1,A
1984-Q1,GBR,UNE_LF_M,PT_LF_SUB,_Z,Y,_T,Y_GE15,_Z,Q,10.8,0,1,A
1984-Q2,GBR,UNE_LF_M,PT_LF_SUB,_Z,Y,_T,Y_GE15,_Z,Q,10.7,0,1,A
1984-Q3,GBR,UNE_LF_M,PT_LF_SUB,_Z,Y,_T,Y_GE15,_Z,Q,10.9,0,1,A
1984-Q4,GBR,UNE_LF_M,PT_LF_SUB,_Z,Y,_T,Y_GE15,_Z,Q,11.1,0,1,A
1985-Q1,GBR,UNE_LF_M,PT_LF_SUB,_Z,Y,_T,Y_GE15,_Z,Q,11.2,0,1,A
1985-Q2,GBR,UNE_LF_M,PT_LF_SUB,_Z,Y,_T,Y_GE15,_Z,Q,11.3,0,1,A
1985-Q3,GBR,UNE_LF_M,PT_LF_SUB,_Z,Y,_T,Y_GE15,_Z,Q,11.2,0,1,A
1985-Q4,GBR,UNE_LF_M,PT_LF_SUB,_Z,Y,_T,Y_GE15,_Z,Q,11.1,0,1,A
1986-Q1,GBR,UNE_LF_M,PT_LF_SUB,_Z,Y,_T,Y_GE15,_Z,Q,11.1,0,1,A
1986-Q2,GBR,UNE_LF_M,PT_LF_SUB,_Z,Y,_T,Y_GE15,_Z,Q,11.3,0,1,A
1986-Q3,GBR,UNE_LF_M,PT_LF_SUB,_Z,Y,_T,Y_GE15,_Z,Q,11.3,0,1,A
1986-Q4,GBR,UNE_LF_M,PT_LF_SUB,_Z,Y,_T,Y_GE15,_Z,Q,11.2,0,1,A
1987-Q1,GBR,UNE_LF_M,PT_LF_SUB,_Z,Y,_T,Y_GE15,_Z,Q,11,0,1,A
1987-Q2,GBR,UNE_LF_M,PT_LF_SUB,_Z,Y,_T,Y_GE15,_Z,Q,10.6,0,1,A
1987-Q3,GBR,UNE_LF_M,PT_LF_SUB,_Z,Y,_T,Y_GE15,_Z,Q,10.1,0,1,A
1987-Q4,GBR,UNE_LF_M,PT_LF_SUB,_Z,Y,_T,Y_GE15,_Z,Q,9.6,0,1,A
1988-Q1,GBR,UNE_LF_M,PT_LF_SUB,_Z,Y,_T,Y_GE15,_Z,Q,9.1,0,1,A
1988-Q2,GBR,UNE_LF_M,PT_LF_SUB,_Z,Y,_T,Y_GE15,_Z,Q,8.7,0,1,A
1988-Q3,GBR,UNE_LF_M,PT_LF_SUB,_Z,Y,_T,Y_GE15,_Z,Q,8.3,0,1,A
1988-Q4,GBR,UNE_LF_M,PT_LF_SUB,_Z,Y,_T,Y_GE15,_Z,Q,7.9,0,1,A
1989-Q1,GBR,UNE_LF_M,PT_LF_SUB,_Z,Y,_T,Y_GE15,_Z,Q,7.5,0,1,A
1989-Q2,GBR,UNE_LF_M,PT_LF_SUB,_Z,Y,_T,Y_GE15,_Z,Q,7.1,0,1,A
1989-Q3,GBR,UNE_LF_M,PT_LF_SUB,_Z,Y,_T,Y_GE15,_Z,Q,7,0,1,A
1989-Q4,GBR,UNE_LF_M,PT_LF_SUB,_Z,Y,_T,Y_GE15,_Z,Q,6.8,0,1,A
1990-Q1,GBR,UNE_LF_M,PT_LF_SUB,_Z,Y,_T,Y_GE15,_Z,Q,6.8,0,1,A
1990-Q2,GBR,UNE_LF_M,PT_LF_SUB,_Z,Y,_T,Y_GE15,_Z,Q,6.7,0,1,A
1990-Q3,GBR,UNE_LF_M,PT_LF_SUB,_Z,Y,_T,Y_GE15,_Z,Q,6.8,0,1,A
1990-Q4,GBR,UNE_LF_M,PT_LF_SUB,_Z,Y,_T,Y_GE15,_Z,Q,7.1,0,1,A
1991-Q1,GBR,UNE_LF_M,PT_LF_SUB,_Z,Y,_T,Y_GE15,_Z,Q,7.7,0,1,A
1991-Q2,GBR,UNE_LF_M,PT_LF_SUB,_Z,Y,_T,Y_GE15,_Z,Q,8.5,0,1,A
1991-Q3,GBR,UNE_LF_M,PT_LF_SUB,_Z,Y,_T,Y_GE15,_Z,Q,9,0,1,A
1991-Q4,GBR,UNE_LF_M,PT_LF_SUB,_Z,Y,_T,Y_GE15,_Z,Q,9.1,0,1,A
1992-Q1,GBR,UNE_LF_M,PT_LF_SUB,_Z,Y,_T,Y_GE15,_Z,Q,9.3,0,1,A
1992-Q2,GBR,UNE_LF_M,PT_LF_SUB,_Z,Y,_T,Y_GE15,_Z,Q,9.8,0,1,A
1992-Q3,GBR,UNE_LF_M,PT_LF_SUB,_Z,Y,_T,Y_GE15,_Z,Q,9.9,0,1,A
1992-Q4,GBR,UNE_LF_M,PT_LF_SUB,_Z,Y,_T,Y_GE15,_Z,Q,10.4,0,1,A
1993-Q1,GBR,UNE_LF_M,PT_LF_SUB,_Z,Y,_T,Y_GE15,_Z,Q,10.6,0,1,A
1993-Q2,GBR,UNE_LF_M,PT_LF_SUB,_Z,Y,_T,Y_GE15,_Z,Q,10.4,0,1,A
1993-Q3,GBR,UNE_LF_M,PT_LF_SUB,_Z,Y,_T,Y_GE15,_Z,Q,10.2,0,1,A
1993-Q4,GBR,UNE_LF_M,PT_LF_SUB,_Z,Y,_T,Y_GE15,_Z,Q,10.3,0,1,A
1994-Q1,GBR,UNE_LF_M,PT_LF_SUB,_Z,Y,_T,Y_GE15,_Z,Q,9.9,0,1,A
1994-Q2,GBR,UNE_LF_M,PT_LF_SUB,_Z,Y,_T,Y_GE15,_Z,Q,9.7,0,1,A
1994-Q3,GBR,UNE_LF_M,PT_LF_SUB,_Z,Y,_T,Y_GE15,_Z,Q,9.4,0,1,A
1994-Q4,GBR,UNE_LF_M,PT_LF_SUB,_Z,Y,_T,Y_GE15,_Z,Q,9,0,1,A
1995-Q1,GBR,UNE_LF_M,PT_LF_SUB,_Z,Y,_T,Y_GE15,_Z,Q,8.9,0,1,A
1995-Q2,GBR,UNE_LF_M,PT_LF_SUB,_Z,Y,_T,Y_GE15,_Z,Q,8.7,0,1,A
1995-Q3,GBR,UNE_LF_M,PT_LF_SUB,_Z,Y,_T,Y_GE15,_Z,Q,8.6,0,1,A
1995-Q4,GBR,UNE_LF_M,PT_LF_SUB,_Z,Y,_T,Y_GE15,_Z,Q,8.3,0,1,A
1996-Q1,GBR,UNE_LF_M,PT_LF_SUB,_Z,Y,_T,Y_GE15,_Z,Q,8.2,0,1,A
1996-Q2,GBR,UNE_LF_M,PT_LF_SUB,_Z,Y,_T,Y_GE15,_Z,Q,8.3,0,1,A
1996-Q3,GBR,UNE_LF_M,PT_LF_SUB,_Z,Y,_T,Y_GE15,_Z,Q,8.1,0,1,A
1996-Q4,GBR,UNE_LF_M,PT_LF_SUB,_Z,Y,_T,Y_GE15,_Z,Q,7.8,0,1,A
1997-Q1,GBR,UNE_LF_M,PT_LF_SUB,_Z,Y,_T,Y_GE15,_Z,Q,7.3,0,1,A
1997-Q2,GBR,UNE_LF_M,PT_LF_SUB,_Z,Y,_T,Y_GE15,_Z,Q,7.2,0,1,A
1997-Q3,GBR,UNE_LF_M,PT_LF_SUB,_Z,Y,_T,Y_GE15,_Z,Q,6.8,0,1,A
1997-Q4,GBR,UNE_LF_M,PT_LF_SUB,_Z,Y,_T,Y_GE15,_Z,Q,6.5,0,1,A
1998-Q1,GBR,UNE_LF_M,PT_LF_SUB,_Z,Y,_T,Y_GE15,_Z,Q,6.4,0,1,A
1998-Q2,GBR,UNE_LF_M,PT_LF_SUB,_Z,Y,_T,Y_GE15,_Z,Q,6.3,0,1,A
1998-Q3,GBR,UNE_LF_M,PT_LF_SUB,_Z,Y,_T,Y_GE15,_Z,Q,6.2,0,1,A
1998-Q4,GBR,UNE_LF_M,PT_LF_SUB,_Z,Y,_T,Y_GE15,_Z,Q,6.1,0,1,A
1999-Q1,GBR,UNE_LF_M,PT_LF_SUB,_Z,Y,_T,Y_GE15,_Z,Q,6.2,0,1,A
1999-Q2,GBR,UNE_LF_M,PT_LF_SUB,_Z,Y,_T,Y_GE15,_Z,Q,6,0,1,A
1999-Q3,GBR,UNE_LF_M,PT_LF_SUB,_Z,Y,_T,Y_GE15,_Z,Q,5.9,0,1,A
1999-Q4,GBR,UNE_LF_M,PT_LF_SUB,_Z,Y,_T,Y_GE15,_Z,Q,5.8,0,1,A
2000-Q1,GBR,UNE_LF_M,PT_LF_SUB,_Z,Y,_T,Y_GE15,_Z,Q,5.8,0,1,A
2000-Q2,GBR,UNE_LF_M,PT_LF_SUB,_Z,Y,_T,Y_GE15,_Z,Q,5.5,0,1,A
2000-Q3,GBR,UNE_LF_M,PT_LF_SUB,_Z,Y,_T,Y_GE15,_Z,Q,5.3,0,1,A
2000-Q4,GBR,UNE_LF_M,PT_LF_SUB,_Z,Y,_T,Y_GE15,_Z,Q,5.2,0,1,A
2001-Q1,GBR,UNE_LF_M,PT_LF_SUB,_Z,Y,_T,Y_GE15,_Z,Q,5.1,0,1,A
2001-Q2,GBR,UNE_LF_M,PT_LF_SUB,_Z,Y,_T,Y_GE15,_Z,Q,5,0,1,A
2001-Q3,GBR,UNE_LF_M,PT_LF_SUB,_Z,Y,_T,Y_GE15,_Z,Q,5.1,0,1,A
2001-Q4,GBR,UNE_LF_M,PT_LF_SUB,_Z,Y,_T,Y_GE15,_Z,Q,5.2,0,1,A
2002-Q1,GBR,UNE_LF_M,PT_LF_SUB,_Z,Y,_T,Y_GE15,_Z,Q,5.2,0,1,A
2002-Q2,GBR,UNE_LF_M,PT_LF_SUB,_Z,Y,_T,Y_GE15,_Z,Q,5.2,0,1,A
2002-Q3,GBR,UNE_LF_M,PT_LF_SUB,_Z,Y,_T,Y_GE15,_Z,Q,5.3,0,1,A
2002-Q4,GBR,UNE_LF_M,PT_LF_SUB,_Z,Y,_T,Y_GE15,_Z,Q,5.1,0,1,A
2003-Q1,GBR,UNE_LF_M,PT_LF_SUB,_Z,Y,_T,Y_GE15,_Z,Q,5.2,0,1,A
2003-Q2,GBR,UNE_LF_M,PT_LF_SUB,_Z,Y,_T,Y_GE15,_Z,Q,4.9,0,1,A
2003-Q3,GBR,UNE_LF_M,PT_LF_SUB,_Z,Y,_T,Y_GE15,_Z,Q,5,0,1,A
2003-Q4,GBR,UNE_LF_M,PT_LF_SUB,_Z,Y,_T,Y_GE15,_Z,Q,4.9,0,1,A
2004-Q1,GBR,UNE_LF_M,PT_LF_SUB,_Z,Y,_T,Y_GE15,_Z,Q,4.8,0,1,A
2004-Q2,GBR,UNE_LF_M,PT_LF_SUB,_Z,Y,_T,Y_GE15,_Z,Q,4.8,0,1,A
2004-Q3,GBR,UNE_LF_M,PT_LF_SUB,_Z,Y,_T,Y_GE15,_Z,Q,4.7,0,1,A
2004-Q4,GBR,UNE_LF_M,PT_LF_SUB,_Z,Y,_T,Y_GE15,_Z,Q,4.7,0,1,A
2005-Q1,GBR,UNE_LF_M,PT_LF_SUB,_Z,Y,_T,Y_GE15,_Z,Q,4.7,0,1,A
2005-Q2,GBR,UNE_LF_M,PT_LF_SUB,_Z,Y,_T,Y_GE15,_Z,Q,4.8,0,1,A
2005-Q3,GBR,UNE_LF_M,PT_LF_SUB,_Z,Y,_T,Y_GE15,_Z,Q,4.7,0,1,A
2005-Q4,GBR,UNE_LF_M,PT_LF_SUB,_Z,Y,_T,Y_GE15,_Z,Q,5.1,0,1,A
2006-Q1,GBR,UNE_LF_M,PT_LF_SUB,_Z,Y,_T,Y_GE15,_Z,Q,5.2,0,1,A
2006-Q2,GBR,UNE_LF_M,PT_LF_SUB,_Z,Y,_T,Y_GE15,_Z,Q,5.5,0,1,A
2006-Q3,GBR,UNE_LF_M,PT_LF_SUB,_Z,Y,_T,Y_GE15,_Z,Q,5.5,0,1,A
2006-Q4,GBR,UNE_LF_M,PT_LF_SUB,_Z,Y,_T,Y_GE15,_Z,Q,5.5,0,1,A
2007-Q1,GBR,UNE_LF_M,PT_LF_SUB,_Z,Y,_T,Y_GE15,_Z,Q,5.5,0,1,A
2007-Q2,GBR,UNE_LF_M,PT_LF_SUB,_Z,Y,_T,Y_GE15,_Z,Q,5.4,0,1,A
2007-Q3,GBR,UNE_LF_M,PT_LF_SUB,_Z,Y,_T,Y_GE15,_Z,Q,5.3,0,1,A
2007-Q4,GBR,UNE_LF_M,PT_LF_SUB,_Z,Y,_T,Y_GE15,_Z,Q,5.2,0,1,A
2008-Q1,GBR,UNE_LF_M,PT_LF_SUB,_Z,Y,_T,Y_GE15,_Z,Q,5.2,0,1,A
2008-Q2,GBR,UNE_LF_M,PT_LF_SUB,_Z,Y,_T,Y_GE15,_Z,Q,5.4,0,1,A
2008-Q3,GBR,UNE_LF_M,PT_LF_SUB,_Z,Y,_T,Y_GE15,_Z,Q,5.9,0,1,A
2008-Q4,GBR,UNE_LF_M,PT_LF_SUB,_Z,Y,_T,Y_GE15,_Z,Q,6.4,0,1,A
2009-Q1,GBR,UNE_LF_M,PT_LF_SUB,_Z,Y,_T,Y_GE15,_Z,Q,7.1,0,1,A
2009-Q2,GBR,UNE_LF_M,PT_LF_SUB,_Z,Y,_T,Y_GE15,_Z,Q,7.8,0,1,A
2009-Q3,GBR,UNE_LF_M,PT_LF_SUB,_Z,Y,_T,Y_GE15,_Z,Q,7.8,0,1,A
2009-Q4,GBR,UNE_LF_M,PT_LF_SUB,_Z,Y,_T,Y_GE15,_Z,Q,7.8,0,1,A
2010-Q1,GBR,UNE_LF_M,PT_LF_SUB,_Z,Y,_T,Y_GE15,_Z,Q,8,0,1,A
2010-Q2,GBR,UNE_LF_M,PT_LF_SUB,_Z,Y,_T,Y_GE15,_Z,Q,7.9,0,1,A
2010-Q3,GBR,UNE_LF_M,PT_LF_SUB,_Z,Y,_T,Y_GE15,_Z,Q,7.8,0,1,A
2010-Q4,GBR,UNE_LF_M,PT_LF_SUB,_Z,Y,_T,Y_GE15,_Z,Q,7.9,0,1,A
2011-Q1,GBR,UNE_LF_M,PT_LF_SUB,_Z,Y,_T,Y_GE15,_Z,Q,7.8,0,1,A
2011-Q2,GBR,UNE_LF_M,PT_LF_SUB,_Z,Y,_T,Y_GE15,_Z,Q,7.9,0,1,A
2011-Q3,GBR,UNE_LF_M,PT_LF_SUB,_Z,Y,_T,Y_GE15,_Z,Q,8.3,0,1,A
2011-Q4,GBR,UNE_LF_M,PT_LF_SUB,_Z,Y,_T,Y_GE15,_Z,Q,8.4,0,1,A
2012-Q1,GBR,UNE_LF_M,PT_LF_SUB,_Z,Y,_T,Y_GE15,_Z,Q,8.2,0,1,A
2012-Q2,GBR,UNE_LF_M,PT_LF_SUB,_Z,Y,_T,Y_GE15,_Z,Q,8,0,1,A
2012-Q3,GBR,UNE_LF_M,PT_LF_SUB,_Z,Y,_T,Y_GE15,_Z,Q,7.8,0,1,A
2012-Q4,GBR,UNE_LF_M,PT_LF_SUB,_Z,Y,_T,Y_GE15,_Z,Q,7.8,0,1,A
2013-Q1,GBR,UNE_LF_M,PT_LF_SUB,_Z,Y,_T,Y_GE15,_Z,Q,7.8,0,1,A
2013-Q2,GBR,UNE_LF_M,PT_LF_SUB,_Z,Y,_T,Y_GE15,_Z,Q,7.7,0,1,A
2013-Q3,GBR,UNE_LF_M,PT_LF_SUB,_Z,Y,_T,Y_GE15,_Z,Q,7.6,0,1,A
2013-Q4,GBR,UNE_LF_M,PT_LF_SUB,_Z,Y,_T,Y_GE15,_Z,Q,7.2,0,1,A
2014-Q1,GBR,UNE_LF_M,PT_LF_SUB,_Z,Y,_T,Y_GE15,_Z,Q,6.7,0,1,A
2014-Q2,GBR,UNE_LF_M,PT_LF_SUB,_Z,Y,_T,Y_GE15,_Z,Q,6.3,0,1,A
2014-Q3,GBR,UNE_LF_M,PT_LF_SUB,_Z,Y,_T,Y_GE15,_Z,Q,6,0,1,A
2014-Q4,GBR,UNE_LF_M,PT_LF_SUB,_Z,Y,_T,Y_GE15,_Z,Q,5.7,0,1,A
2015-Q1,GBR,UNE_LF_M,PT_LF_SUB,_Z,Y,_T,Y_GE15,_Z,Q,5.5,0,1,A
2015-Q2,GBR,UNE_LF_M,PT_LF_SUB,_Z,Y,_T,Y_GE15,_Z,Q,5.6,0,1,A
2015-Q3,GBR,UNE_LF_M,PT_LF_SUB,_Z,Y,_T,Y_GE15,_Z,Q,5.3,0,1,A
2015-Q4,GBR,UNE_LF_M,PT_LF_SUB,_Z,Y,_T,Y_GE15,_Z,Q,5.1,0,1,A
2016-Q1,GBR,UNE_LF_M,PT_LF_SUB,_Z,Y,_T,Y_GE15,_Z,Q,5.1,0,1,A
2016-Q2,GBR,UNE_LF_M,PT_LF_SUB,_Z,Y,_T,Y_GE15,_Z,Q,4.9,0,1,A
2016-Q3,GBR,UNE_LF_M,PT_LF_SUB,_Z,Y,_T,Y_GE15,_Z,Q,4.8,0,1,A
2016-Q4,GBR,UNE_LF_M,PT_LF_SUB,_Z,Y,_T,Y_GE15,_Z,Q,4.7,0,1,A
2017-Q1,GBR,UNE_LF_M,PT_LF_SUB,_Z,Y,_T,Y_GE15,_Z,Q,4.6,0,1,A
2017-Q2,GBR,UNE_LF_M,PT_LF_SUB,_Z,Y,_T,Y_GE15,_Z,Q,4.4,0,1,A
2017-Q3,GBR,UNE_LF_M,PT_LF_SUB,_Z,Y,_T,Y_GE15,_Z,Q,4.3,0,1,A
2017-Q4,GBR,UNE_LF_M,PT_LF_SUB,_Z,Y,_T,Y_GE15,_Z,Q,4.4,0,1,A
2018-Q1,GBR,UNE_LF_M,PT_LF_SUB,_Z,Y,_T,Y_GE15,_Z,Q,4.2,0,1,A
2018-Q2,GBR,UNE_LF_M,PT_LF_SUB,_Z,Y,_T,Y_GE15,_Z,Q,4,0,1,A
2018-Q3,GBR,UNE_LF_M,PT_LF_SUB,_Z,Y,_T,Y_GE15,_Z,Q,4.1,0,1,A
2018-Q4,GBR,UNE_LF_M,PT_LF_SUB,_Z,Y,_T,Y_GE15,_Z,Q,4,0,1,A
2019-Q1,GBR,UNE_LF_M,PT_LF_SUB,_Z,Y,_T,Y_GE15,_Z,Q,3.8,0,1,A
2019-Q2,GBR,UNE_LF_M,PT_LF_SUB,_Z,Y,_T,Y_GE15,_Z,Q,3.9,0,1,A
2019-Q3,GBR,UNE_LF_M,PT_LF_SUB,_Z,Y,_T,Y_GE15,_Z,Q,3.9,0,1,A
2019-Q4,GBR,UNE_LF_M,PT_LF_SUB,_Z,Y,_T,Y_GE15,_Z,Q,3.7,0,1,A
2020-Q1,GBR,UNE_LF_M,PT_LF_SUB,_Z,Y,_T,Y_GE15,_Z,Q,4.1,0,1,A
2020-Q2,GBR,UNE_LF_M,PT_LF_SUB,_Z,Y,_T,Y_GE15,_Z,Q,4.1,0,1,A
2020-Q3,GBR,UNE_LF_M,PT_LF_SUB,_Z,Y,_T,Y_GE15,_Z,Q,5,0,1,A
2020-Q4,GBR,UNE_LF_M,PT_LF_SUB,_Z,Y,_T,Y_GE15,_Z,Q,5.3,0,1,A
2021-Q1,GBR,UNE_LF_M,PT_LF_SUB,_Z,Y,_T,Y_GE15,_Z,Q,4.9,0,1,A
2021-Q2,GBR,UNE_LF_M,PT_LF_SUB,_Z,Y,_T,Y_GE15,_Z,Q,4.7,0,1,A
2021-Q3,GBR,UNE_LF_M,PT_LF_SUB,_Z,Y,_T,Y_GE15,_Z,Q,4.4,0,1,A
2021-Q4,GBR,UNE_LF_M,PT_LF_SUB,_Z,Y,_T,Y_GE15,_Z,Q,4.2,0,1,A
2022-Q1,GBR,UNE_LF_M,PT_LF_SUB,_Z,Y,_T,Y_GE15,_Z,Q,3.8,0,1,A
2022-Q2,GBR,UNE_LF_M,PT_LF_SUB,_Z,Y,_T,Y_GE15,_Z,Q,3.8,0,1,A
2022-Q3,GBR,UNE_LF_M,PT_LF_SUB,_Z,Y,_T,Y_GE15,_Z,Q,3.7,0,1,A
2022-Q4,GBR,UNE_LF_M,PT_LF_SUB,_Z,Y,_T,Y_GE15,_Z,Q,3.9,0,1,A
2023-Q1,GBR,UNE_LF_M,PT_LF_SUB,_Z,Y,_T,Y_GE15,_Z,Q,4,0,1,A
2023-Q2,GBR,UNE_LF_M,PT_LF_SUB,_Z,Y,_T,Y_GE15,_Z,Q,4.2,0,1,A
2023-Q3,GBR,UNE_LF_M,PT_LF_SUB,_Z,Y,_T,Y_GE15,_Z,Q,4.1,0,1,A
2023-Q4,GBR,UNE_LF_M,PT_LF_SUB,_Z,Y,_T,Y_GE15,_Z,Q,3.9,0,1,A
2024-Q1,GBR,UNE_LF_M,PT_LF_SUB,_Z,Y,_T,Y_GE15,_Z,Q,4.3,0,1,A
2024-Q2,GBR,UNE_LF_M,PT_LF_SUB,_Z,Y,_T,Y_GE15,_Z,Q,4.2,0,1,A
2024-Q3,GBR,UNE_LF_M,PT_LF_SUB,_Z,Y,_T,Y_GE15,_Z,Q,4.3,0,1,A
2024-Q4,GBR,UNE_LF_M,PT_LF_SUB,_Z,Y,_T,Y_GE15,_Z,Q,4.4,0,1,A
2025-Q1,GBR,UNE_LF_M,PT_LF_SUB,_Z,Y,_T,Y_GE15,_Z,Q,4.5,0,1,A
2025-Q2,GBR,UNE_LF_M,PT_LF_SUB,_Z,Y,_T,Y_GE15,_Z,Q,4.7,0,1,A
2025-Q3,GBR,UNE_LF_M,PT_LF_SUB,_Z,Y,_T,Y_GE15,_Z,Q,5,0,1,A
2025-Q4,GBR,UNE_LF_M,PT_LF_SUB,_Z,Y,_T,Y_GE15,_Z,Q,5.2,0,1,A
1983-Q1,NLD,UNE_LF_M,PT_LF_SUB,_Z,Y,_T,Y_GE15,_Z,Q,9.5,0,1,A
1983-Q2,NLD,UNE_LF_M,PT_LF_SUB,_Z,Y,_T,Y_GE15,_Z,Q,9.5,0,1,A
1983-Q3,NLD,UNE_LF_M,PT_LF_SUB,_Z,Y,_T,Y_GE15,_Z,Q,9.5,0,1,A
1983-Q4,NLD,UNE_LF_M,PT_LF_SUB,_Z,Y,_T,Y_GE15,_Z,Q,9.5,0,1,A
1984-Q1,NLD,UNE_LF_M,PT_LF_SUB,_Z,Y,_T,Y_GE15,_Z,Q,9.433333,0,1,A
1984-Q2,NLD,UNE_LF_M,PT_LF_SUB,_Z,Y,_T,Y_GE15,_Z,Q,9.366667,0,1,A
1984-Q3,NLD,UNE_LF_M,PT_LF_SUB,_Z,Y,_T,Y_GE15,_Z,Q,9.233334,0,1,A
1984-Q4,NLD,UNE_LF_M,PT_LF_SUB,_Z,Y,_T,Y_GE15,_Z,Q,9.033334,0,1,A
1985-Q1,NLD,UNE_LF_M,PT_LF_SUB,_Z,Y,_T,Y_GE15,_Z,Q,8.8,0,1,A
1985-Q2,NLD,UNE_LF_M,PT_LF_SUB,_Z,Y,_T,Y_GE15,_Z,Q,8.6,0,1,A
1985-Q3,NLD,UNE_LF_M,PT_LF_SUB,_Z,Y,_T,Y_GE15,_Z,Q,8.3,0,1,A
1985-Q4,NLD,UNE_LF_M,PT_LF_SUB,_Z,Y,_T,Y_GE15,_Z,Q,8.1,0,1,A
1986-Q1,NLD,UNE_LF_M,PT_LF_SUB,_Z,Y,_T,Y_GE15,_Z,Q,7.833333,0,1,A
1986-Q2,NLD,UNE_LF_M,PT_LF_SUB,_Z,Y,_T,Y_GE15,_Z,Q,7.633333,0,1,A
1986-Q3,NLD,UNE_LF_M,PT_LF_SUB,_Z,Y,_T,Y_GE15,_Z,Q,7.533333,0,1,A
1986-Q4,NLD,UNE_LF_M,PT_LF_SUB,_Z,Y,_T,Y_GE15,_Z,Q,7.433333,0,1,A
1987-Q1,NLD,UNE_LF_M,PT_LF_SUB,_Z,Y,_T,Y_GE15,_Z,Q,7.4,0,1,A
1987-Q2,NLD,UNE_LF_M,PT_LF_SUB,_Z,Y,_T,Y_GE15,_Z,Q,7.433333,0,1,A
1987-Q3,NLD,UNE_LF_M,PT_LF_SUB,_Z,Y,_T,Y_GE15,_Z,Q,7.5,0,1,A
1987-Q4,NLD,UNE_LF_M,PT_LF_SUB,_Z,Y,_T,Y_GE15,_Z,Q,7.5,0,1,A
1988-Q1,NLD,UNE_LF_M,PT_LF_SUB,_Z,Y,_T,Y_GE15,_Z,Q,7.5,0,1,A
1988-Q2,NLD,UNE_LF_M,PT_LF_SUB,_Z,Y,_T,Y_GE15,_Z,Q,7.4,0,1,A
1988-Q3,NLD,UNE_LF_M,PT_LF_SUB,_Z,Y,_T,Y_GE15,_Z,Q,7.333333,0,1,A
1988-Q4,NLD,UNE_LF_M,PT_LF_SUB,_Z,Y,_T,Y_GE15,_Z,Q,7.166667,0,1,A
1989-Q1,NLD,UNE_LF_M,PT_LF_SUB,_Z,Y,_T,Y_GE15,_Z,Q,7,0,1,A
1989-Q2,NLD,UNE_LF_M,PT_LF_SUB,_Z,Y,_T,Y_GE15,_Z,Q,6.8,0,1,A
1989-Q3,NLD,UNE_LF_M,PT_LF_SUB,_Z,Y,_T,Y_GE15,_Z,Q,6.6,0,1,A
1989-Q4,NLD,UNE_LF_M,PT_LF_SUB,_Z,Y,_T,Y_GE15,_Z,Q,6.433333,0,1,A
1990-Q1,NLD,UNE_LF_M,PT_LF_SUB,_Z,Y,_T,Y_GE15,_Z,Q,6.266667,0,1,A
1990-Q2,NLD,UNE_LF_M,PT_LF_SUB,_Z,Y,_T,Y_GE15,_Z,Q,6.133333,0,1,A
1990-Q3,NLD,UNE_LF_M,PT_LF_SUB,_Z,Y,_T,Y_GE15,_Z,Q,6,0,1,A
1990-Q4,NLD,UNE_LF_M,PT_LF_SUB,_Z,Y,_T,Y_GE15,_Z,Q,5.9,0,1,A
1991-Q1,NLD,UNE_LF_M,PT_LF_SUB,_Z,Y,_T,Y_GE15,_Z,Q,5.8,0,1,A
1991-Q2,NLD,UNE_LF_M,PT_LF_SUB,_Z,Y,_T,Y_GE15,_Z,Q,5.733333,0,1,A
1991-Q3,NLD,UNE_LF_M,PT_LF_SUB,_Z,Y,_T,Y_GE15,_Z,Q,5.7,0,1,A
1991-Q4,NLD,UNE_LF_M,PT_LF_SUB,_Z,Y,_T,Y_GE15,_Z,Q,5.633333,0,1,A
1992-Q1,NLD,UNE_LF_M,PT_LF_SUB,_Z,Y,_T,Y_GE15,_Z,Q,5.6,0,1,A
1992-Q2,NLD,UNE_LF_M,PT_LF_SUB,_Z,Y,_T,Y_GE15,_Z,Q,5.633333,0,1,A
1992-Q3,NLD,UNE_LF_M,PT_LF_SUB,_Z,Y,_T,Y_GE15,_Z,Q,5.766667,0,1,A
1992-Q4,NLD,UNE_LF_M,PT_LF_SUB,_Z,Y,_T,Y_GE15,_Z,Q,5.933333,0,1,A
1993-Q1,NLD,UNE_LF_M,PT_LF_SUB,_Z,Y,_T,Y_GE15,_Z,Q,6.2,0,1,A
1993-Q2,NLD,UNE_LF_M,PT_LF_SUB,_Z,Y,_T,Y_GE15,_Z,Q,6.433333,0,1,A
1993-Q3,NLD,UNE_LF_M,PT_LF_SUB,_Z,Y,_T,Y_GE15,_Z,Q,6.633333,0,1,A
1993-Q4,NLD,UNE_LF_M,PT_LF_SUB,_Z,Y,_T,Y_GE15,_Z,Q,6.733333,0,1,A
1994-Q1,NLD,UNE_LF_M,PT_LF_SUB,_Z,Y,_T,Y_GE15,_Z,Q,6.833333,0,1,A
1994-Q2,NLD,UNE_LF_M,PT_LF_SUB,_Z,Y,_T,Y_GE15,_Z,Q,7,0,1,A
1994-Q3,NLD,UNE_LF_M,PT_LF_SUB,_Z,Y,_T,Y_GE15,_Z,Q,7.3,0,1,A
1994-Q4,NLD,UNE_LF_M,PT_LF_SUB,_Z,Y,_T,Y_GE15,_Z,Q,7.666667,0,1,A
1995-Q1,NLD,UNE_LF_M,PT_LF_SUB,_Z,Y,_T,Y_GE15,_Z,Q,8.1,0,1,A
1995-Q2,NLD,UNE_LF_M,PT_LF_SUB,_Z,Y,_T,Y_GE15,_Z,Q,8.366667,0,1,A
1995-Q3,NLD,UNE_LF_M,PT_LF_SUB,_Z,Y,_T,Y_GE15,_Z,Q,8.4,0,1,A
1995-Q4,NLD,UNE_LF_M,PT_LF_SUB,_Z,Y,_T,Y_GE15,_Z,Q,8.333333,0,1,A
1996-Q1,NLD,UNE_LF_M,PT_LF_SUB,_Z,Y,_T,Y_GE15,_Z,Q,8.1,0,1,A
1996-Q2,NLD,UNE_LF_M,PT_LF_SUB,_Z,Y,_T,Y_GE15,_Z,Q,7.8,0,1,A
1996-Q3,NLD,UNE_LF_M,PT_LF_SUB,_Z,Y,_T,Y_GE15,_Z,Q,7.5,0,1,A
1996-Q4,NLD,UNE_LF_M,PT_LF_SUB,_Z,Y,_T,Y_GE15,_Z,Q,7.2,0,1,A
1997-Q1,NLD,UNE_LF_M,PT_LF_SUB,_Z,Y,_T,Y_GE15,_Z,Q,6.9,0,1,A
1997-Q2,NLD,UNE_LF_M,PT_LF_SUB,_Z,Y,_T,Y_GE15,_Z,Q,6.6,0,1,A
1997-Q3,NLD,UNE_LF_M,PT_LF_SUB,_Z,Y,_T,Y_GE15,_Z,Q,6.3,0,1,A
1997-Q4,NLD,UNE_LF_M,PT_LF_SUB,_Z,Y,_T,Y_GE15,_Z,Q,5.933333,0,1,A
1998-Q1,NLD,UNE_LF_M,PT_LF_SUB,_Z,Y,_T,Y_GE15,_Z,Q,5.6,0,1,A
1998-Q2,NLD,UNE_LF_M,PT_LF_SUB,_Z,Y,_T,Y_GE15,_Z,Q,5.3,0,1,A
1998-Q3,NLD,UNE_LF_M,PT_LF_SUB,_Z,Y,_T,Y_GE15,_Z,Q,5,0,1,A
1998-Q4,NLD,UNE_LF_M,PT_LF_SUB,_Z,Y,_T,Y_GE15,_Z,Q,4.7,0,1,A
1999-Q1,NLD,UNE_LF_M,PT_LF_SUB,_Z,Y,_T,Y_GE15,_Z,Q,4.5,0,1,A
1999-Q2,NLD,UNE_LF_M,PT_LF_SUB,_Z,Y,_T,Y_GE15,_Z,Q,4.333333,0,1,A
1999-Q3,NLD,UNE_LF_M,PT_LF_SUB,_Z,Y,_T,Y_GE15,_Z,Q,4.166667,0,1,A
1999-Q4,NLD,UNE_LF_M,PT_LF_SUB,_Z,Y,_T,Y_GE15,_Z,Q,4.033333,0,1,A
2000-Q1,NLD,UNE_LF_M,PT_LF_SUB,_Z,Y,_T,Y_GE15,_Z,Q,3.866667,0,1,A
2000-Q2,NLD,UNE_LF_M,PT_LF_SUB,_Z,Y,_T,Y_GE15,_Z,Q,3.733333,0,1,A
2000-Q3,NLD,UNE_LF_M,PT_LF_SUB,_Z,Y,_T,Y_GE15,_Z,Q,3.566667,0,1,A
2000-Q4,NLD,UNE_LF_M,PT_LF_SUB,_Z,Y,_T,Y_GE15,_Z,Q,3.366667,0,1,A
2001-Q1,NLD,UNE_LF_M,PT_LF_SUB,_Z,Y,_T,Y_GE15,_Z,Q,3.2,0,1,A
2001-Q2,NLD,UNE_LF_M,PT_LF_SUB,_Z,Y,_T,Y_GE15,_Z,Q,3.1,0,1,A
2001-Q3,NLD,UNE_LF_M,PT_LF_SUB,_Z,Y,_T,Y_GE15,_Z,Q,3.1,0,1,A
2001-Q4,NLD,UNE_LF_M,PT_LF_SUB,_Z,Y,_T,Y_GE15,_Z,Q,3.133333,0,1,A
2002-Q1,NLD,UNE_LF_M,PT_LF_SUB,_Z,Y,_T,Y_GE15,_Z,Q,3.3,0,1,A
2002-Q2,NLD,UNE_LF_M,PT_LF_SUB,_Z,Y,_T,Y_GE15,_Z,Q,3.5,0,1,A
2002-Q3,NLD,UNE_LF_M,PT_LF_SUB,_Z,Y,_T,Y_GE15,_Z,Q,3.8,0,1,A
2003-Q2,NLD,UNE_LF_M,PT_LF_SUB,_Z,Y,_T,Y_GE15,_Z,Q,5.8,0,1,A
2003-Q3,NLD,UNE_LF_M,PT_LF_SUB,_Z,Y,_T,Y_GE15,_Z,Q,6.1,0,1,A
2003-Q4,NLD,UNE_LF_M,PT_LF_SUB,_Z,Y,_T,Y_GE15,_Z,Q,6.366667,0,1,A
2004-Q1,NLD,UNE_LF_M,PT_LF_SUB,_Z,Y,_T,Y_GE15,_Z,Q,6.6,0,1,A
2004-Q2,NLD,UNE_LF_M,PT_LF_SUB,_Z,Y,_T,Y_GE15,_Z,Q,6.933333,0,1,A
2004-Q3,NLD,UNE_LF_M,PT_LF_SUB,_Z,Y,_T,Y_GE15,_Z,Q,6.733333,0,1,A
2004-Q4,NLD,UNE_LF_M,PT_LF_SUB,_Z,Y,_T,Y_GE15,_Z,Q,6.866667,0,1,A
2005-Q1,NLD,UNE_LF_M,PT_LF_SUB,_Z,Y,_T,Y_GE15,_Z,Q,7.1,0,1,A
2005-Q2,NLD,UNE_LF_M,PT_LF_SUB,_Z,Y,_T,Y_GE15,_Z,Q,7.1,0,1,A
2005-Q3,NLD,UNE_LF_M,PT_LF_SUB,_Z,Y,_T,Y_GE15,_Z,Q,6.933333,0,1,A
2005-Q4,NLD,UNE_LF_M,PT_LF_SUB,_Z,Y,_T,Y_GE15,_Z,Q,6.833333,0,1,A
2006-Q1,NLD,UNE_LF_M,PT_LF_SUB,_Z,Y,_T,Y_GE15,_Z,Q,6.433333,0,1,A
2006-Q2,NLD,UNE_LF_M,PT_LF_SUB,_Z,Y,_T,Y_GE15,_Z,Q,6.133333,0,1,A
2006-Q3,NLD,UNE_LF_M,PT_LF_SUB,_Z,Y,_T,Y_GE15,_Z,Q,5.933333,0,1,A
2006-Q4,NLD,UNE_LF_M,PT_LF_SUB,_Z,Y,_T,Y_GE15,_Z,Q,5.866667,0,1,A
2007-Q1,NLD,UNE_LF_M,PT_LF_SUB,_Z,Y,_T,Y_GE15,_Z,Q,5.633333,0,1,A
2007-Q2,NLD,UNE_LF_M,PT_LF_SUB,_Z,Y,_T,Y_GE15,_Z,Q,5.266667,0,1,A
2007-Q3,NLD,UNE_LF_M,PT_LF_SUB,_Z,Y,_T,Y_GE15,_Z,Q,5.233333,0,1,A
2007-Q4,NLD,UNE_LF_M,PT_LF_SUB,_Z,Y,_T,Y_GE15,_Z,Q,5.066667,0,1,A
2008-Q1,NLD,UNE_LF_M,PT_LF_SUB,_Z,Y,_T,Y_GE15,_Z,Q,4.8,0,1,A
2008-Q2,NLD,UNE_LF_M,PT_LF_SUB,_Z,Y,_T,Y_GE15,_Z,Q,4.8,0,1,A
2008-Q3,NLD,UNE_LF_M,PT_LF_SUB,_Z,Y,_T,Y_GE15,_Z,Q,4.733333,0,1,A
2008-Q4,NLD,UNE_LF_M,PT_LF_SUB,_Z,Y,_T,Y_GE15,_Z,Q,4.733333,0,1,A
2009-Q1,NLD,UNE_LF_M,PT_LF_SUB,_Z,Y,_T,Y_GE15,_Z,Q,4.9,0,1,A
2009-Q2,NLD,UNE_LF_M,PT_LF_SUB,_Z,Y,_T,Y_GE15,_Z,Q,5.233333,0,1,A
2009-Q3,NLD,UNE_LF_M,PT_LF_SUB,_Z,Y,_T,Y_GE15,_Z,Q,5.6,0,1,A
2009-Q4,NLD,UNE_LF_M,PT_LF_SUB,_Z,Y,_T,Y_GE15,_Z,Q,5.933333,0,1,A
2010-Q1,NLD,UNE_LF_M,PT_LF_SUB,_Z,Y,_T,Y_GE15,_Z,Q,6.2,0,1,A
2010-Q2,NLD,UNE_LF_M,PT_LF_SUB,_Z,Y,_T,Y_GE15,_Z,Q,6.133333,0,1,A
2010-Q3,NLD,UNE_LF_M,PT_LF_SUB,_Z,Y,_T,Y_GE15,_Z,Q,6.1,0,1,A
2010-Q4,NLD,UNE_LF_M,PT_LF_SUB,_Z,Y,_T,Y_GE15,_Z,Q,5.933333,0,1,A
2011-Q1,NLD,UNE_LF_M,PT_LF_SUB,_Z,Y,_T,Y_GE15,_Z,Q,5.8,0,1,A
2011-Q2,NLD,UNE_LF_M,PT_LF_SUB,_Z,Y,_T,Y_GE15,_Z,Q,5.766667,0,1,A
2011-Q3,NLD,UNE_LF_M,PT_LF_SUB,_Z,Y,_T,Y_GE15,_Z,Q,6.066667,0,1,A
2011-Q4,NLD,UNE_LF_M,PT_LF_SUB,_Z,Y,_T,Y_GE15,_Z,Q,6.5,0,1,A
2012-Q1,NLD,UNE_LF_M,PT_LF_SUB,_Z,Y,_T,Y_GE15,_Z,Q,6.533333,0,1,A
2012-Q2,NLD,UNE_LF_M,PT_LF_SUB,_Z,Y,_T,Y_GE15,_Z,Q,6.733333,0,1,A
2012-Q3,NLD,UNE_LF_M,PT_LF_SUB,_Z,Y,_T,Y_GE15,_Z,Q,6.833333,0,1,A
2012-Q4,NLD,UNE_LF_M,PT_LF_SUB,_Z,Y,_T,Y_GE15,_Z,Q,7.2,0,1,A
2013-Q1,NLD,UNE_LF_M,PT_LF_SUB,_Z,Y,_T,Y_GE15,_Z,Q,7.7,0,1,A
2013-Q2,NLD,UNE_LF_M,PT_LF_SUB,_Z,Y,_T,Y_GE15,_Z,Q,8.133333,0,1,A
2013-Q3,NLD,UNE_LF_M,PT_LF_SUB,_Z,Y,_T,Y_GE15,_Z,Q,8.5,0,1,A
2013-Q4,NLD,UNE_LF_M,PT_LF_SUB,_Z,Y,_T,Y_GE15,_Z,Q,8.466666,0,1,A
2014-Q1,NLD,UNE_LF_M,PT_LF_SUB,_Z,Y,_T,Y_GE15,_Z,Q,8.666667,0,1,A
2014-Q2,NLD,UNE_LF_M,PT_LF_SUB,_Z,Y,_T,Y_GE15,_Z,Q,8.466666,0,1,A
2014-Q3,NLD,UNE_LF_M,PT_LF_SUB,_Z,Y,_T,Y_GE15,_Z,Q,8.1,0,1,A
2014-Q4,NLD,UNE_LF_M,PT_LF_SUB,_Z,Y,_T,Y_GE15,_Z,Q,8.133333,0,1,A
2015-Q1,NLD,UNE_LF_M,PT_LF_SUB,_Z,Y,_T,Y_GE15,_Z,Q,8.166667,0,1,A
2015-Q2,NLD,UNE_LF_M,PT_LF_SUB,_Z,Y,_T,Y_GE15,_Z,Q,8,0,1,A
2015-Q3,NLD,UNE_LF_M,PT_LF_SUB,_Z,Y,_T,Y_GE15,_Z,Q,7.733333,0,1,A
2015-Q4,NLD,UNE_LF_M,PT_LF_SUB,_Z,Y,_T,Y_GE15,_Z,Q,7.733333,0,1,A
2016-Q1,NLD,UNE_LF_M,PT_LF_SUB,_Z,Y,_T,Y_GE15,_Z,Q,7.433333,0,1,A
2016-Q2,NLD,UNE_LF_M,PT_LF_SUB,_Z,Y,_T,Y_GE15,_Z,Q,7.233333,0,1,A
2016-Q3,NLD,UNE_LF_M,PT_LF_SUB,_Z,Y,_T,Y_GE15,_Z,Q,6.833333,0,1,A
2016-Q4,NLD,UNE_LF_M,PT_LF_SUB,_Z,Y,_T,Y_GE15,_Z,Q,6.533333,0,1,A
2017-Q1,NLD,UNE_LF_M,PT_LF_SUB,_Z,Y,_T,Y_GE15,_Z,Q,6.3,0,1,A
2017-Q2,NLD,UNE_LF_M,PT_LF_SUB,_Z,Y,_T,Y_GE15,_Z,Q,6.066667,0,1,A
2017-Q3,NLD,UNE_LF_M,PT_LF_SUB,_Z,Y,_T,Y_GE15,_Z,Q,5.766667,0,1,A
2017-Q4,NLD,UNE_LF_M,PT_LF_SUB,_Z,Y,_T,Y_GE15,_Z,Q,5.433333,0,1,A
2018-Q1,NLD,UNE_LF_M,PT_LF_SUB,_Z,Y,_T,Y_GE15,_Z,Q,5.1,0,1,A
2018-Q2,NLD,UNE_LF_M,PT_LF_SUB,_Z,Y,_T,Y_GE15,_Z,Q,4.9,0,1,A
2018-Q3,NLD,UNE_LF_M,PT_LF_SUB,_Z,Y,_T,Y_GE15,_Z,Q,4.866667,0,1,A
2018-Q4,NLD,UNE_LF_M,PT_LF_SUB,_Z,Y,_T,Y_GE15,_Z,Q,4.633333,0,1,A
2019-Q1,NLD,UNE_LF_M,PT_LF_SUB,_Z,Y,_T,Y_GE15,_Z,Q,4.466667,0,1,A
2019-Q2,NLD,UNE_LF_M,PT_LF_SUB,_Z,Y,_T,Y_GE15,_Z,Q,4.333333,0,1,A
2019-Q3,NLD,UNE_LF_M,PT_LF_SUB,_Z,Y,_T,Y_GE15,_Z,Q,4.466667,0,1,A
2019-Q4,NLD,UNE_LF_M,PT_LF_SUB,_Z,Y,_T,Y_GE15,_Z,Q,4.433333,0,1,A
2020-Q1,NLD,UNE_LF_M,PT_LF_SUB,_Z,Y,_T,Y_GE15,_Z,Q,4.066667,0,1,A
2020-Q2,NLD,UNE_LF_M,PT_LF_SUB,_Z,Y,_T,Y_GE15,_Z,Q,4.833333,0,1,A
2020-Q3,NLD,UNE_LF_M,PT_LF_SUB,_Z,Y,_T,Y_GE15,_Z,Q,5.466667,0,1,A
2020-Q4,NLD,UNE_LF_M,PT_LF_SUB,_Z,Y,_T,Y_GE15,_Z,Q,5.066667,0,1,A
2021-Q1,NLD,UNE_LF_M,PT_LF_SUB,_Z,Y,_T,Y_GE15,_Z,Q,4.666667,0,1,A
2021-Q2,NLD,UNE_LF_M,PT_LF_SUB,_Z,Y,_T,Y_GE15,_Z,Q,4.366667,0,1,A
2021-Q3,NLD,UNE_LF_M,PT_LF_SUB,_Z,Y,_T,Y_GE15,_Z,Q,4.133333,0,1,A
2021-Q4,NLD,UNE_LF_M,PT_LF_SUB,_Z,Y,_T,Y_GE15,_Z,Q,3.8,0,1,A
2022-Q1,NLD,UNE_LF_M,PT_LF_SUB,_Z,Y,_T,Y_GE15,_Z,Q,3.433333,0,1,A
2022-Q2,NLD,UNE_LF_M,PT_LF_SUB,_Z,Y,_T,Y_GE15,_Z,Q,3.3,0,1,A
2022-Q3,NLD,UNE_LF_M,PT_LF_SUB,_Z,Y,_T,Y_GE15,_Z,Q,3.733333,0,1,A
2022-Q4,NLD,UNE_LF_M,PT_LF_SUB,_Z,Y,_T,Y_GE15,_Z,Q,3.6,0,1,A
2023-Q1,NLD,UNE_LF_M,PT_LF_SUB,_Z,Y,_T,Y_GE15,_Z,Q,3.533333,0,1,A
2023-Q2,NLD,UNE_LF_M,PT_LF_SUB,_Z,Y,_T,Y_GE15,_Z,Q,3.466667,0,1,A
2023-Q3,NLD,UNE_LF_M,PT_LF_SUB,_Z,Y,_T,Y_GE15,_Z,Q,3.633333,0,1,A
2023-Q4,NLD,UNE_LF_M,PT_LF_SUB,_Z,Y,_T,Y_GE15,_Z,Q,3.566667,0,1,A
2024-Q1,NLD,UNE_LF_M,PT_LF_SUB,_Z,Y,_T,Y_GE15,_Z,Q,3.633333,0,1,A
2024-Q2,NLD,UNE_LF_M,PT_LF_SUB,_Z,Y,_T,Y_GE15,_Z,Q,3.633333,0,1,A
2024-Q3,NLD,UNE_LF_M,PT_LF_SUB,_Z,Y,_T,Y_GE15,_Z,Q,3.666667,0,1,A
2024-Q4,NLD,UNE_LF_M,PT_LF_SUB,_Z,Y,_T,Y_GE15,_Z,Q,3.7,0,1,A
2025-Q1,NLD,UNE_LF_M,PT_LF_SUB,_Z,Y,_T,Y_GE15,_Z,Q,3.833333,0,1,A
2025-Q2,NLD,UNE_LF_M,PT_LF_SUB,_Z,Y,_T,Y_GE15,_Z,Q,3.8,0,1,A
2025-Q3,NLD,UNE_LF_M,PT_LF_SUB,_Z,Y,_T,Y_GE15,_Z,Q,3.9,0,1,A
2025-Q4,NLD,UNE_LF_M,PT_LF_SUB,_Z,Y,_T,Y_GE15,_Z,Q,4,0,1,A
1983-Q1,PRT,UNE_LF_M,PT_LF_SUB,_Z,Y,_T,Y_GE15,_Z,Q,8.166667,0,1,A
1983-Q2,PRT,UNE_LF_M,PT_LF_SUB,_Z,Y,_T,Y_GE15,_Z,Q,8.766666,0,1,A
1983-Q3,PRT,UNE_LF_M,PT_LF_SUB,_Z,Y,_T,Y_GE15,_Z,Q,9.333333,0,1,A
1983-Q4,PRT,UNE_LF_M,PT_LF_SUB,_Z,Y,_T,Y_GE15,_Z,Q,9.3,0,1,A
1984-Q1,PRT,UNE_LF_M,PT_LF_SUB,_Z,Y,_T,Y_GE15,_Z,Q,9.4,0,1,A
1984-Q2,PRT,UNE_LF_M,PT_LF_SUB,_Z,Y,_T,Y_GE15,_Z,Q,9.533334,0,1,A
1984-Q3,PRT,UNE_LF_M,PT_LF_SUB,_Z,Y,_T,Y_GE15,_Z,Q,9.666667,0,1,A
1984-Q4,PRT,UNE_LF_M,PT_LF_SUB,_Z,Y,_T,Y_GE15,_Z,Q,9.833333,0,1,A
1985-Q1,PRT,UNE_LF_M,PT_LF_SUB,_Z,Y,_T,Y_GE15,_Z,Q,9.633333,0,1,A
1985-Q2,PRT,UNE_LF_M,PT_LF_SUB,_Z,Y,_T,Y_GE15,_Z,Q,9.8,0,1,A
1985-Q3,PRT,UNE_LF_M,PT_LF_SUB,_Z,Y,_T,Y_GE15,_Z,Q,9.966666,0,1,A
1985-Q4,PRT,UNE_LF_M,PT_LF_SUB,_Z,Y,_T,Y_GE15,_Z,Q,10.03333,0,1,A
1986-Q1,PRT,UNE_LF_M,PT_LF_SUB,_Z,Y,_T,Y_GE15,_Z,Q,10.1,0,1,A
1986-Q2,PRT,UNE_LF_M,PT_LF_SUB,_Z,Y,_T,Y_GE15,_Z,Q,9.8,0,1,A
1986-Q3,PRT,UNE_LF_M,PT_LF_SUB,_Z,Y,_T,Y_GE15,_Z,Q,9.2,0,1,A
1986-Q4,PRT,UNE_LF_M,PT_LF_SUB,_Z,Y,_T,Y_GE15,_Z,Q,8.933333,0,1,A
1987-Q1,PRT,UNE_LF_M,PT_LF_SUB,_Z,Y,_T,Y_GE15,_Z,Q,8.633333,0,1,A
1987-Q2,PRT,UNE_LF_M,PT_LF_SUB,_Z,Y,_T,Y_GE15,_Z,Q,8.2,0,1,A
1987-Q3,PRT,UNE_LF_M,PT_LF_SUB,_Z,Y,_T,Y_GE15,_Z,Q,7.733333,0,1,A
1987-Q4,PRT,UNE_LF_M,PT_LF_SUB,_Z,Y,_T,Y_GE15,_Z,Q,7.466667,0,1,A
1988-Q1,PRT,UNE_LF_M,PT_LF_SUB,_Z,Y,_T,Y_GE15,_Z,Q,7,0,1,A
1988-Q2,PRT,UNE_LF_M,PT_LF_SUB,_Z,Y,_T,Y_GE15,_Z,Q,6.933333,0,1,A
1988-Q3,PRT,UNE_LF_M,PT_LF_SUB,_Z,Y,_T,Y_GE15,_Z,Q,6.333333,0,1,A
1988-Q4,PRT,UNE_LF_M,PT_LF_SUB,_Z,Y,_T,Y_GE15,_Z,Q,6.366667,0,1,A
1989-Q1,PRT,UNE_LF_M,PT_LF_SUB,_Z,Y,_T,Y_GE15,_Z,Q,6.2,0,1,A
1989-Q2,PRT,UNE_LF_M,PT_LF_SUB,_Z,Y,_T,Y_GE15,_Z,Q,6.066667,0,1,A
1989-Q3,PRT,UNE_LF_M,PT_LF_SUB,_Z,Y,_T,Y_GE15,_Z,Q,5.966667,0,1,A
1989-Q4,PRT,UNE_LF_M,PT_LF_SUB,_Z,Y,_T,Y_GE15,_Z,Q,5.8,0,1,A
1990-Q1,PRT,UNE_LF_M,PT_LF_SUB,_Z,Y,_T,Y_GE15,_Z,Q,5.866667,0,1,A
1990-Q2,PRT,UNE_LF_M,PT_LF_SUB,_Z,Y,_T,Y_GE15,_Z,Q,5.466667,0,1,A
1990-Q3,PRT,UNE_LF_M,PT_LF_SUB,_Z,Y,_T,Y_GE15,_Z,Q,5.766667,0,1,A
1990-Q4,PRT,UNE_LF_M,PT_LF_SUB,_Z,Y,_T,Y_GE15,_Z,Q,5.4,0,1,A
1991-Q1,PRT,UNE_LF_M,PT_LF_SUB,_Z,Y,_T,Y_GE15,_Z,Q,5.033333,0,1,A
1991-Q2,PRT,UNE_LF_M,PT_LF_SUB,_Z,Y,_T,Y_GE15,_Z,Q,4.9,0,1,A
1991-Q3,PRT,UNE_LF_M,PT_LF_SUB,_Z,Y,_T,Y_GE15,_Z,Q,5.2,0,1,A
1991-Q4,PRT,UNE_LF_M,PT_LF_SUB,_Z,Y,_T,Y_GE15,_Z,Q,5.033333,0,1,A
1992-Q1,PRT,UNE_LF_M,PT_LF_SUB,_Z,Y,_T,Y_GE15,_Z,Q,4.8,0,1,A
1992-Q2,PRT,UNE_LF_M,PT_LF_SUB,_Z,Y,_T,Y_GE15,_Z,Q,4.9,0,1,A
1992-Q3,PRT,UNE_LF_M,PT_LF_SUB,_Z,Y,_T,Y_GE15,_Z,Q,5.033333,0,1,A
1992-Q4,PRT,UNE_LF_M,PT_LF_SUB,_Z,Y,_T,Y_GE15,_Z,Q,5.233333,0,1,A
1993-Q1,PRT,UNE_LF_M,PT_LF_SUB,_Z,Y,_T,Y_GE15,_Z,Q,5.7,0,1,A
1993-Q2,PRT,UNE_LF_M,PT_LF_SUB,_Z,Y,_T,Y_GE15,_Z,Q,6.2,0,1,A
1993-Q3,PRT,UNE_LF_M,PT_LF_SUB,_Z,Y,_T,Y_GE15,_Z,Q,6.5,0,1,A
1993-Q4,PRT,UNE_LF_M,PT_LF_SUB,_Z,Y,_T,Y_GE15,_Z,Q,6.833333,0,1,A
1994-Q1,PRT,UNE_LF_M,PT_LF_SUB,_Z,Y,_T,Y_GE15,_Z,Q,7.3,0,1,A
1994-Q2,PRT,UNE_LF_M,PT_LF_SUB,_Z,Y,_T,Y_GE15,_Z,Q,7.566667,0,1,A
1994-Q3,PRT,UNE_LF_M,PT_LF_SUB,_Z,Y,_T,Y_GE15,_Z,Q,7.666667,0,1,A
1994-Q4,PRT,UNE_LF_M,PT_LF_SUB,_Z,Y,_T,Y_GE15,_Z,Q,7.8,0,1,A
1995-Q1,PRT,UNE_LF_M,PT_LF_SUB,_Z,Y,_T,Y_GE15,_Z,Q,7.966667,0,1,A
1995-Q2,PRT,UNE_LF_M,PT_LF_SUB,_Z,Y,_T,Y_GE15,_Z,Q,7.9,0,1,A
1995-Q3,PRT,UNE_LF_M,PT_LF_SUB,_Z,Y,_T,Y_GE15,_Z,Q,7.8,0,1,A
1995-Q4,PRT,UNE_LF_M,PT_LF_SUB,_Z,Y,_T,Y_GE15,_Z,Q,8,0,1,A
1996-Q1,PRT,UNE_LF_M,PT_LF_SUB,_Z,Y,_T,Y_GE15,_Z,Q,8.033334,0,1,A
1996-Q2,PRT,UNE_LF_M,PT_LF_SUB,_Z,Y,_T,Y_GE15,_Z,Q,8.166667,0,1,A
1996-Q3,PRT,UNE_LF_M,PT_LF_SUB,_Z,Y,_T,Y_GE15,_Z,Q,7.933333,0,1,A
1996-Q4,PRT,UNE_LF_M,PT_LF_SUB,_Z,Y,_T,Y_GE15,_Z,Q,7.833333,0,1,A
1997-Q1,PRT,UNE_LF_M,PT_LF_SUB,_Z,Y,_T,Y_GE15,_Z,Q,7.833333,0,1,A
1997-Q2,PRT,UNE_LF_M,PT_LF_SUB,_Z,Y,_T,Y_GE15,_Z,Q,7.433333,0,1,A
1997-Q3,PRT,UNE_LF_M,PT_LF_SUB,_Z,Y,_T,Y_GE15,_Z,Q,7.566667,0,1,A
1997-Q4,PRT,UNE_LF_M,PT_LF_SUB,_Z,Y,_T,Y_GE15,_Z,Q,7.2,0,1,A
1998-Q1,PRT,UNE_LF_M,PT_LF_SUB,_Z,Y,_T,Y_GE15,_Z,Q,6.766667,0,1,A
1998-Q2,PRT,UNE_LF_M,PT_LF_SUB,_Z,Y,_T,Y_GE15,_Z,Q,6.1,0,1,A
1998-Q3,PRT,UNE_LF_M,PT_LF_SUB,_Z,Y,_T,Y_GE15,_Z,Q,5.9,0,1,A
1998-Q4,PRT,UNE_LF_M,PT_LF_SUB,_Z,Y,_T,Y_GE15,_Z,Q,5.766667,0,1,A
1999-Q1,PRT,UNE_LF_M,PT_LF_SUB,_Z,Y,_T,Y_GE15,_Z,Q,5.833333,0,1,A
1999-Q2,PRT,UNE_LF_M,PT_LF_SUB,_Z,Y,_T,Y_GE15,_Z,Q,6,0,1,A
1999-Q3,PRT,UNE_LF_M,PT_LF_SUB,_Z,Y,_T,Y_GE15,_Z,Q,5.633333,0,1,A
1999-Q4,PRT,UNE_LF_M,PT_LF_SUB,_Z,Y,_T,Y_GE15,_Z,Q,5.4,0,1,A
2000-Q1,PRT,UNE_LF_M,PT_LF_SUB,_Z,Y,_T,Y_GE15,_Z,Q,5.433333,0,1,A
2000-Q2,PRT,UNE_LF_M,PT_LF_SUB,_Z,Y,_T,Y_GE15,_Z,Q,5.233333,0,1,A
2000-Q3,PRT,UNE_LF_M,PT_LF_SUB,_Z,Y,_T,Y_GE15,_Z,Q,5.366667,0,1,A
2000-Q4,PRT,UNE_LF_M,PT_LF_SUB,_Z,Y,_T,Y_GE15,_Z,Q,5.066667,0,1,A
2001-Q1,PRT,UNE_LF_M,PT_LF_SUB,_Z,Y,_T,Y_GE15,_Z,Q,5.266667,0,1,A
2001-Q2,PRT,UNE_LF_M,PT_LF_SUB,_Z,Y,_T,Y_GE15,_Z,Q,5.4,0,1,A
2001-Q3,PRT,UNE_LF_M,PT_LF_SUB,_Z,Y,_T,Y_GE15,_Z,Q,5.433333,0,1,A
2001-Q4,PRT,UNE_LF_M,PT_LF_SUB,_Z,Y,_T,Y_GE15,_Z,Q,5.4,0,1,A
2002-Q1,PRT,UNE_LF_M,PT_LF_SUB,_Z,Y,_T,Y_GE15,_Z,Q,5.633333,0,1,A
2002-Q2,PRT,UNE_LF_M,PT_LF_SUB,_Z,Y,_T,Y_GE15,_Z,Q,6.133333,0,1,A
2002-Q3,PRT,UNE_LF_M,PT_LF_SUB,_Z,Y,_T,Y_GE15,_Z,Q,6.666667,0,1,A
2002-Q4,PRT,UNE_LF_M,PT_LF_SUB,_Z,Y,_T,Y_GE15,_Z,Q,7.433333,0,1,A
2003-Q1,PRT,UNE_LF_M,PT_LF_SUB,_Z,Y,_T,Y_GE15,_Z,Q,7.633333,0,1,A
2003-Q2,PRT,UNE_LF_M,PT_LF_SUB,_Z,Y,_T,Y_GE15,_Z,Q,7.933333,0,1,A
2003-Q3,PRT,UNE_LF_M,PT_LF_SUB,_Z,Y,_T,Y_GE15,_Z,Q,7.833333,0,1,A
2003-Q4,PRT,UNE_LF_M,PT_LF_SUB,_Z,Y,_T,Y_GE15,_Z,Q,7.866667,0,1,A
2004-Q1,PRT,UNE_LF_M,PT_LF_SUB,_Z,Y,_T,Y_GE15,_Z,Q,7.566667,0,1,A
2004-Q2,PRT,UNE_LF_M,PT_LF_SUB,_Z,Y,_T,Y_GE15,_Z,Q,8.066667,0,1,A
2004-Q3,PRT,UNE_LF_M,PT_LF_SUB,_Z,Y,_T,Y_GE15,_Z,Q,8.433333,0,1,A
2004-Q4,PRT,UNE_LF_M,PT_LF_SUB,_Z,Y,_T,Y_GE15,_Z,Q,8.566667,0,1,A
2005-Q1,PRT,UNE_LF_M,PT_LF_SUB,_Z,Y,_T,Y_GE15,_Z,Q,8.833333,0,1,A
2005-Q2,PRT,UNE_LF_M,PT_LF_SUB,_Z,Y,_T,Y_GE15,_Z,Q,9.133333,0,1,A
2005-Q3,PRT,UNE_LF_M,PT_LF_SUB,_Z,Y,_T,Y_GE15,_Z,Q,9.5,0,1,A
2005-Q4,PRT,UNE_LF_M,PT_LF_SUB,_Z,Y,_T,Y_GE15,_Z,Q,9.433333,0,1,A
2006-Q1,PRT,UNE_LF_M,PT_LF_SUB,_Z,Y,_T,Y_GE15,_Z,Q,9.133333,0,1,A
2006-Q2,PRT,UNE_LF_M,PT_LF_SUB,_Z,Y,_T,Y_GE15,_Z,Q,9.1,0,1,A
2006-Q3,PRT,UNE_LF_M,PT_LF_SUB,_Z,Y,_T,Y_GE15,_Z,Q,9.333333,0,1,A
2006-Q4,PRT,UNE_LF_M,PT_LF_SUB,_Z,Y,_T,Y_GE15,_Z,Q,9.7,0,1,A
2007-Q1,PRT,UNE_LF_M,PT_LF_SUB,_Z,Y,_T,Y_GE15,_Z,Q,9.733334,0,1,A
2007-Q2,PRT,UNE_LF_M,PT_LF_SUB,_Z,Y,_T,Y_GE15,_Z,Q,9.766666,0,1,A
2007-Q3,PRT,UNE_LF_M,PT_LF_SUB,_Z,Y,_T,Y_GE15,_Z,Q,9.566667,0,1,A
2007-Q4,PRT,UNE_LF_M,PT_LF_SUB,_Z,Y,_T,Y_GE15,_Z,Q,9.3,0,1,A
2008-Q1,PRT,UNE_LF_M,PT_LF_SUB,_Z,Y,_T,Y_GE15,_Z,Q,8.966666,0,1,A
2008-Q2,PRT,UNE_LF_M,PT_LF_SUB,_Z,Y,_T,Y_GE15,_Z,Q,9.133333,0,1,A
2008-Q3,PRT,UNE_LF_M,PT_LF_SUB,_Z,Y,_T,Y_GE15,_Z,Q,9.333333,0,1,A
2008-Q4,PRT,UNE_LF_M,PT_LF_SUB,_Z,Y,_T,Y_GE15,_Z,Q,9.466666,0,1,A
2009-Q1,PRT,UNE_LF_M,PT_LF_SUB,_Z,Y,_T,Y_GE15,_Z,Q,10.26667,0,1,A
2009-Q2,PRT,UNE_LF_M,PT_LF_SUB,_Z,Y,_T,Y_GE15,_Z,Q,11.03333,0,1,A
2009-Q3,PRT,UNE_LF_M,PT_LF_SUB,_Z,Y,_T,Y_GE15,_Z,Q,11.76667,0,1,A
2009-Q4,PRT,UNE_LF_M,PT_LF_SUB,_Z,Y,_T,Y_GE15,_Z,Q,11.86667,0,1,A
2010-Q1,PRT,UNE_LF_M,PT_LF_SUB,_Z,Y,_T,Y_GE15,_Z,Q,12.03333,0,1,A
2010-Q2,PRT,UNE_LF_M,PT_LF_SUB,_Z,Y,_T,Y_GE15,_Z,Q,12.7,0,1,A
2010-Q3,PRT,UNE_LF_M,PT_LF_SUB,_Z,Y,_T,Y_GE15,_Z,Q,12.86667,0,1,A
2010-Q4,PRT,UNE_LF_M,PT_LF_SUB,_Z,Y,_T,Y_GE15,_Z,Q,12.73333,0,1,A
2011-Q1,PRT,UNE_LF_M,PT_LF_SUB,_Z,Y,_T,Y_GE15,_Z,Q,12.9,0,1,A
2011-Q2,PRT,UNE_LF_M,PT_LF_SUB,_Z,Y,_T,Y_GE15,_Z,Q,13.13333,0,1,A
2011-Q3,PRT,UNE_LF_M,PT_LF_SUB,_Z,Y,_T,Y_GE15,_Z,Q,13.56667,0,1,A
2011-Q4,PRT,UNE_LF_M,PT_LF_SUB,_Z,Y,_T,Y_GE15,_Z,Q,14.6,0,1,A
2012-Q1,PRT,UNE_LF_M,PT_LF_SUB,_Z,Y,_T,Y_GE15,_Z,Q,15.36667,0,1,A
2012-Q2,PRT,UNE_LF_M,PT_LF_SUB,_Z,Y,_T,Y_GE15,_Z,Q,16.26667,0,1,A
2012-Q3,PRT,UNE_LF_M,PT_LF_SUB,_Z,Y,_T,Y_GE15,_Z,Q,16.8,0,1,A
2012-Q4,PRT,UNE_LF_M,PT_LF_SUB,_Z,Y,_T,Y_GE15,_Z,Q,17.76667,0,1,A
2013-Q2,PRT,UNE_LF_M,PT_LF_SUB,_Z,Y,_T,Y_GE15,_Z,Q,17.9,0,1,A
2013-Q3,PRT,UNE_LF_M,PT_LF_SUB,_Z,Y,_T,Y_GE15,_Z,Q,16.9,0,1,A
2013-Q4,PRT,UNE_LF_M,PT_LF_SUB,_Z,Y,_T,Y_GE15,_Z,Q,15.96667,0,1,A
2014-Q1,PRT,UNE_LF_M,PT_LF_SUB,_Z,Y,_T,Y_GE15,_Z,Q,15.43333,0,1,A
2014-Q2,PRT,UNE_LF_M,PT_LF_SUB,_Z,Y,_T,Y_GE15,_Z,Q,15.03333,0,1,A
2014-Q3,PRT,UNE_LF_M,PT_LF_SUB,_Z,Y,_T,Y_GE15,_Z,Q,14.16667,0,1,A
2014-Q4,PRT,UNE_LF_M,PT_LF_SUB,_Z,Y,_T,Y_GE15,_Z,Q,13.96667,0,1,A
2015-Q1,PRT,UNE_LF_M,PT_LF_SUB,_Z,Y,_T,Y_GE15,_Z,Q,13.83333,0,1,A
2015-Q2,PRT,UNE_LF_M,PT_LF_SUB,_Z,Y,_T,Y_GE15,_Z,Q,12.9,0,1,A
2015-Q3,PRT,UNE_LF_M,PT_LF_SUB,_Z,Y,_T,Y_GE15,_Z,Q,12.63333,0,1,A
2015-Q4,PRT,UNE_LF_M,PT_LF_SUB,_Z,Y,_T,Y_GE15,_Z,Q,12.53333,0,1,A
2016-Q1,PRT,UNE_LF_M,PT_LF_SUB,_Z,Y,_T,Y_GE15,_Z,Q,12.36667,0,1,A
2016-Q2,PRT,UNE_LF_M,PT_LF_SUB,_Z,Y,_T,Y_GE15,_Z,Q,11.66667,0,1,A
2016-Q3,PRT,UNE_LF_M,PT_LF_SUB,_Z,Y,_T,Y_GE15,_Z,Q,11.2,0,1,A
2016-Q4,PRT,UNE_LF_M,PT_LF_SUB,_Z,Y,_T,Y_GE15,_Z,Q,10.63333,0,1,A
2017-Q1,PRT,UNE_LF_M,PT_LF_SUB,_Z,Y,_T,Y_GE15,_Z,Q,10.1,0,1,A
2017-Q2,PRT,UNE_LF_M,PT_LF_SUB,_Z,Y,_T,Y_GE15,_Z,Q,9.566667,0,1,A
2017-Q4,PRT,UNE_LF_M,PT_LF_SUB,_Z,Y,_T,Y_GE15,_Z,Q,8.266666,0,1,A
2018-Q1,PRT,UNE_LF_M,PT_LF_SUB,_Z,Y,_T,Y_GE15,_Z,Q,7.733333,0,1,A
2018-Q2,PRT,UNE_LF_M,PT_LF_SUB,_Z,Y,_T,Y_GE15,_Z,Q,7.233333,0,1,A
2018-Q3,PRT,UNE_LF_M,PT_LF_SUB,_Z,Y,_T,Y_GE15,_Z,Q,7.033333,0,1,A
2018-Q4,PRT,UNE_LF_M,PT_LF_SUB,_Z,Y,_T,Y_GE15,_Z,Q,6.7,0,1,A
2019-Q1,PRT,UNE_LF_M,PT_LF_SUB,_Z,Y,_T,Y_GE15,_Z,Q,6.6,0,1,A
2019-Q2,PRT,UNE_LF_M,PT_LF_SUB,_Z,Y,_T,Y_GE15,_Z,Q,6.7,0,1,A
2019-Q3,PRT,UNE_LF_M,PT_LF_SUB,_Z,Y,_T,Y_GE15,_Z,Q,6.566667,0,1,A
2019-Q4,PRT,UNE_LF_M,PT_LF_SUB,_Z,Y,_T,Y_GE15,_Z,Q,6.666667,0,1,A
2020-Q1,PRT,UNE_LF_M,PT_LF_SUB,_Z,Y,_T,Y_GE15,_Z,Q,6.366667,0,1,A
2020-Q2,PRT,UNE_LF_M,PT_LF_SUB,_Z,Y,_T,Y_GE15,_Z,Q,6.433333,0,1,A
2020-Q3,PRT,UNE_LF_M,PT_LF_SUB,_Z,Y,_T,Y_GE15,_Z,Q,8.266666,0,1,A
2020-Q4,PRT,UNE_LF_M,PT_LF_SUB,_Z,Y,_T,Y_GE15,_Z,Q,7.3,0,1,A
2021-Q1,PRT,UNE_LF_M,PT_LF_SUB,_Z,Y,_T,Y_GE15,_Z,Q,6.8,0,1,A
2021-Q2,PRT,UNE_LF_M,PT_LF_SUB,_Z,Y,_T,Y_GE15,_Z,Q,7.2,0,1,A
2021-Q3,PRT,UNE_LF_M,PT_LF_SUB,_Z,Y,_T,Y_GE15,_Z,Q,6.666667,0,1,A
2021-Q4,PRT,UNE_LF_M,PT_LF_SUB,_Z,Y,_T,Y_GE15,_Z,Q,6.233333,0,1,A
2022-Q1,PRT,UNE_LF_M,PT_LF_SUB,_Z,Y,_T,Y_GE15,_Z,Q,5.833333,0,1,A
2022-Q2,PRT,UNE_LF_M,PT_LF_SUB,_Z,Y,_T,Y_GE15,_Z,Q,6.2,0,1,A
2022-Q3,PRT,UNE_LF_M,PT_LF_SUB,_Z,Y,_T,Y_GE15,_Z,Q,6.2,0,1,A
2022-Q4,PRT,UNE_LF_M,PT_LF_SUB,_Z,Y,_T,Y_GE15,_Z,Q,6.5,0,1,A
2023-Q1,PRT,UNE_LF_M,PT_LF_SUB,_Z,Y,_T,Y_GE15,_Z,Q,6.9,0,1,A
2023-Q2,PRT,UNE_LF_M,PT_LF_SUB,_Z,Y,_T,Y_GE15,_Z,Q,6.5,0,1,A
2023-Q3,PRT,UNE_LF_M,PT_LF_SUB,_Z,Y,_T,Y_GE15,_Z,Q,6.466667,0,1,A
2023-Q4,PRT,UNE_LF_M,PT_LF_SUB,_Z,Y,_T,Y_GE15,_Z,Q,6.5,0,1,A
2024-Q1,PRT,UNE_LF_M,PT_LF_SUB,_Z,Y,_T,Y_GE15,_Z,Q,6.433333,0,1,A
2024-Q2,PRT,UNE_LF_M,PT_LF_SUB,_Z,Y,_T,Y_GE15,_Z,Q,6.466667,0,1,A
2024-Q3,PRT,UNE_LF_M,PT_LF_SUB,_Z,Y,_T,Y_GE15,_Z,Q,6.433333,0,1,A
2024-Q4,PRT,UNE_LF_M,PT_LF_SUB,_Z,Y,_T,Y_GE15,_Z,Q,6.533333,0,1,A
2025-Q1,PRT,UNE_LF_M,PT_LF_SUB,_Z,Y,_T,Y_GE15,_Z,Q,6.3,0,1,A
2025-Q2,PRT,UNE_LF_M,PT_LF_SUB,_Z,Y,_T,Y_GE15,_Z,Q,6.166667,0,1,A
2025-Q3,PRT,UNE_LF_M,PT_LF_SUB,_Z,Y,_T,Y_GE15,_Z,Q,5.966667,0,1,A
2025-Q4,PRT,UNE_LF_M,PT_LF_SUB,_Z,Y,_T,Y_GE15,_Z,Q,5.7,0,1,A
1983-Q1,LUX,UNE_LF_M,PT_LF_SUB,_Z,Y,_T,Y_GE15,_Z,Q,3.266667,0,1,A
1983-Q2,LUX,UNE_LF_M,PT_LF_SUB,_Z,Y,_T,Y_GE15,_Z,Q,3.466667,0,1,A
1983-Q3,LUX,UNE_LF_M,PT_LF_SUB,_Z,Y,_T,Y_GE15,_Z,Q,3.6,0,1,A
1983-Q4,LUX,UNE_LF_M,PT_LF_SUB,_Z,Y,_T,Y_GE15,_Z,Q,3.333333,0,1,A
1984-Q1,LUX,UNE_LF_M,PT_LF_SUB,_Z,Y,_T,Y_GE15,_Z,Q,3.266667,0,1,A
1984-Q2,LUX,UNE_LF_M,PT_LF_SUB,_Z,Y,_T,Y_GE15,_Z,Q,2.933333,0,1,A
1984-Q3,LUX,UNE_LF_M,PT_LF_SUB,_Z,Y,_T,Y_GE15,_Z,Q,2.966667,0,1,A
1984-Q4,LUX,UNE_LF_M,PT_LF_SUB,_Z,Y,_T,Y_GE15,_Z,Q,2.933333,0,1,A
1985-Q1,LUX,UNE_LF_M,PT_LF_SUB,_Z,Y,_T,Y_GE15,_Z,Q,2.833333,0,1,A
1985-Q2,LUX,UNE_LF_M,PT_LF_SUB,_Z,Y,_T,Y_GE15,_Z,Q,3,0,1,A
1985-Q3,LUX,UNE_LF_M,PT_LF_SUB,_Z,Y,_T,Y_GE15,_Z,Q,2.9,0,1,A
1985-Q4,LUX,UNE_LF_M,PT_LF_SUB,_Z,Y,_T,Y_GE15,_Z,Q,2.8,0,1,A
1986-Q1,LUX,UNE_LF_M,PT_LF_SUB,_Z,Y,_T,Y_GE15,_Z,Q,2.766667,0,1,A
1986-Q2,LUX,UNE_LF_M,PT_LF_SUB,_Z,Y,_T,Y_GE15,_Z,Q,2.7,0,1,A
1986-Q3,LUX,UNE_LF_M,PT_LF_SUB,_Z,Y,_T,Y_GE15,_Z,Q,2.466667,0,1,A
1986-Q4,LUX,UNE_LF_M,PT_LF_SUB,_Z,Y,_T,Y_GE15,_Z,Q,2.333333,0,1,A
1987-Q1,LUX,UNE_LF_M,PT_LF_SUB,_Z,Y,_T,Y_GE15,_Z,Q,2.5,0,1,A
1987-Q2,LUX,UNE_LF_M,PT_LF_SUB,_Z,Y,_T,Y_GE15,_Z,Q,2.566667,0,1,A
1987-Q3,LUX,UNE_LF_M,PT_LF_SUB,_Z,Y,_T,Y_GE15,_Z,Q,2.433333,0,1,A
1987-Q4,LUX,UNE_LF_M,PT_LF_SUB,_Z,Y,_T,Y_GE15,_Z,Q,2.3,0,1,A
1988-Q1,LUX,UNE_LF_M,PT_LF_SUB,_Z,Y,_T,Y_GE15,_Z,Q,2.233333,0,1,A
1988-Q2,LUX,UNE_LF_M,PT_LF_SUB,_Z,Y,_T,Y_GE15,_Z,Q,2.033333,0,1,A
1988-Q3,LUX,UNE_LF_M,PT_LF_SUB,_Z,Y,_T,Y_GE15,_Z,Q,1.933333,0,1,A
1988-Q4,LUX,UNE_LF_M,PT_LF_SUB,_Z,Y,_T,Y_GE15,_Z,Q,1.8,0,1,A
1989-Q1,LUX,UNE_LF_M,PT_LF_SUB,_Z,Y,_T,Y_GE15,_Z,Q,1.7,0,1,A
1989-Q2,LUX,UNE_LF_M,PT_LF_SUB,_Z,Y,_T,Y_GE15,_Z,Q,1.766667,0,1,A
1989-Q3,LUX,UNE_LF_M,PT_LF_SUB,_Z,Y,_T,Y_GE15,_Z,Q,1.866667,0,1,A
1989-Q4,LUX,UNE_LF_M,PT_LF_SUB,_Z,Y,_T,Y_GE15,_Z,Q,1.833333,0,1,A
1990-Q1,LUX,UNE_LF_M,PT_LF_SUB,_Z,Y,_T,Y_GE15,_Z,Q,1.766667,0,1,A
1990-Q2,LUX,UNE_LF_M,PT_LF_SUB,_Z,Y,_T,Y_GE15,_Z,Q,1.7,0,1,A
1990-Q3,LUX,UNE_LF_M,PT_LF_SUB,_Z,Y,_T,Y_GE15,_Z,Q,1.566667,0,1,A
1990-Q4,LUX,UNE_LF_M,PT_LF_SUB,_Z,Y,_T,Y_GE15,_Z,Q,1.6,0,1,A
1991-Q1,LUX,UNE_LF_M,PT_LF_SUB,_Z,Y,_T,Y_GE15,_Z,Q,1.5,0,1,A
1991-Q2,LUX,UNE_LF_M,PT_LF_SUB,_Z,Y,_T,Y_GE15,_Z,Q,1.566667,0,1,A
1991-Q3,LUX,UNE_LF_M,PT_LF_SUB,_Z,Y,_T,Y_GE15,_Z,Q,1.666667,0,1,A
1991-Q4,LUX,UNE_LF_M,PT_LF_SUB,_Z,Y,_T,Y_GE15,_Z,Q,1.8,0,1,A
1992-Q1,LUX,UNE_LF_M,PT_LF_SUB,_Z,Y,_T,Y_GE15,_Z,Q,1.9,0,1,A
1992-Q2,LUX,UNE_LF_M,PT_LF_SUB,_Z,Y,_T,Y_GE15,_Z,Q,2.033333,0,1,A
1992-Q3,LUX,UNE_LF_M,PT_LF_SUB,_Z,Y,_T,Y_GE15,_Z,Q,2.133333,0,1,A
1992-Q4,LUX,UNE_LF_M,PT_LF_SUB,_Z,Y,_T,Y_GE15,_Z,Q,2.2,0,1,A
1993-Q1,LUX,UNE_LF_M,PT_LF_SUB,_Z,Y,_T,Y_GE15,_Z,Q,2.233333,0,1,A
1993-Q2,LUX,UNE_LF_M,PT_LF_SUB,_Z,Y,_T,Y_GE15,_Z,Q,2.433333,0,1,A
1993-Q3,LUX,UNE_LF_M,PT_LF_SUB,_Z,Y,_T,Y_GE15,_Z,Q,2.8,0,1,A
1993-Q4,LUX,UNE_LF_M,PT_LF_SUB,_Z,Y,_T,Y_GE15,_Z,Q,2.966667,0,1,A
1994-Q1,LUX,UNE_LF_M,PT_LF_SUB,_Z,Y,_T,Y_GE15,_Z,Q,3.2,0,1,A
1994-Q2,LUX,UNE_LF_M,PT_LF_SUB,_Z,Y,_T,Y_GE15,_Z,Q,3.3,0,1,A
1994-Q3,LUX,UNE_LF_M,PT_LF_SUB,_Z,Y,_T,Y_GE15,_Z,Q,3.133333,0,1,A
1994-Q4,LUX,UNE_LF_M,PT_LF_SUB,_Z,Y,_T,Y_GE15,_Z,Q,3,0,1,A
1995-Q1,LUX,UNE_LF_M,PT_LF_SUB,_Z,Y,_T,Y_GE15,_Z,Q,2.866667,0,1,A
1995-Q2,LUX,UNE_LF_M,PT_LF_SUB,_Z,Y,_T,Y_GE15,_Z,Q,2.8,0,1,A
1995-Q3,LUX,UNE_LF_M,PT_LF_SUB,_Z,Y,_T,Y_GE15,_Z,Q,2.833333,0,1,A
1995-Q4,LUX,UNE_LF_M,PT_LF_SUB,_Z,Y,_T,Y_GE15,_Z,Q,2.9,0,1,A
1996-Q1,LUX,UNE_LF_M,PT_LF_SUB,_Z,Y,_T,Y_GE15,_Z,Q,3.033333,0,1,A
1996-Q2,LUX,UNE_LF_M,PT_LF_SUB,_Z,Y,_T,Y_GE15,_Z,Q,3.066667,0,1,A
1996-Q3,LUX,UNE_LF_M,PT_LF_SUB,_Z,Y,_T,Y_GE15,_Z,Q,2.833333,0,1,A
1996-Q4,LUX,UNE_LF_M,PT_LF_SUB,_Z,Y,_T,Y_GE15,_Z,Q,2.8,0,1,A
1997-Q1,LUX,UNE_LF_M,PT_LF_SUB,_Z,Y,_T,Y_GE15,_Z,Q,2.633333,0,1,A
1997-Q2,LUX,UNE_LF_M,PT_LF_SUB,_Z,Y,_T,Y_GE15,_Z,Q,2.6,0,1,A
1997-Q3,LUX,UNE_LF_M,PT_LF_SUB,_Z,Y,_T,Y_GE15,_Z,Q,2.733333,0,1,A
1997-Q4,LUX,UNE_LF_M,PT_LF_SUB,_Z,Y,_T,Y_GE15,_Z,Q,2.833333,0,1,A
1998-Q1,LUX,UNE_LF_M,PT_LF_SUB,_Z,Y,_T,Y_GE15,_Z,Q,2.8,0,1,A
1998-Q2,LUX,UNE_LF_M,PT_LF_SUB,_Z,Y,_T,Y_GE15,_Z,Q,2.766667,0,1,A
1998-Q3,LUX,UNE_LF_M,PT_LF_SUB,_Z,Y,_T,Y_GE15,_Z,Q,2.633333,0,1,A
1998-Q4,LUX,UNE_LF_M,PT_LF_SUB,_Z,Y,_T,Y_GE15,_Z,Q,2.5,0,1,A
1999-Q1,LUX,UNE_LF_M,PT_LF_SUB,_Z,Y,_T,Y_GE15,_Z,Q,2.4,0,1,A
1999-Q2,LUX,UNE_LF_M,PT_LF_SUB,_Z,Y,_T,Y_GE15,_Z,Q,2.4,0,1,A
1999-Q3,LUX,UNE_LF_M,PT_LF_SUB,_Z,Y,_T,Y_GE15,_Z,Q,2.4,0,1,A
1999-Q4,LUX,UNE_LF_M,PT_LF_SUB,_Z,Y,_T,Y_GE15,_Z,Q,2.4,0,1,A
2000-Q1,LUX,UNE_LF_M,PT_LF_SUB,_Z,Y,_T,Y_GE15,_Z,Q,2.3,0,1,A
2000-Q2,LUX,UNE_LF_M,PT_LF_SUB,_Z,Y,_T,Y_GE15,_Z,Q,2.3,0,1,A
2000-Q3,LUX,UNE_LF_M,PT_LF_SUB,_Z,Y,_T,Y_GE15,_Z,Q,2.2,0,1,A
2000-Q4,LUX,UNE_LF_M,PT_LF_SUB,_Z,Y,_T,Y_GE15,_Z,Q,2.066667,0,1,A
2001-Q1,LUX,UNE_LF_M,PT_LF_SUB,_Z,Y,_T,Y_GE15,_Z,Q,1.9,0,1,A
2001-Q2,LUX,UNE_LF_M,PT_LF_SUB,_Z,Y,_T,Y_GE15,_Z,Q,1.833333,0,1,A
2001-Q3,LUX,UNE_LF_M,PT_LF_SUB,_Z,Y,_T,Y_GE15,_Z,Q,1.866667,0,1,A
2001-Q4,LUX,UNE_LF_M,PT_LF_SUB,_Z,Y,_T,Y_GE15,_Z,Q,2,0,1,A
2002-Q1,LUX,UNE_LF_M,PT_LF_SUB,_Z,Y,_T,Y_GE15,_Z,Q,2.2,0,1,A
2002-Q2,LUX,UNE_LF_M,PT_LF_SUB,_Z,Y,_T,Y_GE15,_Z,Q,2.4,0,1,A
2002-Q3,LUX,UNE_LF_M,PT_LF_SUB,_Z,Y,_T,Y_GE15,_Z,Q,2.666667,0,1,A
2002-Q4,LUX,UNE_LF_M,PT_LF_SUB,_Z,Y,_T,Y_GE15,_Z,Q,3,0,1,A
2003-Q1,LUX,UNE_LF_M,PT_LF_SUB,_Z,Y,_T,Y_GE15,_Z,Q,3.3,0,1,A
2003-Q2,LUX,UNE_LF_M,PT_LF_SUB,_Z,Y,_T,Y_GE15,_Z,Q,3.6,0,1,A
2003-Q3,LUX,UNE_LF_M,PT_LF_SUB,_Z,Y,_T,Y_GE15,_Z,Q,3.933333,0,1,A
2003-Q4,LUX,UNE_LF_M,PT_LF_SUB,_Z,Y,_T,Y_GE15,_Z,Q,4.3,0,1,A
2004-Q1,LUX,UNE_LF_M,PT_LF_SUB,_Z,Y,_T,Y_GE15,_Z,Q,4.733333,0,1,A
2004-Q2,LUX,UNE_LF_M,PT_LF_SUB,_Z,Y,_T,Y_GE15,_Z,Q,5,0,1,A
2004-Q3,LUX,UNE_LF_M,PT_LF_SUB,_Z,Y,_T,Y_GE15,_Z,Q,5.1,0,1,A
2004-Q4,LUX,UNE_LF_M,PT_LF_SUB,_Z,Y,_T,Y_GE15,_Z,Q,4.933333,0,1,A
2005-Q1,LUX,UNE_LF_M,PT_LF_SUB,_Z,Y,_T,Y_GE15,_Z,Q,4.733333,0,1,A
2005-Q2,LUX,UNE_LF_M,PT_LF_SUB,_Z,Y,_T,Y_GE15,_Z,Q,4.666667,0,1,A
2005-Q3,LUX,UNE_LF_M,PT_LF_SUB,_Z,Y,_T,Y_GE15,_Z,Q,4.533333,0,1,A
2005-Q4,LUX,UNE_LF_M,PT_LF_SUB,_Z,Y,_T,Y_GE15,_Z,Q,4.633333,0,1,A
2006-Q1,LUX,UNE_LF_M,PT_LF_SUB,_Z,Y,_T,Y_GE15,_Z,Q,4.566667,0,1,A
2006-Q2,LUX,UNE_LF_M,PT_LF_SUB,_Z,Y,_T,Y_GE15,_Z,Q,4.533333,0,1,A
2006-Q3,LUX,UNE_LF_M,PT_LF_SUB,_Z,Y,_T,Y_GE15,_Z,Q,4.6,0,1,A
2006-Q4,LUX,UNE_LF_M,PT_LF_SUB,_Z,Y,_T,Y_GE15,_Z,Q,4.6,0,1,A
2007-Q1,LUX,UNE_LF_M,PT_LF_SUB,_Z,Y,_T,Y_GE15,_Z,Q,4.366667,0,1,A
2007-Q2,LUX,UNE_LF_M,PT_LF_SUB,_Z,Y,_T,Y_GE15,_Z,Q,4.133333,0,1,A
2007-Q3,LUX,UNE_LF_M,PT_LF_SUB,_Z,Y,_T,Y_GE15,_Z,Q,4.033333,0,1,A
2007-Q4,LUX,UNE_LF_M,PT_LF_SUB,_Z,Y,_T,Y_GE15,_Z,Q,4.166667,0,1,A
2008-Q1,LUX,UNE_LF_M,PT_LF_SUB,_Z,Y,_T,Y_GE15,_Z,Q,4.366667,0,1,A
2008-Q2,LUX,UNE_LF_M,PT_LF_SUB,_Z,Y,_T,Y_GE15,_Z,Q,4.8,0,1,A
2008-Q3,LUX,UNE_LF_M,PT_LF_SUB,_Z,Y,_T,Y_GE15,_Z,Q,5.066667,0,1,A
2008-Q4,LUX,UNE_LF_M,PT_LF_SUB,_Z,Y,_T,Y_GE15,_Z,Q,5.2,0,1,A
2009-Q1,LUX,UNE_LF_M,PT_LF_SUB,_Z,Y,_T,Y_GE15,_Z,Q,5.4,0,1,A
2009-Q2,LUX,UNE_LF_M,PT_LF_SUB,_Z,Y,_T,Y_GE15,_Z,Q,5.3,0,1,A
2009-Q3,LUX,UNE_LF_M,PT_LF_SUB,_Z,Y,_T,Y_GE15,_Z,Q,5.066667,0,1,A
2009-Q4,LUX,UNE_LF_M,PT_LF_SUB,_Z,Y,_T,Y_GE15,_Z,Q,4.9,0,1,A
2010-Q1,LUX,UNE_LF_M,PT_LF_SUB,_Z,Y,_T,Y_GE15,_Z,Q,4.633333,0,1,A
2010-Q2,LUX,UNE_LF_M,PT_LF_SUB,_Z,Y,_T,Y_GE15,_Z,Q,4.466667,0,1,A
2010-Q3,LUX,UNE_LF_M,PT_LF_SUB,_Z,Y,_T,Y_GE15,_Z,Q,4.433333,0,1,A
2010-Q4,LUX,UNE_LF_M,PT_LF_SUB,_Z,Y,_T,Y_GE15,_Z,Q,4.733333,0,1,A
2011-Q1,LUX,UNE_LF_M,PT_LF_SUB,_Z,Y,_T,Y_GE15,_Z,Q,4.7,0,1,A
2011-Q2,LUX,UNE_LF_M,PT_LF_SUB,_Z,Y,_T,Y_GE15,_Z,Q,4.766667,0,1,A
2011-Q3,LUX,UNE_LF_M,PT_LF_SUB,_Z,Y,_T,Y_GE15,_Z,Q,5.033333,0,1,A
2011-Q4,LUX,UNE_LF_M,PT_LF_SUB,_Z,Y,_T,Y_GE15,_Z,Q,4.833333,0,1,A
2012-Q1,LUX,UNE_LF_M,PT_LF_SUB,_Z,Y,_T,Y_GE15,_Z,Q,4.933333,0,1,A
2012-Q2,LUX,UNE_LF_M,PT_LF_SUB,_Z,Y,_T,Y_GE15,_Z,Q,5.066667,0,1,A
2012-Q3,LUX,UNE_LF_M,PT_LF_SUB,_Z,Y,_T,Y_GE15,_Z,Q,5.033333,0,1,A
2012-Q4,LUX,UNE_LF_M,PT_LF_SUB,_Z,Y,_T,Y_GE15,_Z,Q,5.3,0,1,A
2013-Q1,LUX,UNE_LF_M,PT_LF_SUB,_Z,Y,_T,Y_GE15,_Z,Q,5.6,0,1,A
2013-Q2,LUX,UNE_LF_M,PT_LF_SUB,_Z,Y,_T,Y_GE15,_Z,Q,5.8,0,1,A
2013-Q3,LUX,UNE_LF_M,PT_LF_SUB,_Z,Y,_T,Y_GE15,_Z,Q,5.933333,0,1,A
2013-Q4,LUX,UNE_LF_M,PT_LF_SUB,_Z,Y,_T,Y_GE15,_Z,Q,6,0,1,A
2014-Q1,LUX,UNE_LF_M,PT_LF_SUB,_Z,Y,_T,Y_GE15,_Z,Q,5.966667,0,1,A
2014-Q2,LUX,UNE_LF_M,PT_LF_SUB,_Z,Y,_T,Y_GE15,_Z,Q,5.966667,0,1,A
2014-Q3,LUX,UNE_LF_M,PT_LF_SUB,_Z,Y,_T,Y_GE15,_Z,Q,6.033333,0,1,A
2014-Q4,LUX,UNE_LF_M,PT_LF_SUB,_Z,Y,_T,Y_GE15,_Z,Q,6.166667,0,1,A
2015-Q1,LUX,UNE_LF_M,PT_LF_SUB,_Z,Y,_T,Y_GE15,_Z,Q,6.366667,0,1,A
2015-Q2,LUX,UNE_LF_M,PT_LF_SUB,_Z,Y,_T,Y_GE15,_Z,Q,6.5,0,1,A
2015-Q3,LUX,UNE_LF_M,PT_LF_SUB,_Z,Y,_T,Y_GE15,_Z,Q,6.5,0,1,A
2015-Q4,LUX,UNE_LF_M,PT_LF_SUB,_Z,Y,_T,Y_GE15,_Z,Q,6.5,0,1,A
2016-Q1,LUX,UNE_LF_M,PT_LF_SUB,_Z,Y,_T,Y_GE15,_Z,Q,6.4,0,1,A
2016-Q2,LUX,UNE_LF_M,PT_LF_SUB,_Z,Y,_T,Y_GE15,_Z,Q,6.3,0,1,A
2016-Q3,LUX,UNE_LF_M,PT_LF_SUB,_Z,Y,_T,Y_GE15,_Z,Q,6.3,0,1,A
2016-Q4,LUX,UNE_LF_M,PT_LF_SUB,_Z,Y,_T,Y_GE15,_Z,Q,6.3,0,1,A
2017-Q1,LUX,UNE_LF_M,PT_LF_SUB,_Z,Y,_T,Y_GE15,_Z,Q,5.9,0,1,A
2017-Q2,LUX,UNE_LF_M,PT_LF_SUB,_Z,Y,_T,Y_GE15,_Z,Q,5.533333,0,1,A
2017-Q3,LUX,UNE_LF_M,PT_LF_SUB,_Z,Y,_T,Y_GE15,_Z,Q,5.533333,0,1,A
2017-Q4,LUX,UNE_LF_M,PT_LF_SUB,_Z,Y,_T,Y_GE15,_Z,Q,5.466667,0,1,A
2018-Q1,LUX,UNE_LF_M,PT_LF_SUB,_Z,Y,_T,Y_GE15,_Z,Q,5.566667,0,1,A
2018-Q2,LUX,UNE_LF_M,PT_LF_SUB,_Z,Y,_T,Y_GE15,_Z,Q,5.533333,0,1,A
2018-Q3,LUX,UNE_LF_M,PT_LF_SUB,_Z,Y,_T,Y_GE15,_Z,Q,5.633333,0,1,A
2018-Q4,LUX,UNE_LF_M,PT_LF_SUB,_Z,Y,_T,Y_GE15,_Z,Q,5.4,0,1,A
2019-Q1,LUX,UNE_LF_M,PT_LF_SUB,_Z,Y,_T,Y_GE15,_Z,Q,5.5,0,1,A
2019-Q2,LUX,UNE_LF_M,PT_LF_SUB,_Z,Y,_T,Y_GE15,_Z,Q,5.633333,0,1,A
2019-Q3,LUX,UNE_LF_M,PT_LF_SUB,_Z,Y,_T,Y_GE15,_Z,Q,5.666667,0,1,A
2019-Q4,LUX,UNE_LF_M,PT_LF_SUB,_Z,Y,_T,Y_GE15,_Z,Q,5.633333,0,1,A
2020-Q1,LUX,UNE_LF_M,PT_LF_SUB,_Z,Y,_T,Y_GE15,_Z,Q,6.033333,0,1,A
2020-Q2,LUX,UNE_LF_M,PT_LF_SUB,_Z,Y,_T,Y_GE15,_Z,Q,7.533333,0,1,A
2020-Q3,LUX,UNE_LF_M,PT_LF_SUB,_Z,Y,_T,Y_GE15,_Z,Q,6.766667,0,1,A
2020-Q4,LUX,UNE_LF_M,PT_LF_SUB,_Z,Y,_T,Y_GE15,_Z,Q,6.333333,0,1,A
2021-Q1,LUX,UNE_LF_M,PT_LF_SUB,_Z,Y,_T,Y_GE15,_Z,Q,6.266667,0,1,A
2021-Q2,LUX,UNE_LF_M,PT_LF_SUB,_Z,Y,_T,Y_GE15,_Z,Q,5.6,0,1,A
2021-Q3,LUX,UNE_LF_M,PT_LF_SUB,_Z,Y,_T,Y_GE15,_Z,Q,5.066667,0,1,A
2022-Q1,LUX,UNE_LF_M,PT_LF_SUB,_Z,Y,_T,Y_GE15,_Z,Q,4.5,0,1,A
2022-Q2,LUX,UNE_LF_M,PT_LF_SUB,_Z,Y,_T,Y_GE15,_Z,Q,4.4,0,1,A
2022-Q3,LUX,UNE_LF_M,PT_LF_SUB,_Z,Y,_T,Y_GE15,_Z,Q,4.633333,0,1,A
2022-Q4,LUX,UNE_LF_M,PT_LF_SUB,_Z,Y,_T,Y_GE15,_Z,Q,4.833333,0,1,A
2023-Q1,LUX,UNE_LF_M,PT_LF_SUB,_Z,Y,_T,Y_GE15,_Z,Q,4.9,0,1,A
2023-Q2,LUX,UNE_LF_M,PT_LF_SUB,_Z,Y,_T,Y_GE15,_Z,Q,5.033333,0,1,A
2023-Q3,LUX,UNE_LF_M,PT_LF_SUB,_Z,Y,_T,Y_GE15,_Z,Q,5.333333,0,1,A
2023-Q4,LUX,UNE_LF_M,PT_LF_SUB,_Z,Y,_T,Y_GE15,_Z,Q,5.666667,0,1,A
2024-Q1,LUX,UNE_LF_M,PT_LF_SUB,_Z,Y,_T,Y_GE15,_Z,Q,5.966667,0,1,A
2024-Q2,LUX,UNE_LF_M,PT_LF_SUB,_Z,Y,_T,Y_GE15,_Z,Q,6.233333,0,1,A
2024-Q3,LUX,UNE_LF_M,PT_LF_SUB,_Z,Y,_T,Y_GE15,_Z,Q,6.466667,0,1,A
2024-Q4,LUX,UNE_LF_M,PT_LF_SUB,_Z,Y,_T,Y_GE15,_Z,Q,6.566667,0,1,A
2025-Q1,LUX,UNE_LF_M,PT_LF_SUB,_Z,Y,_T,Y_GE15,_Z,Q,6.5,0,1,A
2025-Q3,LUX,UNE_LF_M,PT_LF_SUB,_Z,Y,_T,Y_GE15,_Z,Q,6.5,0,1,A
1983-Q1,DNK,UNE_LF_M,PT_LF_SUB,_Z,Y,_T,Y_GE15,_Z,Q,8.2,0,1,A
1983-Q2,DNK,UNE_LF_M,PT_LF_SUB,_Z,Y,_T,Y_GE15,_Z,Q,8.433333,0,1,A
1983-Q3,DNK,UNE_LF_M,PT_LF_SUB,_Z,Y,_T,Y_GE15,_Z,Q,8.466666,0,1,A
1983-Q4,DNK,UNE_LF_M,PT_LF_SUB,_Z,Y,_T,Y_GE15,_Z,Q,8.4,0,1,A
1984-Q1,DNK,UNE_LF_M,PT_LF_SUB,_Z,Y,_T,Y_GE15,_Z,Q,8.266666,0,1,A
1984-Q2,DNK,UNE_LF_M,PT_LF_SUB,_Z,Y,_T,Y_GE15,_Z,Q,8.033334,0,1,A
1984-Q3,DNK,UNE_LF_M,PT_LF_SUB,_Z,Y,_T,Y_GE15,_Z,Q,7.833333,0,1,A
1984-Q4,DNK,UNE_LF_M,PT_LF_SUB,_Z,Y,_T,Y_GE15,_Z,Q,7.566667,0,1,A
1985-Q1,DNK,UNE_LF_M,PT_LF_SUB,_Z,Y,_T,Y_GE15,_Z,Q,7.3,0,1,A
1985-Q2,DNK,UNE_LF_M,PT_LF_SUB,_Z,Y,_T,Y_GE15,_Z,Q,6.966667,0,1,A
1985-Q3,DNK,UNE_LF_M,PT_LF_SUB,_Z,Y,_T,Y_GE15,_Z,Q,6.4,0,1,A
1985-Q4,DNK,UNE_LF_M,PT_LF_SUB,_Z,Y,_T,Y_GE15,_Z,Q,5.8,0,1,A
1986-Q1,DNK,UNE_LF_M,PT_LF_SUB,_Z,Y,_T,Y_GE15,_Z,Q,5.233333,0,1,A
1986-Q2,DNK,UNE_LF_M,PT_LF_SUB,_Z,Y,_T,Y_GE15,_Z,Q,4.933333,0,1,A
1986-Q3,DNK,UNE_LF_M,PT_LF_SUB,_Z,Y,_T,Y_GE15,_Z,Q,4.9,0,1,A
1986-Q4,DNK,UNE_LF_M,PT_LF_SUB,_Z,Y,_T,Y_GE15,_Z,Q,4.866667,0,1,A
1987-Q1,DNK,UNE_LF_M,PT_LF_SUB,_Z,Y,_T,Y_GE15,_Z,Q,5,0,1,A
1987-Q2,DNK,UNE_LF_M,PT_LF_SUB,_Z,Y,_T,Y_GE15,_Z,Q,5,0,1,A
1987-Q3,DNK,UNE_LF_M,PT_LF_SUB,_Z,Y,_T,Y_GE15,_Z,Q,5,0,1,A
1987-Q4,DNK,UNE_LF_M,PT_LF_SUB,_Z,Y,_T,Y_GE15,_Z,Q,5,0,1,A
1988-Q1,DNK,UNE_LF_M,PT_LF_SUB,_Z,Y,_T,Y_GE15,_Z,Q,5.166667,0,1,A
1988-Q2,DNK,UNE_LF_M,PT_LF_SUB,_Z,Y,_T,Y_GE15,_Z,Q,5.433333,0,1,A
1988-Q3,DNK,UNE_LF_M,PT_LF_SUB,_Z,Y,_T,Y_GE15,_Z,Q,5.8,0,1,A
1988-Q4,DNK,UNE_LF_M,PT_LF_SUB,_Z,Y,_T,Y_GE15,_Z,Q,6.233333,0,1,A
1989-Q1,DNK,UNE_LF_M,PT_LF_SUB,_Z,Y,_T,Y_GE15,_Z,Q,6.6,0,1,A
1989-Q2,DNK,UNE_LF_M,PT_LF_SUB,_Z,Y,_T,Y_GE15,_Z,Q,6.8,0,1,A
1989-Q3,DNK,UNE_LF_M,PT_LF_SUB,_Z,Y,_T,Y_GE15,_Z,Q,6.9,0,1,A
1989-Q4,DNK,UNE_LF_M,PT_LF_SUB,_Z,Y,_T,Y_GE15,_Z,Q,7,0,1,A
1990-Q1,DNK,UNE_LF_M,PT_LF_SUB,_Z,Y,_T,Y_GE15,_Z,Q,7,0,1,A
1990-Q2,DNK,UNE_LF_M,PT_LF_SUB,_Z,Y,_T,Y_GE15,_Z,Q,7.066667,0,1,A
1990-Q3,DNK,UNE_LF_M,PT_LF_SUB,_Z,Y,_T,Y_GE15,_Z,Q,7.233333,0,1,A
1990-Q4,DNK,UNE_LF_M,PT_LF_SUB,_Z,Y,_T,Y_GE15,_Z,Q,7.366667,0,1,A
1991-Q1,DNK,UNE_LF_M,PT_LF_SUB,_Z,Y,_T,Y_GE15,_Z,Q,7.5,0,1,A
1991-Q2,DNK,UNE_LF_M,PT_LF_SUB,_Z,Y,_T,Y_GE15,_Z,Q,7.8,0,1,A
1991-Q3,DNK,UNE_LF_M,PT_LF_SUB,_Z,Y,_T,Y_GE15,_Z,Q,8,0,1,A
1991-Q4,DNK,UNE_LF_M,PT_LF_SUB,_Z,Y,_T,Y_GE15,_Z,Q,8.166667,0,1,A
1992-Q1,DNK,UNE_LF_M,PT_LF_SUB,_Z,Y,_T,Y_GE15,_Z,Q,8.266666,0,1,A
1992-Q2,DNK,UNE_LF_M,PT_LF_SUB,_Z,Y,_T,Y_GE15,_Z,Q,8.366667,0,1,A
1992-Q3,DNK,UNE_LF_M,PT_LF_SUB,_Z,Y,_T,Y_GE15,_Z,Q,8.666667,0,1,A
1992-Q4,DNK,UNE_LF_M,PT_LF_SUB,_Z,Y,_T,Y_GE15,_Z,Q,9.133333,0,1,A
1993-Q1,DNK,UNE_LF_M,PT_LF_SUB,_Z,Y,_T,Y_GE15,_Z,Q,9.6,0,1,A
1993-Q2,DNK,UNE_LF_M,PT_LF_SUB,_Z,Y,_T,Y_GE15,_Z,Q,9.9,0,1,A
1993-Q3,DNK,UNE_LF_M,PT_LF_SUB,_Z,Y,_T,Y_GE15,_Z,Q,9.566667,0,1,A
1993-Q4,DNK,UNE_LF_M,PT_LF_SUB,_Z,Y,_T,Y_GE15,_Z,Q,9.066667,0,1,A
1994-Q1,DNK,UNE_LF_M,PT_LF_SUB,_Z,Y,_T,Y_GE15,_Z,Q,8.4,0,1,A
1994-Q2,DNK,UNE_LF_M,PT_LF_SUB,_Z,Y,_T,Y_GE15,_Z,Q,7.833333,0,1,A
1994-Q3,DNK,UNE_LF_M,PT_LF_SUB,_Z,Y,_T,Y_GE15,_Z,Q,7.5,0,1,A
1994-Q4,DNK,UNE_LF_M,PT_LF_SUB,_Z,Y,_T,Y_GE15,_Z,Q,7.2,0,1,A
1995-Q1,DNK,UNE_LF_M,PT_LF_SUB,_Z,Y,_T,Y_GE15,_Z,Q,6.9,0,1,A
1995-Q2,DNK,UNE_LF_M,PT_LF_SUB,_Z,Y,_T,Y_GE15,_Z,Q,6.8,0,1,A
1995-Q3,DNK,UNE_LF_M,PT_LF_SUB,_Z,Y,_T,Y_GE15,_Z,Q,6.7,0,1,A
1995-Q4,DNK,UNE_LF_M,PT_LF_SUB,_Z,Y,_T,Y_GE15,_Z,Q,6.633333,0,1,A
1996-Q1,DNK,UNE_LF_M,PT_LF_SUB,_Z,Y,_T,Y_GE15,_Z,Q,6.666667,0,1,A
1996-Q2,DNK,UNE_LF_M,PT_LF_SUB,_Z,Y,_T,Y_GE15,_Z,Q,6.533333,0,1,A
1996-Q3,DNK,UNE_LF_M,PT_LF_SUB,_Z,Y,_T,Y_GE15,_Z,Q,6.266667,0,1,A
1996-Q4,DNK,UNE_LF_M,PT_LF_SUB,_Z,Y,_T,Y_GE15,_Z,Q,5.8,0,1,A
1997-Q1,DNK,UNE_LF_M,PT_LF_SUB,_Z,Y,_T,Y_GE15,_Z,Q,5.466667,0,1,A
1997-Q2,DNK,UNE_LF_M,PT_LF_SUB,_Z,Y,_T,Y_GE15,_Z,Q,5.233333,0,1,A
1997-Q3,DNK,UNE_LF_M,PT_LF_SUB,_Z,Y,_T,Y_GE15,_Z,Q,5.166667,0,1,A
1997-Q4,DNK,UNE_LF_M,PT_LF_SUB,_Z,Y,_T,Y_GE15,_Z,Q,5.1,0,1,A
1998-Q1,DNK,UNE_LF_M,PT_LF_SUB,_Z,Y,_T,Y_GE15,_Z,Q,4.966667,0,1,A
1998-Q2,DNK,UNE_LF_M,PT_LF_SUB,_Z,Y,_T,Y_GE15,_Z,Q,4.866667,0,1,A
1998-Q3,DNK,UNE_LF_M,PT_LF_SUB,_Z,Y,_T,Y_GE15,_Z,Q,4.866667,0,1,A
1998-Q4,DNK,UNE_LF_M,PT_LF_SUB,_Z,Y,_T,Y_GE15,_Z,Q,4.833333,0,1,A
1999-Q1,DNK,UNE_LF_M,PT_LF_SUB,_Z,Y,_T,Y_GE15,_Z,Q,5,0,1,A
1999-Q2,DNK,UNE_LF_M,PT_LF_SUB,_Z,Y,_T,Y_GE15,_Z,Q,4.966667,0,1,A
1999-Q3,DNK,UNE_LF_M,PT_LF_SUB,_Z,Y,_T,Y_GE15,_Z,Q,5.166667,0,1,A
1999-Q4,DNK,UNE_LF_M,PT_LF_SUB,_Z,Y,_T,Y_GE15,_Z,Q,5.3,0,1,A
2000-Q1,DNK,UNE_LF_M,PT_LF_SUB,_Z,Y,_T,Y_GE15,_Z,Q,4.666667,0,1,A
2000-Q2,DNK,UNE_LF_M,PT_LF_SUB,_Z,Y,_T,Y_GE15,_Z,Q,4.433333,0,1,A
2000-Q3,DNK,UNE_LF_M,PT_LF_SUB,_Z,Y,_T,Y_GE15,_Z,Q,4.1,0,1,A
2000-Q4,DNK,UNE_LF_M,PT_LF_SUB,_Z,Y,_T,Y_GE15,_Z,Q,4.066667,0,1,A
2001-Q1,DNK,UNE_LF_M,PT_LF_SUB,_Z,Y,_T,Y_GE15,_Z,Q,4.366667,0,1,A
2001-Q2,DNK,UNE_LF_M,PT_LF_SUB,_Z,Y,_T,Y_GE15,_Z,Q,4.333333,0,1,A
2001-Q3,DNK,UNE_LF_M,PT_LF_SUB,_Z,Y,_T,Y_GE15,_Z,Q,4.633333,0,1,A
2001-Q4,DNK,UNE_LF_M,PT_LF_SUB,_Z,Y,_T,Y_GE15,_Z,Q,4.7,0,1,A
2002-Q1,DNK,UNE_LF_M,PT_LF_SUB,_Z,Y,_T,Y_GE15,_Z,Q,4.433333,0,1,A
2002-Q2,DNK,UNE_LF_M,PT_LF_SUB,_Z,Y,_T,Y_GE15,_Z,Q,4.4,0,1,A
2002-Q3,DNK,UNE_LF_M,PT_LF_SUB,_Z,Y,_T,Y_GE15,_Z,Q,4.933333,0,1,A
2002-Q4,DNK,UNE_LF_M,PT_LF_SUB,_Z,Y,_T,Y_GE15,_Z,Q,4.8,0,1,A
2003-Q1,DNK,UNE_LF_M,PT_LF_SUB,_Z,Y,_T,Y_GE15,_Z,Q,5,0,1,A
2003-Q2,DNK,UNE_LF_M,PT_LF_SUB,_Z,Y,_T,Y_GE15,_Z,Q,5.533333,0,1,A
2003-Q3,DNK,UNE_LF_M,PT_LF_SUB,_Z,Y,_T,Y_GE15,_Z,Q,5.433333,0,1,A
2003-Q4,DNK,UNE_LF_M,PT_LF_SUB,_Z,Y,_T,Y_GE15,_Z,Q,5.766667,0,1,A
2004-Q1,DNK,UNE_LF_M,PT_LF_SUB,_Z,Y,_T,Y_GE15,_Z,Q,5.666667,0,1,A
2004-Q2,DNK,UNE_LF_M,PT_LF_SUB,_Z,Y,_T,Y_GE15,_Z,Q,5.466667,0,1,A
2004-Q3,DNK,UNE_LF_M,PT_LF_SUB,_Z,Y,_T,Y_GE15,_Z,Q,5.6,0,1,A
2004-Q4,DNK,UNE_LF_M,PT_LF_SUB,_Z,Y,_T,Y_GE15,_Z,Q,5.333333,0,1,A
2005-Q1,DNK,UNE_LF_M,PT_LF_SUB,_Z,Y,_T,Y_GE15,_Z,Q,5.233333,0,1,A
2005-Q2,DNK,UNE_LF_M,PT_LF_SUB,_Z,Y,_T,Y_GE15,_Z,Q,5.066667,0,1,A
2005-Q3,DNK,UNE_LF_M,PT_LF_SUB,_Z,Y,_T,Y_GE15,_Z,Q,4.733333,0,1,A
2005-Q4,DNK,UNE_LF_M,PT_LF_SUB,_Z,Y,_T,Y_GE15,_Z,Q,4.166667,0,1,A
2006-Q1,DNK,UNE_LF_M,PT_LF_SUB,_Z,Y,_T,Y_GE15,_Z,Q,4.166667,0,1,A
2006-Q2,DNK,UNE_LF_M,PT_LF_SUB,_Z,Y,_T,Y_GE15,_Z,Q,4.1,0,1,A
2006-Q3,DNK,UNE_LF_M,PT_LF_SUB,_Z,Y,_T,Y_GE15,_Z,Q,3.7,0,1,A
2006-Q4,DNK,UNE_LF_M,PT_LF_SUB,_Z,Y,_T,Y_GE15,_Z,Q,3.633333,0,1,A
2007-Q1,DNK,UNE_LF_M,PT_LF_SUB,_Z,Y,_T,Y_GE15,_Z,Q,3.9,0,1,A
2007-Q2,DNK,UNE_LF_M,PT_LF_SUB,_Z,Y,_T,Y_GE15,_Z,Q,3.6,0,1,A
2007-Q3,DNK,UNE_LF_M,PT_LF_SUB,_Z,Y,_T,Y_GE15,_Z,Q,4.033333,0,1,A
2007-Q4,DNK,UNE_LF_M,PT_LF_SUB,_Z,Y,_T,Y_GE15,_Z,Q,3.566667,0,1,A
2008-Q1,DNK,UNE_LF_M,PT_LF_SUB,_Z,Y,_T,Y_GE15,_Z,Q,3.433333,0,1,A
2008-Q2,DNK,UNE_LF_M,PT_LF_SUB,_Z,Y,_T,Y_GE15,_Z,Q,3.466667,0,1,A
2008-Q3,DNK,UNE_LF_M,PT_LF_SUB,_Z,Y,_T,Y_GE15,_Z,Q,3.766667,0,1,A
2008-Q4,DNK,UNE_LF_M,PT_LF_SUB,_Z,Y,_T,Y_GE15,_Z,Q,4.133333,0,1,A
2009-Q1,DNK,UNE_LF_M,PT_LF_SUB,_Z,Y,_T,Y_GE15,_Z,Q,5.266667,0,1,A
2009-Q2,DNK,UNE_LF_M,PT_LF_SUB,_Z,Y,_T,Y_GE15,_Z,Q,6.533333,0,1,A
2009-Q3,DNK,UNE_LF_M,PT_LF_SUB,_Z,Y,_T,Y_GE15,_Z,Q,6.7,0,1,A
2009-Q4,DNK,UNE_LF_M,PT_LF_SUB,_Z,Y,_T,Y_GE15,_Z,Q,7.266667,0,1,A
2010-Q1,DNK,UNE_LF_M,PT_LF_SUB,_Z,Y,_T,Y_GE15,_Z,Q,7.666667,0,1,A
2010-Q2,DNK,UNE_LF_M,PT_LF_SUB,_Z,Y,_T,Y_GE15,_Z,Q,7.766667,0,1,A
2010-Q3,DNK,UNE_LF_M,PT_LF_SUB,_Z,Y,_T,Y_GE15,_Z,Q,7.633333,0,1,A
2010-Q4,DNK,UNE_LF_M,PT_LF_SUB,_Z,Y,_T,Y_GE15,_Z,Q,7.933333,0,1,A
2011-Q1,DNK,UNE_LF_M,PT_LF_SUB,_Z,Y,_T,Y_GE15,_Z,Q,7.9,0,1,A
2011-Q2,DNK,UNE_LF_M,PT_LF_SUB,_Z,Y,_T,Y_GE15,_Z,Q,7.466667,0,1,A
2011-Q3,DNK,UNE_LF_M,PT_LF_SUB,_Z,Y,_T,Y_GE15,_Z,Q,7.6,0,1,A
2011-Q4,DNK,UNE_LF_M,PT_LF_SUB,_Z,Y,_T,Y_GE15,_Z,Q,8.066667,0,1,A
2012-Q1,DNK,UNE_LF_M,PT_LF_SUB,_Z,Y,_T,Y_GE15,_Z,Q,7.733333,0,1,A
2012-Q2,DNK,UNE_LF_M,PT_LF_SUB,_Z,Y,_T,Y_GE15,_Z,Q,8.233334,0,1,A
2012-Q3,DNK,UNE_LF_M,PT_LF_SUB,_Z,Y,_T,Y_GE15,_Z,Q,7.766667,0,1,A
2012-Q4,DNK,UNE_LF_M,PT_LF_SUB,_Z,Y,_T,Y_GE15,_Z,Q,7.433333,0,1,A
2013-Q1,DNK,UNE_LF_M,PT_LF_SUB,_Z,Y,_T,Y_GE15,_Z,Q,7.533333,0,1,A
2013-Q2,DNK,UNE_LF_M,PT_LF_SUB,_Z,Y,_T,Y_GE15,_Z,Q,7.466667,0,1,A
2013-Q3,DNK,UNE_LF_M,PT_LF_SUB,_Z,Y,_T,Y_GE15,_Z,Q,7.366667,0,1,A
2013-Q4,DNK,UNE_LF_M,PT_LF_SUB,_Z,Y,_T,Y_GE15,_Z,Q,7.1,0,1,A
2014-Q1,DNK,UNE_LF_M,PT_LF_SUB,_Z,Y,_T,Y_GE15,_Z,Q,7.033333,0,1,A
2014-Q2,DNK,UNE_LF_M,PT_LF_SUB,_Z,Y,_T,Y_GE15,_Z,Q,6.833333,0,1,A
2014-Q3,DNK,UNE_LF_M,PT_LF_SUB,_Z,Y,_T,Y_GE15,_Z,Q,6.933333,0,1,A
2014-Q4,DNK,UNE_LF_M,PT_LF_SUB,_Z,Y,_T,Y_GE15,_Z,Q,6.866667,0,1,A
2015-Q1,DNK,UNE_LF_M,PT_LF_SUB,_Z,Y,_T,Y_GE15,_Z,Q,6.366667,0,1,A
2015-Q2,DNK,UNE_LF_M,PT_LF_SUB,_Z,Y,_T,Y_GE15,_Z,Q,6.333333,0,1,A
2015-Q3,DNK,UNE_LF_M,PT_LF_SUB,_Z,Y,_T,Y_GE15,_Z,Q,6.233333,0,1,A
2015-Q4,DNK,UNE_LF_M,PT_LF_SUB,_Z,Y,_T,Y_GE15,_Z,Q,6.133333,0,1,A
2016-Q1,DNK,UNE_LF_M,PT_LF_SUB,_Z,Y,_T,Y_GE15,_Z,Q,5.966667,0,1,A
2016-Q2,DNK,UNE_LF_M,PT_LF_SUB,_Z,Y,_T,Y_GE15,_Z,Q,6.066667,0,1,A
2016-Q3,DNK,UNE_LF_M,PT_LF_SUB,_Z,Y,_T,Y_GE15,_Z,Q,6,0,1,A
2016-Q4,DNK,UNE_LF_M,PT_LF_SUB,_Z,Y,_T,Y_GE15,_Z,Q,5.9,0,1,A
2017-Q1,DNK,UNE_LF_M,PT_LF_SUB,_Z,Y,_T,Y_GE15,_Z,Q,6.1,0,1,A
2017-Q2,DNK,UNE_LF_M,PT_LF_SUB,_Z,Y,_T,Y_GE15,_Z,Q,5.866667,0,1,A
2017-Q3,DNK,UNE_LF_M,PT_LF_SUB,_Z,Y,_T,Y_GE15,_Z,Q,5.933333,0,1,A
2017-Q4,DNK,UNE_LF_M,PT_LF_SUB,_Z,Y,_T,Y_GE15,_Z,Q,5.4,0,1,A
2018-Q1,DNK,UNE_LF_M,PT_LF_SUB,_Z,Y,_T,Y_GE15,_Z,Q,5.2,0,1,A
2018-Q2,DNK,UNE_LF_M,PT_LF_SUB,_Z,Y,_T,Y_GE15,_Z,Q,5.133333,0,1,A
2018-Q3,DNK,UNE_LF_M,PT_LF_SUB,_Z,Y,_T,Y_GE15,_Z,Q,4.9,0,1,A
2018-Q4,DNK,UNE_LF_M,PT_LF_SUB,_Z,Y,_T,Y_GE15,_Z,Q,5.266667,0,1,A
2019-Q1,DNK,UNE_LF_M,PT_LF_SUB,_Z,Y,_T,Y_GE15,_Z,Q,5.133333,0,1,A
2019-Q2,DNK,UNE_LF_M,PT_LF_SUB,_Z,Y,_T,Y_GE15,_Z,Q,4.9,0,1,A
2019-Q3,DNK,UNE_LF_M,PT_LF_SUB,_Z,Y,_T,Y_GE15,_Z,Q,4.866667,0,1,A
2019-Q4,DNK,UNE_LF_M,PT_LF_SUB,_Z,Y,_T,Y_GE15,_Z,Q,5.1,0,1,A
2020-Q1,DNK,UNE_LF_M,PT_LF_SUB,_Z,Y,_T,Y_GE15,_Z,Q,4.933333,0,1,A
2020-Q2,DNK,UNE_LF_M,PT_LF_SUB,_Z,Y,_T,Y_GE15,_Z,Q,5.433333,0,1,A
2020-Q3,DNK,UNE_LF_M,PT_LF_SUB,_Z,Y,_T,Y_GE15,_Z,Q,6.233333,0,1,A
2020-Q4,DNK,UNE_LF_M,PT_LF_SUB,_Z,Y,_T,Y_GE15,_Z,Q,5.9,0,1,A
2021-Q1,DNK,UNE_LF_M,PT_LF_SUB,_Z,Y,_T,Y_GE15,_Z,Q,6.2,0,1,A
2021-Q2,DNK,UNE_LF_M,PT_LF_SUB,_Z,Y,_T,Y_GE15,_Z,Q,4.966667,0,1,A
2021-Q3,DNK,UNE_LF_M,PT_LF_SUB,_Z,Y,_T,Y_GE15,_Z,Q,4.7,0,1,A
2021-Q4,DNK,UNE_LF_M,PT_LF_SUB,_Z,Y,_T,Y_GE15,_Z,Q,4.466667,0,1,A
2022-Q1,DNK,UNE_LF_M,PT_LF_SUB,_Z,Y,_T,Y_GE15,_Z,Q,4.4,0,1,A
2022-Q2,DNK,UNE_LF_M,PT_LF_SUB,_Z,Y,_T,Y_GE15,_Z,Q,4.133333,0,1,A
2022-Q3,DNK,UNE_LF_M,PT_LF_SUB,_Z,Y,_T,Y_GE15,_Z,Q,4.566667,0,1,A
2022-Q4,DNK,UNE_LF_M,PT_LF_SUB,_Z,Y,_T,Y_GE15,_Z,Q,4.666667,0,1,A
2023-Q3,DNK,UNE_LF_M,PT_LF_SUB,_Z,Y,_T,Y_GE15,_Z,Q,4.833333,0,1,A
2024-Q1,DNK,UNE_LF_M,PT_LF_SUB,_Z,Y,_T,Y_GE15,_Z,Q,5.833333,0,1,A
2024-Q2,DNK,UNE_LF_M,PT_LF_SUB,_Z,Y,_T,Y_GE15,_Z,Q,6.066667,0,1,A
2024-Q3,DNK,UNE_LF_M,PT_LF_SUB,_Z,Y,_T,Y_GE15,_Z,Q,6.266667,0,1,A
2024-Q4,DNK,UNE_LF_M,PT_LF_SUB,_Z,Y,_T,Y_GE15,_Z,Q,6.6,0,1,A
2025-Q2,DNK,UNE_LF_M,PT_LF_SUB,_Z,Y,_T,Y_GE15,_Z,Q,6.3,0,1,A
1983-Q1,IRL,UNE_LF_M,PT_LF_SUB,_Z,Y,_T,Y_GE15,_Z,Q,13.16667,0,1,A
1983-Q2,IRL,UNE_LF_M,PT_LF_SUB,_Z,Y,_T,Y_GE15,_Z,Q,13.7,0,1,A
1983-Q3,IRL,UNE_LF_M,PT_LF_SUB,_Z,Y,_T,Y_GE15,_Z,Q,14.13333,0,1,A
1983-Q4,IRL,UNE_LF_M,PT_LF_SUB,_Z,Y,_T,Y_GE15,_Z,Q,14.6,0,1,A
1984-Q1,IRL,UNE_LF_M,PT_LF_SUB,_Z,Y,_T,Y_GE15,_Z,Q,15.06667,0,1,A
1984-Q2,IRL,UNE_LF_M,PT_LF_SUB,_Z,Y,_T,Y_GE15,_Z,Q,15.36667,0,1,A
1984-Q3,IRL,UNE_LF_M,PT_LF_SUB,_Z,Y,_T,Y_GE15,_Z,Q,15.6,0,1,A
1984-Q4,IRL,UNE_LF_M,PT_LF_SUB,_Z,Y,_T,Y_GE15,_Z,Q,15.96667,0,1,A
1985-Q1,IRL,UNE_LF_M,PT_LF_SUB,_Z,Y,_T,Y_GE15,_Z,Q,16.5,0,1,A
1985-Q2,IRL,UNE_LF_M,PT_LF_SUB,_Z,Y,_T,Y_GE15,_Z,Q,16.73333,0,1,A
1985-Q3,IRL,UNE_LF_M,PT_LF_SUB,_Z,Y,_T,Y_GE15,_Z,Q,17,0,1,A
1985-Q4,IRL,UNE_LF_M,PT_LF_SUB,_Z,Y,_T,Y_GE15,_Z,Q,16.96667,0,1,A
1986-Q1,IRL,UNE_LF_M,PT_LF_SUB,_Z,Y,_T,Y_GE15,_Z,Q,16.83333,0,1,A
1986-Q2,IRL,UNE_LF_M,PT_LF_SUB,_Z,Y,_T,Y_GE15,_Z,Q,16.83333,0,1,A
1986-Q3,IRL,UNE_LF_M,PT_LF_SUB,_Z,Y,_T,Y_GE15,_Z,Q,16.83333,0,1,A
1986-Q4,IRL,UNE_LF_M,PT_LF_SUB,_Z,Y,_T,Y_GE15,_Z,Q,16.76667,0,1,A
1987-Q1,IRL,UNE_LF_M,PT_LF_SUB,_Z,Y,_T,Y_GE15,_Z,Q,16.73333,0,1,A
1987-Q2,IRL,UNE_LF_M,PT_LF_SUB,_Z,Y,_T,Y_GE15,_Z,Q,16.7,0,1,A
1987-Q3,IRL,UNE_LF_M,PT_LF_SUB,_Z,Y,_T,Y_GE15,_Z,Q,16.53333,0,1,A
1987-Q4,IRL,UNE_LF_M,PT_LF_SUB,_Z,Y,_T,Y_GE15,_Z,Q,16.5,0,1,A
1988-Q1,IRL,UNE_LF_M,PT_LF_SUB,_Z,Y,_T,Y_GE15,_Z,Q,16.5,0,1,A
1988-Q2,IRL,UNE_LF_M,PT_LF_SUB,_Z,Y,_T,Y_GE15,_Z,Q,16.33333,0,1,A
1988-Q3,IRL,UNE_LF_M,PT_LF_SUB,_Z,Y,_T,Y_GE15,_Z,Q,16.16667,0,1,A
1988-Q4,IRL,UNE_LF_M,PT_LF_SUB,_Z,Y,_T,Y_GE15,_Z,Q,15.83333,0,1,A
1989-Q1,IRL,UNE_LF_M,PT_LF_SUB,_Z,Y,_T,Y_GE15,_Z,Q,15.36667,0,1,A
1989-Q2,IRL,UNE_LF_M,PT_LF_SUB,_Z,Y,_T,Y_GE15,_Z,Q,15,0,1,A
1989-Q3,IRL,UNE_LF_M,PT_LF_SUB,_Z,Y,_T,Y_GE15,_Z,Q,14.46667,0,1,A
1989-Q4,IRL,UNE_LF_M,PT_LF_SUB,_Z,Y,_T,Y_GE15,_Z,Q,14.06667,0,1,A
1990-Q1,IRL,UNE_LF_M,PT_LF_SUB,_Z,Y,_T,Y_GE15,_Z,Q,13.63333,0,1,A
1990-Q2,IRL,UNE_LF_M,PT_LF_SUB,_Z,Y,_T,Y_GE15,_Z,Q,13.2,0,1,A
1990-Q3,IRL,UNE_LF_M,PT_LF_SUB,_Z,Y,_T,Y_GE15,_Z,Q,13.26667,0,1,A
1990-Q4,IRL,UNE_LF_M,PT_LF_SUB,_Z,Y,_T,Y_GE15,_Z,Q,13.56667,0,1,A
1991-Q1,IRL,UNE_LF_M,PT_LF_SUB,_Z,Y,_T,Y_GE15,_Z,Q,14.1,0,1,A
1991-Q2,IRL,UNE_LF_M,PT_LF_SUB,_Z,Y,_T,Y_GE15,_Z,Q,14.7,0,1,A
1991-Q3,IRL,UNE_LF_M,PT_LF_SUB,_Z,Y,_T,Y_GE15,_Z,Q,15.03333,0,1,A
1991-Q4,IRL,UNE_LF_M,PT_LF_SUB,_Z,Y,_T,Y_GE15,_Z,Q,15.1,0,1,A
1992-Q1,IRL,UNE_LF_M,PT_LF_SUB,_Z,Y,_T,Y_GE15,_Z,Q,15.2,0,1,A
1992-Q2,IRL,UNE_LF_M,PT_LF_SUB,_Z,Y,_T,Y_GE15,_Z,Q,15.23333,0,1,A
1992-Q3,IRL,UNE_LF_M,PT_LF_SUB,_Z,Y,_T,Y_GE15,_Z,Q,15.5,0,1,A
1992-Q4,IRL,UNE_LF_M,PT_LF_SUB,_Z,Y,_T,Y_GE15,_Z,Q,15.66667,0,1,A
1993-Q1,IRL,UNE_LF_M,PT_LF_SUB,_Z,Y,_T,Y_GE15,_Z,Q,15.83333,0,1,A
1993-Q2,IRL,UNE_LF_M,PT_LF_SUB,_Z,Y,_T,Y_GE15,_Z,Q,15.76667,0,1,A
1993-Q3,IRL,UNE_LF_M,PT_LF_SUB,_Z,Y,_T,Y_GE15,_Z,Q,15.53333,0,1,A
1993-Q4,IRL,UNE_LF_M,PT_LF_SUB,_Z,Y,_T,Y_GE15,_Z,Q,15.4,0,1,A
1994-Q1,IRL,UNE_LF_M,PT_LF_SUB,_Z,Y,_T,Y_GE15,_Z,Q,15.13333,0,1,A
1994-Q2,IRL,UNE_LF_M,PT_LF_SUB,_Z,Y,_T,Y_GE15,_Z,Q,14.66667,0,1,A
1994-Q3,IRL,UNE_LF_M,PT_LF_SUB,_Z,Y,_T,Y_GE15,_Z,Q,14.13333,0,1,A
1994-Q4,IRL,UNE_LF_M,PT_LF_SUB,_Z,Y,_T,Y_GE15,_Z,Q,13.46667,0,1,A
1995-Q1,IRL,UNE_LF_M,PT_LF_SUB,_Z,Y,_T,Y_GE15,_Z,Q,12.7,0,1,A
1995-Q2,IRL,UNE_LF_M,PT_LF_SUB,_Z,Y,_T,Y_GE15,_Z,Q,12.23333,0,1,A
1995-Q3,IRL,UNE_LF_M,PT_LF_SUB,_Z,Y,_T,Y_GE15,_Z,Q,12.1,0,1,A
1995-Q4,IRL,UNE_LF_M,PT_LF_SUB,_Z,Y,_T,Y_GE15,_Z,Q,12.1,0,1,A
1996-Q1,IRL,UNE_LF_M,PT_LF_SUB,_Z,Y,_T,Y_GE15,_Z,Q,12,0,1,A
1996-Q2,IRL,UNE_LF_M,PT_LF_SUB,_Z,Y,_T,Y_GE15,_Z,Q,11.83333,0,1,A
1996-Q3,IRL,UNE_LF_M,PT_LF_SUB,_Z,Y,_T,Y_GE15,_Z,Q,11.63333,0,1,A
1996-Q4,IRL,UNE_LF_M,PT_LF_SUB,_Z,Y,_T,Y_GE15,_Z,Q,11.13333,0,1,A
1997-Q1,IRL,UNE_LF_M,PT_LF_SUB,_Z,Y,_T,Y_GE15,_Z,Q,10.63333,0,1,A
1997-Q2,IRL,UNE_LF_M,PT_LF_SUB,_Z,Y,_T,Y_GE15,_Z,Q,10.2,0,1,A
1997-Q3,IRL,UNE_LF_M,PT_LF_SUB,_Z,Y,_T,Y_GE15,_Z,Q,9.6,0,1,A
1997-Q4,IRL,UNE_LF_M,PT_LF_SUB,_Z,Y,_T,Y_GE15,_Z,Q,9,0,1,A
1998-Q1,IRL,UNE_LF_M,PT_LF_SUB,_Z,Y,_T,Y_GE15,_Z,Q,8.333333,0,1,A
1998-Q2,IRL,UNE_LF_M,PT_LF_SUB,_Z,Y,_T,Y_GE15,_Z,Q,7.766667,0,1,A
1998-Q3,IRL,UNE_LF_M,PT_LF_SUB,_Z,Y,_T,Y_GE15,_Z,Q,7.3,0,1,A
1998-Q4,IRL,UNE_LF_M,PT_LF_SUB,_Z,Y,_T,Y_GE15,_Z,Q,6.8,0,1,A
1999-Q1,IRL,UNE_LF_M,PT_LF_SUB,_Z,Y,_T,Y_GE15,_Z,Q,6.366667,0,1,A
1999-Q2,IRL,UNE_LF_M,PT_LF_SUB,_Z,Y,_T,Y_GE15,_Z,Q,6.2,0,1,A
1999-Q3,IRL,UNE_LF_M,PT_LF_SUB,_Z,Y,_T,Y_GE15,_Z,Q,5.566667,0,1,A
1999-Q4,IRL,UNE_LF_M,PT_LF_SUB,_Z,Y,_T,Y_GE15,_Z,Q,5.533333,0,1,A
2000-Q1,IRL,UNE_LF_M,PT_LF_SUB,_Z,Y,_T,Y_GE15,_Z,Q,4.8,0,1,A
2000-Q2,IRL,UNE_LF_M,PT_LF_SUB,_Z,Y,_T,Y_GE15,_Z,Q,4.6,0,1,A
2000-Q3,IRL,UNE_LF_M,PT_LF_SUB,_Z,Y,_T,Y_GE15,_Z,Q,4.233333,0,1,A
2000-Q4,IRL,UNE_LF_M,PT_LF_SUB,_Z,Y,_T,Y_GE15,_Z,Q,3.9,0,1,A
2001-Q1,IRL,UNE_LF_M,PT_LF_SUB,_Z,Y,_T,Y_GE15,_Z,Q,3.966667,0,1,A
2001-Q2,IRL,UNE_LF_M,PT_LF_SUB,_Z,Y,_T,Y_GE15,_Z,Q,4,0,1,A
2001-Q3,IRL,UNE_LF_M,PT_LF_SUB,_Z,Y,_T,Y_GE15,_Z,Q,4.366667,0,1,A
2001-Q4,IRL,UNE_LF_M,PT_LF_SUB,_Z,Y,_T,Y_GE15,_Z,Q,4.433333,0,1,A
2002-Q1,IRL,UNE_LF_M,PT_LF_SUB,_Z,Y,_T,Y_GE15,_Z,Q,4.533333,0,1,A
2002-Q2,IRL,UNE_LF_M,PT_LF_SUB,_Z,Y,_T,Y_GE15,_Z,Q,4.633333,0,1,A
2002-Q3,IRL,UNE_LF_M,PT_LF_SUB,_Z,Y,_T,Y_GE15,_Z,Q,4.5,0,1,A
2002-Q4,IRL,UNE_LF_M,PT_LF_SUB,_Z,Y,_T,Y_GE15,_Z,Q,5.266667,0,1,A
2003-Q1,IRL,UNE_LF_M,PT_LF_SUB,_Z,Y,_T,Y_GE15,_Z,Q,4.833333,0,1,A
2003-Q2,IRL,UNE_LF_M,PT_LF_SUB,_Z,Y,_T,Y_GE15,_Z,Q,4.766667,0,1,A
2003-Q3,IRL,UNE_LF_M,PT_LF_SUB,_Z,Y,_T,Y_GE15,_Z,Q,5,0,1,A
2003-Q4,IRL,UNE_LF_M,PT_LF_SUB,_Z,Y,_T,Y_GE15,_Z,Q,4.766667,0,1,A
2004-Q1,IRL,UNE_LF_M,PT_LF_SUB,_Z,Y,_T,Y_GE15,_Z,Q,5.133333,0,1,A
2004-Q2,IRL,UNE_LF_M,PT_LF_SUB,_Z,Y,_T,Y_GE15,_Z,Q,4.666667,0,1,A
2004-Q3,IRL,UNE_LF_M,PT_LF_SUB,_Z,Y,_T,Y_GE15,_Z,Q,4.5,0,1,A
2004-Q4,IRL,UNE_LF_M,PT_LF_SUB,_Z,Y,_T,Y_GE15,_Z,Q,4.7,0,1,A
2005-Q1,IRL,UNE_LF_M,PT_LF_SUB,_Z,Y,_T,Y_GE15,_Z,Q,4.433333,0,1,A
2005-Q2,IRL,UNE_LF_M,PT_LF_SUB,_Z,Y,_T,Y_GE15,_Z,Q,4.866667,0,1,A
2005-Q3,IRL,UNE_LF_M,PT_LF_SUB,_Z,Y,_T,Y_GE15,_Z,Q,4.7,0,1,A
2005-Q4,IRL,UNE_LF_M,PT_LF_SUB,_Z,Y,_T,Y_GE15,_Z,Q,4.533333,0,1,A
2006-Q1,IRL,UNE_LF_M,PT_LF_SUB,_Z,Y,_T,Y_GE15,_Z,Q,4.7,0,1,A
2006-Q2,IRL,UNE_LF_M,PT_LF_SUB,_Z,Y,_T,Y_GE15,_Z,Q,4.733333,0,1,A
2006-Q3,IRL,UNE_LF_M,PT_LF_SUB,_Z,Y,_T,Y_GE15,_Z,Q,5,0,1,A
2006-Q4,IRL,UNE_LF_M,PT_LF_SUB,_Z,Y,_T,Y_GE15,_Z,Q,4.633333,0,1,A
2007-Q1,IRL,UNE_LF_M,PT_LF_SUB,_Z,Y,_T,Y_GE15,_Z,Q,4.9,0,1,A
2007-Q2,IRL,UNE_LF_M,PT_LF_SUB,_Z,Y,_T,Y_GE15,_Z,Q,5,0,1,A
2007-Q3,IRL,UNE_LF_M,PT_LF_SUB,_Z,Y,_T,Y_GE15,_Z,Q,4.9,0,1,A
2007-Q4,IRL,UNE_LF_M,PT_LF_SUB,_Z,Y,_T,Y_GE15,_Z,Q,5.2,0,1,A
2008-Q1,IRL,UNE_LF_M,PT_LF_SUB,_Z,Y,_T,Y_GE15,_Z,Q,5.366667,0,1,A
2008-Q2,IRL,UNE_LF_M,PT_LF_SUB,_Z,Y,_T,Y_GE15,_Z,Q,5.933333,0,1,A
2008-Q3,IRL,UNE_LF_M,PT_LF_SUB,_Z,Y,_T,Y_GE15,_Z,Q,7.366667,0,1,A
2008-Q4,IRL,UNE_LF_M,PT_LF_SUB,_Z,Y,_T,Y_GE15,_Z,Q,8.533334,0,1,A
2009-Q1,IRL,UNE_LF_M,PT_LF_SUB,_Z,Y,_T,Y_GE15,_Z,Q,10.86667,0,1,A
2009-Q2,IRL,UNE_LF_M,PT_LF_SUB,_Z,Y,_T,Y_GE15,_Z,Q,12.6,0,1,A
2009-Q3,IRL,UNE_LF_M,PT_LF_SUB,_Z,Y,_T,Y_GE15,_Z,Q,13.3,0,1,A
2009-Q4,IRL,UNE_LF_M,PT_LF_SUB,_Z,Y,_T,Y_GE15,_Z,Q,13.83333,0,1,A
2010-Q1,IRL,UNE_LF_M,PT_LF_SUB,_Z,Y,_T,Y_GE15,_Z,Q,13.8,0,1,A
2010-Q2,IRL,UNE_LF_M,PT_LF_SUB,_Z,Y,_T,Y_GE15,_Z,Q,14.36667,0,1,A
2010-Q3,IRL,UNE_LF_M,PT_LF_SUB,_Z,Y,_T,Y_GE15,_Z,Q,14.6,0,1,A
2010-Q4,IRL,UNE_LF_M,PT_LF_SUB,_Z,Y,_T,Y_GE15,_Z,Q,15.63333,0,1,A
2011-Q1,IRL,UNE_LF_M,PT_LF_SUB,_Z,Y,_T,Y_GE15,_Z,Q,15.13333,0,1,A
2011-Q2,IRL,UNE_LF_M,PT_LF_SUB,_Z,Y,_T,Y_GE15,_Z,Q,15.03333,0,1,A
2011-Q3,IRL,UNE_LF_M,PT_LF_SUB,_Z,Y,_T,Y_GE15,_Z,Q,15.6,0,1,A
2011-Q4,IRL,UNE_LF_M,PT_LF_SUB,_Z,Y,_T,Y_GE15,_Z,Q,15.86667,0,1,A
2012-Q1,IRL,UNE_LF_M,PT_LF_SUB,_Z,Y,_T,Y_GE15,_Z,Q,15.93333,0,1,A
2012-Q2,IRL,UNE_LF_M,PT_LF_SUB,_Z,Y,_T,Y_GE15,_Z,Q,15.53333,0,1,A
2012-Q3,IRL,UNE_LF_M,PT_LF_SUB,_Z,Y,_T,Y_GE15,_Z,Q,15.5,0,1,A
2012-Q4,IRL,UNE_LF_M,PT_LF_SUB,_Z,Y,_T,Y_GE15,_Z,Q,15,0,1,A
2013-Q1,IRL,UNE_LF_M,PT_LF_SUB,_Z,Y,_T,Y_GE15,_Z,Q,14.56667,0,1,A
2013-Q2,IRL,UNE_LF_M,PT_LF_SUB,_Z,Y,_T,Y_GE15,_Z,Q,14.36667,0,1,A
2013-Q3,IRL,UNE_LF_M,PT_LF_SUB,_Z,Y,_T,Y_GE15,_Z,Q,13.33333,0,1,A
2013-Q4,IRL,UNE_LF_M,PT_LF_SUB,_Z,Y,_T,Y_GE15,_Z,Q,12.83333,0,1,A
2014-Q1,IRL,UNE_LF_M,PT_LF_SUB,_Z,Y,_T,Y_GE15,_Z,Q,12.83333,0,1,A
2014-Q2,IRL,UNE_LF_M,PT_LF_SUB,_Z,Y,_T,Y_GE15,_Z,Q,12.2,0,1,A
2014-Q3,IRL,UNE_LF_M,PT_LF_SUB,_Z,Y,_T,Y_GE15,_Z,Q,11.66667,0,1,A
2014-Q4,IRL,UNE_LF_M,PT_LF_SUB,_Z,Y,_T,Y_GE15,_Z,Q,10.86667,0,1,A
2015-Q1,IRL,UNE_LF_M,PT_LF_SUB,_Z,Y,_T,Y_GE15,_Z,Q,10.63333,0,1,A
2015-Q2,IRL,UNE_LF_M,PT_LF_SUB,_Z,Y,_T,Y_GE15,_Z,Q,10.06667,0,1,A
2015-Q3,IRL,UNE_LF_M,PT_LF_SUB,_Z,Y,_T,Y_GE15,_Z,Q,9.533334,0,1,A
2015-Q4,IRL,UNE_LF_M,PT_LF_SUB,_Z,Y,_T,Y_GE15,_Z,Q,9.433333,0,1,A
2016-Q1,IRL,UNE_LF_M,PT_LF_SUB,_Z,Y,_T,Y_GE15,_Z,Q,8.933333,0,1,A
2016-Q2,IRL,UNE_LF_M,PT_LF_SUB,_Z,Y,_T,Y_GE15,_Z,Q,8.8,0,1,A
2016-Q3,IRL,UNE_LF_M,PT_LF_SUB,_Z,Y,_T,Y_GE15,_Z,Q,8.233334,0,1,A
2016-Q4,IRL,UNE_LF_M,PT_LF_SUB,_Z,Y,_T,Y_GE15,_Z,Q,7.566667,0,1,A
2017-Q1,IRL,UNE_LF_M,PT_LF_SUB,_Z,Y,_T,Y_GE15,_Z,Q,7.266667,0,1,A
2017-Q2,IRL,UNE_LF_M,PT_LF_SUB,_Z,Y,_T,Y_GE15,_Z,Q,6.666667,0,1,A
2017-Q4,IRL,UNE_LF_M,PT_LF_SUB,_Z,Y,_T,Y_GE15,_Z,Q,6.433333,0,1,A
2018-Q1,IRL,UNE_LF_M,PT_LF_SUB,_Z,Y,_T,Y_GE15,_Z,Q,5.933333,0,1,A
2018-Q2,IRL,UNE_LF_M,PT_LF_SUB,_Z,Y,_T,Y_GE15,_Z,Q,5.866667,0,1,A
2018-Q3,IRL,UNE_LF_M,PT_LF_SUB,_Z,Y,_T,Y_GE15,_Z,Q,5.7,0,1,A
2018-Q4,IRL,UNE_LF_M,PT_LF_SUB,_Z,Y,_T,Y_GE15,_Z,Q,5.766667,0,1,A
2019-Q1,IRL,UNE_LF_M,PT_LF_SUB,_Z,Y,_T,Y_GE15,_Z,Q,5,0,1,A
2019-Q2,IRL,UNE_LF_M,PT_LF_SUB,_Z,Y,_T,Y_GE15,_Z,Q,5.166667,0,1,A
2019-Q3,IRL,UNE_LF_M,PT_LF_SUB,_Z,Y,_T,Y_GE15,_Z,Q,5,0,1,A
2019-Q4,IRL,UNE_LF_M,PT_LF_SUB,_Z,Y,_T,Y_GE15,_Z,Q,4.8,0,1,A
2020-Q1,IRL,UNE_LF_M,PT_LF_SUB,_Z,Y,_T,Y_GE15,_Z,Q,4.9,0,1,A
2020-Q2,IRL,UNE_LF_M,PT_LF_SUB,_Z,Y,_T,Y_GE15,_Z,Q,5.133333,0,1,A
2020-Q3,IRL,UNE_LF_M,PT_LF_SUB,_Z,Y,_T,Y_GE15,_Z,Q,7.1,0,1,A
2020-Q4,IRL,UNE_LF_M,PT_LF_SUB,_Z,Y,_T,Y_GE15,_Z,Q,6.266667,0,1,A
2021-Q1,IRL,UNE_LF_M,PT_LF_SUB,_Z,Y,_T,Y_GE15,_Z,Q,7.366667,0,1,A
2021-Q2,IRL,UNE_LF_M,PT_LF_SUB,_Z,Y,_T,Y_GE15,_Z,Q,6.966667,0,1,A
2021-Q3,IRL,UNE_LF_M,PT_LF_SUB,_Z,Y,_T,Y_GE15,_Z,Q,5.466667,0,1,A
2021-Q4,IRL,UNE_LF_M,PT_LF_SUB,_Z,Y,_T,Y_GE15,_Z,Q,5.233333,0,1,A
2022-Q1,IRL,UNE_LF_M,PT_LF_SUB,_Z,Y,_T,Y_GE15,_Z,Q,4.866667,0,1,A
2022-Q3,IRL,UNE_LF_M,PT_LF_SUB,_Z,Y,_T,Y_GE15,_Z,Q,4.233333,0,1,A
2023-Q1,IRL,UNE_LF_M,PT_LF_SUB,_Z,Y,_T,Y_GE15,_Z,Q,4.2,0,1,A
2023-Q2,IRL,UNE_LF_M,PT_LF_SUB,_Z,Y,_T,Y_GE15,_Z,Q,4.166667,0,1,A
2023-Q3,IRL,UNE_LF_M,PT_LF_SUB,_Z,Y,_T,Y_GE15,_Z,Q,4.4,0,1,A
2024-Q2,IRL,UNE_LF_M,PT_LF_SUB,_Z,Y,_T,Y_GE15,_Z,Q,4.4,0,1,A
2024-Q3,IRL,UNE_LF_M,PT_LF_SUB,_Z,Y,_T,Y_GE15,_Z,Q,4.233333,0,1,A
2024-Q4,IRL,UNE_LF_M,PT_LF_SUB,_Z,Y,_T,Y_GE15,_Z,Q,4.333333,0,1,A
2025-Q2,IRL,UNE_LF_M,PT_LF_SUB,_Z,Y,_T,Y_GE15,_Z,Q,4.6,0,1,A
1986-Q1,CHL,UNE_LF_M,PT_LF_SUB,_Z,Y,_T,Y_GE15,_Z,Q,13.87674,0,1,A
1986-Q2,CHL,UNE_LF_M,PT_LF_SUB,_Z,Y,_T,Y_GE15,_Z,Q,12.00731,0,1,A
1986-Q3,CHL,UNE_LF_M,PT_LF_SUB,_Z,Y,_T,Y_GE15,_Z,Q,11.31133,0,1,A
1986-Q4,CHL,UNE_LF_M,PT_LF_SUB,_Z,Y,_T,Y_GE15,_Z,Q,11.23969,0,1,A
1987-Q1,CHL,UNE_LF_M,PT_LF_SUB,_Z,Y,_T,Y_GE15,_Z,Q,11.05231,0,1,A
1987-Q2,CHL,UNE_LF_M,PT_LF_SUB,_Z,Y,_T,Y_GE15,_Z,Q,11.39554,0,1,A
1987-Q3,CHL,UNE_LF_M,PT_LF_SUB,_Z,Y,_T,Y_GE15,_Z,Q,10.89441,0,1,A
1987-Q4,CHL,UNE_LF_M,PT_LF_SUB,_Z,Y,_T,Y_GE15,_Z,Q,10.36742,0,1,A
1988-Q1,CHL,UNE_LF_M,PT_LF_SUB,_Z,Y,_T,Y_GE15,_Z,Q,10.45444,0,1,A
1988-Q2,CHL,UNE_LF_M,PT_LF_SUB,_Z,Y,_T,Y_GE15,_Z,Q,10.27646,0,1,A
1988-Q3,CHL,UNE_LF_M,PT_LF_SUB,_Z,Y,_T,Y_GE15,_Z,Q,9.652985,0,1,A
1988-Q4,CHL,UNE_LF_M,PT_LF_SUB,_Z,Y,_T,Y_GE15,_Z,Q,8.609848,0,1,A
1989-Q1,CHL,UNE_LF_M,PT_LF_SUB,_Z,Y,_T,Y_GE15,_Z,Q,8.193804,0,1,A
1989-Q2,CHL,UNE_LF_M,PT_LF_SUB,_Z,Y,_T,Y_GE15,_Z,Q,8.213221,0,1,A
1989-Q3,CHL,UNE_LF_M,PT_LF_SUB,_Z,Y,_T,Y_GE15,_Z,Q,7.525376,0,1,A
1989-Q4,CHL,UNE_LF_M,PT_LF_SUB,_Z,Y,_T,Y_GE15,_Z,Q,7.696412,0,1,A
1990-Q1,CHL,UNE_LF_M,PT_LF_SUB,_Z,Y,_T,Y_GE15,_Z,Q,7.394201,0,1,A
1990-Q2,CHL,UNE_LF_M,PT_LF_SUB,_Z,Y,_T,Y_GE15,_Z,Q,7.889741,0,1,A
1990-Q3,CHL,UNE_LF_M,PT_LF_SUB,_Z,Y,_T,Y_GE15,_Z,Q,7.720839,0,1,A
1990-Q4,CHL,UNE_LF_M,PT_LF_SUB,_Z,Y,_T,Y_GE15,_Z,Q,8.049005,0,1,A
1991-Q1,CHL,UNE_LF_M,PT_LF_SUB,_Z,Y,_T,Y_GE15,_Z,Q,8.285844,0,1,A
1991-Q2,CHL,UNE_LF_M,PT_LF_SUB,_Z,Y,_T,Y_GE15,_Z,Q,8.024137,0,1,A
1991-Q3,CHL,UNE_LF_M,PT_LF_SUB,_Z,Y,_T,Y_GE15,_Z,Q,8.650998,0,1,A
1991-Q4,CHL,UNE_LF_M,PT_LF_SUB,_Z,Y,_T,Y_GE15,_Z,Q,7.666021,0,1,A
1992-Q1,CHL,UNE_LF_M,PT_LF_SUB,_Z,Y,_T,Y_GE15,_Z,Q,7.05828,0,1,A
1992-Q2,CHL,UNE_LF_M,PT_LF_SUB,_Z,Y,_T,Y_GE15,_Z,Q,6.37127,0,1,A
1992-Q3,CHL,UNE_LF_M,PT_LF_SUB,_Z,Y,_T,Y_GE15,_Z,Q,6.574599,0,1,A
1992-Q4,CHL,UNE_LF_M,PT_LF_SUB,_Z,Y,_T,Y_GE15,_Z,Q,6.674262,0,1,A
1993-Q1,CHL,UNE_LF_M,PT_LF_SUB,_Z,Y,_T,Y_GE15,_Z,Q,6.573596,0,1,A
1993-Q2,CHL,UNE_LF_M,PT_LF_SUB,_Z,Y,_T,Y_GE15,_Z,Q,6.230655,0,1,A
1993-Q3,CHL,UNE_LF_M,PT_LF_SUB,_Z,Y,_T,Y_GE15,_Z,Q,6.484437,0,1,A
1993-Q4,CHL,UNE_LF_M,PT_LF_SUB,_Z,Y,_T,Y_GE15,_Z,Q,6.91563,0,1,A
1994-Q1,CHL,UNE_LF_M,PT_LF_SUB,_Z,Y,_T,Y_GE15,_Z,Q,7.331416,0,1,A
1994-Q2,CHL,UNE_LF_M,PT_LF_SUB,_Z,Y,_T,Y_GE15,_Z,Q,7.663062,0,1,A
1994-Q3,CHL,UNE_LF_M,PT_LF_SUB,_Z,Y,_T,Y_GE15,_Z,Q,7.898852,0,1,A
1994-Q4,CHL,UNE_LF_M,PT_LF_SUB,_Z,Y,_T,Y_GE15,_Z,Q,8.385995,0,1,A
1995-Q1,CHL,UNE_LF_M,PT_LF_SUB,_Z,Y,_T,Y_GE15,_Z,Q,7.661414,0,1,A
1995-Q2,CHL,UNE_LF_M,PT_LF_SUB,_Z,Y,_T,Y_GE15,_Z,Q,7.408183,0,1,A
1995-Q3,CHL,UNE_LF_M,PT_LF_SUB,_Z,Y,_T,Y_GE15,_Z,Q,7.055411,0,1,A
1995-Q4,CHL,UNE_LF_M,PT_LF_SUB,_Z,Y,_T,Y_GE15,_Z,Q,7.106243,0,1,A
1996-Q1,CHL,UNE_LF_M,PT_LF_SUB,_Z,Y,_T,Y_GE15,_Z,Q,6.853805,0,1,A
1996-Q2,CHL,UNE_LF_M,PT_LF_SUB,_Z,Y,_T,Y_GE15,_Z,Q,6.292814,0,1,A
1996-Q3,CHL,UNE_LF_M,PT_LF_SUB,_Z,Y,_T,Y_GE15,_Z,Q,6.276209,0,1,A
1996-Q4,CHL,UNE_LF_M,PT_LF_SUB,_Z,Y,_T,Y_GE15,_Z,Q,5.873217,0,1,A
1997-Q1,CHL,UNE_LF_M,PT_LF_SUB,_Z,Y,_T,Y_GE15,_Z,Q,6.112509,0,1,A
1997-Q2,CHL,UNE_LF_M,PT_LF_SUB,_Z,Y,_T,Y_GE15,_Z,Q,6.31811,0,1,A
1997-Q3,CHL,UNE_LF_M,PT_LF_SUB,_Z,Y,_T,Y_GE15,_Z,Q,6.219733,0,1,A
1997-Q4,CHL,UNE_LF_M,PT_LF_SUB,_Z,Y,_T,Y_GE15,_Z,Q,5.82146,0,1,A
1998-Q1,CHL,UNE_LF_M,PT_LF_SUB,_Z,Y,_T,Y_GE15,_Z,Q,5.530884,0,1,A
1998-Q2,CHL,UNE_LF_M,PT_LF_SUB,_Z,Y,_T,Y_GE15,_Z,Q,5.837049,0,1,A
1998-Q3,CHL,UNE_LF_M,PT_LF_SUB,_Z,Y,_T,Y_GE15,_Z,Q,6.33058,0,1,A
1998-Q4,CHL,UNE_LF_M,PT_LF_SUB,_Z,Y,_T,Y_GE15,_Z,Q,7.954537,0,1,A
1999-Q1,CHL,UNE_LF_M,PT_LF_SUB,_Z,Y,_T,Y_GE15,_Z,Q,8.81363,0,1,A
1999-Q2,CHL,UNE_LF_M,PT_LF_SUB,_Z,Y,_T,Y_GE15,_Z,Q,10.64421,0,1,A
1999-Q3,CHL,UNE_LF_M,PT_LF_SUB,_Z,Y,_T,Y_GE15,_Z,Q,10.96665,0,1,A
1999-Q4,CHL,UNE_LF_M,PT_LF_SUB,_Z,Y,_T,Y_GE15,_Z,Q,10.15558,0,1,A
2000-Q1,CHL,UNE_LF_M,PT_LF_SUB,_Z,Y,_T,Y_GE15,_Z,Q,9.012856,0,1,A
2000-Q2,CHL,UNE_LF_M,PT_LF_SUB,_Z,Y,_T,Y_GE15,_Z,Q,9.398767,0,1,A
2000-Q3,CHL,UNE_LF_M,PT_LF_SUB,_Z,Y,_T,Y_GE15,_Z,Q,10.53066,0,1,A
2000-Q4,CHL,UNE_LF_M,PT_LF_SUB,_Z,Y,_T,Y_GE15,_Z,Q,9.720679,0,1,A
2001-Q1,CHL,UNE_LF_M,PT_LF_SUB,_Z,Y,_T,Y_GE15,_Z,Q,9.939303,0,1,A
2001-Q2,CHL,UNE_LF_M,PT_LF_SUB,_Z,Y,_T,Y_GE15,_Z,Q,9.890517,0,1,A
2001-Q3,CHL,UNE_LF_M,PT_LF_SUB,_Z,Y,_T,Y_GE15,_Z,Q,10.11395,0,1,A
2001-Q4,CHL,UNE_LF_M,PT_LF_SUB,_Z,Y,_T,Y_GE15,_Z,Q,9.458382,0,1,A
2002-Q1,CHL,UNE_LF_M,PT_LF_SUB,_Z,Y,_T,Y_GE15,_Z,Q,10.00807,0,1,A
2002-Q2,CHL,UNE_LF_M,PT_LF_SUB,_Z,Y,_T,Y_GE15,_Z,Q,9.792568,0,1,A
2002-Q3,CHL,UNE_LF_M,PT_LF_SUB,_Z,Y,_T,Y_GE15,_Z,Q,9.885047,0,1,A
2002-Q4,CHL,UNE_LF_M,PT_LF_SUB,_Z,Y,_T,Y_GE15,_Z,Q,9.521856,0,1,A
2003-Q1,CHL,UNE_LF_M,PT_LF_SUB,_Z,Y,_T,Y_GE15,_Z,Q,9.566786,0,1,A
2003-Q2,CHL,UNE_LF_M,PT_LF_SUB,_Z,Y,_T,Y_GE15,_Z,Q,9.589904,0,1,A
2003-Q3,CHL,UNE_LF_M,PT_LF_SUB,_Z,Y,_T,Y_GE15,_Z,Q,9.729627,0,1,A
2003-Q4,CHL,UNE_LF_M,PT_LF_SUB,_Z,Y,_T,Y_GE15,_Z,Q,9.268967,0,1,A
2004-Q1,CHL,UNE_LF_M,PT_LF_SUB,_Z,Y,_T,Y_GE15,_Z,Q,9.516187,0,1,A
2004-Q2,CHL,UNE_LF_M,PT_LF_SUB,_Z,Y,_T,Y_GE15,_Z,Q,10.39365,0,1,A
2004-Q3,CHL,UNE_LF_M,PT_LF_SUB,_Z,Y,_T,Y_GE15,_Z,Q,10.40862,0,1,A
2004-Q4,CHL,UNE_LF_M,PT_LF_SUB,_Z,Y,_T,Y_GE15,_Z,Q,9.728475,0,1,A
2005-Q1,CHL,UNE_LF_M,PT_LF_SUB,_Z,Y,_T,Y_GE15,_Z,Q,9.354194,0,1,A
2005-Q2,CHL,UNE_LF_M,PT_LF_SUB,_Z,Y,_T,Y_GE15,_Z,Q,9.612899,0,1,A
2005-Q3,CHL,UNE_LF_M,PT_LF_SUB,_Z,Y,_T,Y_GE15,_Z,Q,9.263559,0,1,A
2005-Q4,CHL,UNE_LF_M,PT_LF_SUB,_Z,Y,_T,Y_GE15,_Z,Q,8.707709,0,1,A
2006-Q1,CHL,UNE_LF_M,PT_LF_SUB,_Z,Y,_T,Y_GE15,_Z,Q,8.578827,0,1,A
2006-Q2,CHL,UNE_LF_M,PT_LF_SUB,_Z,Y,_T,Y_GE15,_Z,Q,8.522247,0,1,A
2006-Q3,CHL,UNE_LF_M,PT_LF_SUB,_Z,Y,_T,Y_GE15,_Z,Q,7.499657,0,1,A
2006-Q4,CHL,UNE_LF_M,PT_LF_SUB,_Z,Y,_T,Y_GE15,_Z,Q,6.589255,0,1,A
2007-Q1,CHL,UNE_LF_M,PT_LF_SUB,_Z,Y,_T,Y_GE15,_Z,Q,6.872205,0,1,A
2007-Q2,CHL,UNE_LF_M,PT_LF_SUB,_Z,Y,_T,Y_GE15,_Z,Q,6.530352,0,1,A
2007-Q3,CHL,UNE_LF_M,PT_LF_SUB,_Z,Y,_T,Y_GE15,_Z,Q,7.29795,0,1,A
2007-Q4,CHL,UNE_LF_M,PT_LF_SUB,_Z,Y,_T,Y_GE15,_Z,Q,7.852497,0,1,A
2008-Q1,CHL,UNE_LF_M,PT_LF_SUB,_Z,Y,_T,Y_GE15,_Z,Q,7.659854,0,1,A
2008-Q2,CHL,UNE_LF_M,PT_LF_SUB,_Z,Y,_T,Y_GE15,_Z,Q,7.991411,0,1,A
2008-Q3,CHL,UNE_LF_M,PT_LF_SUB,_Z,Y,_T,Y_GE15,_Z,Q,7.397559,0,1,A
2008-Q4,CHL,UNE_LF_M,PT_LF_SUB,_Z,Y,_T,Y_GE15,_Z,Q,8.137307,0,1,A
2009-Q1,CHL,UNE_LF_M,PT_LF_SUB,_Z,Y,_T,Y_GE15,_Z,Q,9.344128,0,1,A
2009-Q2,CHL,UNE_LF_M,PT_LF_SUB,_Z,Y,_T,Y_GE15,_Z,Q,10.26359,0,1,A
2009-Q3,CHL,UNE_LF_M,PT_LF_SUB,_Z,Y,_T,Y_GE15,_Z,Q,9.78602,0,1,A
2009-Q4,CHL,UNE_LF_M,PT_LF_SUB,_Z,Y,_T,Y_GE15,_Z,Q,9.35791,0,1,A
2010-Q1,CHL,UNE_LF_M,PT_LF_SUB,_Z,Y,_T,Y_GE15,_Z,Q,9.138948,0,1,A
2010-Q2,CHL,UNE_LF_M,PT_LF_SUB,_Z,Y,_T,Y_GE15,_Z,Q,8.580867,0,1,A
2010-Q3,CHL,UNE_LF_M,PT_LF_SUB,_Z,Y,_T,Y_GE15,_Z,Q,7.928164,0,1,A
2010-Q4,CHL,UNE_LF_M,PT_LF_SUB,_Z,Y,_T,Y_GE15,_Z,Q,7.543557,0,1,A
2011-Q1,CHL,UNE_LF_M,PT_LF_SUB,_Z,Y,_T,Y_GE15,_Z,Q,7.471543,0,1,A
2011-Q2,CHL,UNE_LF_M,PT_LF_SUB,_Z,Y,_T,Y_GE15,_Z,Q,7.14856,0,1,A
2011-Q3,CHL,UNE_LF_M,PT_LF_SUB,_Z,Y,_T,Y_GE15,_Z,Q,7.455888,0,1,A
2011-Q4,CHL,UNE_LF_M,PT_LF_SUB,_Z,Y,_T,Y_GE15,_Z,Q,7.123204,0,1,A
2012-Q1,CHL,UNE_LF_M,PT_LF_SUB,_Z,Y,_T,Y_GE15,_Z,Q,6.72801,0,1,A
2012-Q2,CHL,UNE_LF_M,PT_LF_SUB,_Z,Y,_T,Y_GE15,_Z,Q,6.687118,0,1,A
2012-Q3,CHL,UNE_LF_M,PT_LF_SUB,_Z,Y,_T,Y_GE15,_Z,Q,6.432644,0,1,A
2012-Q4,CHL,UNE_LF_M,PT_LF_SUB,_Z,Y,_T,Y_GE15,_Z,Q,6.523984,0,1,A
2013-Q1,CHL,UNE_LF_M,PT_LF_SUB,_Z,Y,_T,Y_GE15,_Z,Q,6.387222,0,1,A
2013-Q2,CHL,UNE_LF_M,PT_LF_SUB,_Z,Y,_T,Y_GE15,_Z,Q,6.145358,0,1,A
2013-Q3,CHL,UNE_LF_M,PT_LF_SUB,_Z,Y,_T,Y_GE15,_Z,Q,5.713858,0,1,A
2013-Q4,CHL,UNE_LF_M,PT_LF_SUB,_Z,Y,_T,Y_GE15,_Z,Q,6.071836,0,1,A
2014-Q1,CHL,UNE_LF_M,PT_LF_SUB,_Z,Y,_T,Y_GE15,_Z,Q,6.487531,0,1,A
2014-Q2,CHL,UNE_LF_M,PT_LF_SUB,_Z,Y,_T,Y_GE15,_Z,Q,6.349134,0,1,A
2014-Q3,CHL,UNE_LF_M,PT_LF_SUB,_Z,Y,_T,Y_GE15,_Z,Q,6.588085,0,1,A
2014-Q4,CHL,UNE_LF_M,PT_LF_SUB,_Z,Y,_T,Y_GE15,_Z,Q,6.570192,0,1,A
2015-Q1,CHL,UNE_LF_M,PT_LF_SUB,_Z,Y,_T,Y_GE15,_Z,Q,6.211148,0,1,A
2015-Q2,CHL,UNE_LF_M,PT_LF_SUB,_Z,Y,_T,Y_GE15,_Z,Q,6.464349,0,1,A
2015-Q3,CHL,UNE_LF_M,PT_LF_SUB,_Z,Y,_T,Y_GE15,_Z,Q,6.370728,0,1,A
2015-Q4,CHL,UNE_LF_M,PT_LF_SUB,_Z,Y,_T,Y_GE15,_Z,Q,6.246464,0,1,A
2016-Q1,CHL,UNE_LF_M,PT_LF_SUB,_Z,Y,_T,Y_GE15,_Z,Q,6.467128,0,1,A
2016-Q2,CHL,UNE_LF_M,PT_LF_SUB,_Z,Y,_T,Y_GE15,_Z,Q,6.784864,0,1,A
2016-Q3,CHL,UNE_LF_M,PT_LF_SUB,_Z,Y,_T,Y_GE15,_Z,Q,6.857248,0,1,A
2016-Q4,CHL,UNE_LF_M,PT_LF_SUB,_Z,Y,_T,Y_GE15,_Z,Q,6.627276,0,1,A
2017-Q1,CHL,UNE_LF_M,PT_LF_SUB,_Z,Y,_T,Y_GE15,_Z,Q,6.972751,0,1,A
2017-Q2,CHL,UNE_LF_M,PT_LF_SUB,_Z,Y,_T,Y_GE15,_Z,Q,7.091681,0,1,A
2017-Q3,CHL,UNE_LF_M,PT_LF_SUB,_Z,Y,_T,Y_GE15,_Z,Q,6.844208,0,1,A
2017-Q4,CHL,UNE_LF_M,PT_LF_SUB,_Z,Y,_T,Y_GE15,_Z,Q,6.959265,0,1,A
2018-Q1,CHL,UNE_LF_M,PT_LF_SUB,_Z,Y,_T,Y_GE15,_Z,Q,7.249216,0,1,A
2018-Q2,CHL,UNE_LF_M,PT_LF_SUB,_Z,Y,_T,Y_GE15,_Z,Q,7.31979,0,1,A
2018-Q3,CHL,UNE_LF_M,PT_LF_SUB,_Z,Y,_T,Y_GE15,_Z,Q,7.33323,0,1,A
2018-Q4,CHL,UNE_LF_M,PT_LF_SUB,_Z,Y,_T,Y_GE15,_Z,Q,7.639573,0,1,A
2019-Q1,CHL,UNE_LF_M,PT_LF_SUB,_Z,Y,_T,Y_GE15,_Z,Q,7.080962,0,1,A
2019-Q2,CHL,UNE_LF_M,PT_LF_SUB,_Z,Y,_T,Y_GE15,_Z,Q,7.109221,0,1,A
2019-Q3,CHL,UNE_LF_M,PT_LF_SUB,_Z,Y,_T,Y_GE15,_Z,Q,7.241733,0,1,A
2019-Q4,CHL,UNE_LF_M,PT_LF_SUB,_Z,Y,_T,Y_GE15,_Z,Q,7.509341,0,1,A
2020-Q1,CHL,UNE_LF_M,PT_LF_SUB,_Z,Y,_T,Y_GE15,_Z,Q,8.008962,0,1,A
2020-Q2,CHL,UNE_LF_M,PT_LF_SUB,_Z,Y,_T,Y_GE15,_Z,Q,12.03198,0,1,A
2020-Q3,CHL,UNE_LF_M,PT_LF_SUB,_Z,Y,_T,Y_GE15,_Z,Q,12.13822,0,1,A
2020-Q4,CHL,UNE_LF_M,PT_LF_SUB,_Z,Y,_T,Y_GE15,_Z,Q,10.89733,0,1,A
2021-Q1,CHL,UNE_LF_M,PT_LF_SUB,_Z,Y,_T,Y_GE15,_Z,Q,10.10167,0,1,A
2021-Q2,CHL,UNE_LF_M,PT_LF_SUB,_Z,Y,_T,Y_GE15,_Z,Q,9.412749,0,1,A
2021-Q3,CHL,UNE_LF_M,PT_LF_SUB,_Z,Y,_T,Y_GE15,_Z,Q,8.284597,0,1,A
2021-Q4,CHL,UNE_LF_M,PT_LF_SUB,_Z,Y,_T,Y_GE15,_Z,Q,7.605705,0,1,A
2022-Q1,CHL,UNE_LF_M,PT_LF_SUB,_Z,Y,_T,Y_GE15,_Z,Q,7.582385,0,1,A
2022-Q2,CHL,UNE_LF_M,PT_LF_SUB,_Z,Y,_T,Y_GE15,_Z,Q,7.764535,0,1,A
2022-Q3,CHL,UNE_LF_M,PT_LF_SUB,_Z,Y,_T,Y_GE15,_Z,Q,7.940493,0,1,A
2022-Q4,CHL,UNE_LF_M,PT_LF_SUB,_Z,Y,_T,Y_GE15,_Z,Q,8.296716,0,1,A
2023-Q1,CHL,UNE_LF_M,PT_LF_SUB,_Z,Y,_T,Y_GE15,_Z,Q,8.562598,0,1,A
2023-Q2,CHL,UNE_LF_M,PT_LF_SUB,_Z,Y,_T,Y_GE15,_Z,Q,8.489815,0,1,A
2023-Q3,CHL,UNE_LF_M,PT_LF_SUB,_Z,Y,_T,Y_GE15,_Z,Q,8.80203,0,1,A
2023-Q4,CHL,UNE_LF_M,PT_LF_SUB,_Z,Y,_T,Y_GE15,_Z,Q,8.921496,0,1,A
2024-Q1,CHL,UNE_LF_M,PT_LF_SUB,_Z,Y,_T,Y_GE15,_Z,Q,8.432233,0,1,A
2024-Q2,CHL,UNE_LF_M,PT_LF_SUB,_Z,Y,_T,Y_GE15,_Z,Q,8.311548,0,1,A
2024-Q3,CHL,UNE_LF_M,PT_LF_SUB,_Z,Y,_T,Y_GE15,_Z,Q,8.621564,0,1,A
2024-Q4,CHL,UNE_LF_M,PT_LF_SUB,_Z,Y,_T,Y_GE15,_Z,Q,8.502011,0,1,A
2025-Q1,CHL,UNE_LF_M,PT_LF_SUB,_Z,Y,_T,Y_GE15,_Z,Q,8.473963,0,1,A
2025-Q2,CHL,UNE_LF_M,PT_LF_SUB,_Z,Y,_T,Y_GE15,_Z,Q,8.854262,0,1,A
2025-Q3,CHL,UNE_LF_M,PT_LF_SUB,_Z,Y,_T,Y_GE15,_Z,Q,8.399002,0,1,A
2025-Q4,CHL,UNE_LF_M,PT_LF_SUB,_Z,Y,_T,Y_GE15,_Z,Q,8.468274,0,1,A
1986-Q1,NZL,UNE_LF_M,PT_LF_SUB,_Z,Y,_T,Y_GE15,_Z,Q,4.2,0,1,A
1986-Q2,NZL,UNE_LF_M,PT_LF_SUB,_Z,Y,_T,Y_GE15,_Z,Q,4.1,0,1,A
1986-Q3,NZL,UNE_LF_M,PT_LF_SUB,_Z,Y,_T,Y_GE15,_Z,Q,4.2,0,1,A
1986-Q4,NZL,UNE_LF_M,PT_LF_SUB,_Z,Y,_T,Y_GE15,_Z,Q,4.3,0,1,A
1987-Q1,NZL,UNE_LF_M,PT_LF_SUB,_Z,Y,_T,Y_GE15,_Z,Q,4.1,0,1,A
1987-Q2,NZL,UNE_LF_M,PT_LF_SUB,_Z,Y,_T,Y_GE15,_Z,Q,4.2,0,1,A
1987-Q3,NZL,UNE_LF_M,PT_LF_SUB,_Z,Y,_T,Y_GE15,_Z,Q,4.2,0,1,A
1987-Q4,NZL,UNE_LF_M,PT_LF_SUB,_Z,Y,_T,Y_GE15,_Z,Q,4.4,0,1,A
1988-Q1,NZL,UNE_LF_M,PT_LF_SUB,_Z,Y,_T,Y_GE15,_Z,Q,5,0,1,A
1988-Q2,NZL,UNE_LF_M,PT_LF_SUB,_Z,Y,_T,Y_GE15,_Z,Q,5.5,0,1,A
1988-Q3,NZL,UNE_LF_M,PT_LF_SUB,_Z,Y,_T,Y_GE15,_Z,Q,6.4,0,1,A
1988-Q4,NZL,UNE_LF_M,PT_LF_SUB,_Z,Y,_T,Y_GE15,_Z,Q,6.3,0,1,A
1989-Q1,NZL,UNE_LF_M,PT_LF_SUB,_Z,Y,_T,Y_GE15,_Z,Q,7.1,0,1,A
1989-Q2,NZL,UNE_LF_M,PT_LF_SUB,_Z,Y,_T,Y_GE15,_Z,Q,7.5,0,1,A
1989-Q3,NZL,UNE_LF_M,PT_LF_SUB,_Z,Y,_T,Y_GE15,_Z,Q,7.4,0,1,A
1989-Q4,NZL,UNE_LF_M,PT_LF_SUB,_Z,Y,_T,Y_GE15,_Z,Q,7.3,0,1,A
1990-Q1,NZL,UNE_LF_M,PT_LF_SUB,_Z,Y,_T,Y_GE15,_Z,Q,7.2,0,1,A
1990-Q2,NZL,UNE_LF_M,PT_LF_SUB,_Z,Y,_T,Y_GE15,_Z,Q,7.7,0,1,A
1990-Q3,NZL,UNE_LF_M,PT_LF_SUB,_Z,Y,_T,Y_GE15,_Z,Q,8.1,0,1,A
1990-Q4,NZL,UNE_LF_M,PT_LF_SUB,_Z,Y,_T,Y_GE15,_Z,Q,8.9,0,1,A
1991-Q1,NZL,UNE_LF_M,PT_LF_SUB,_Z,Y,_T,Y_GE15,_Z,Q,9.8,0,1,A
1991-Q2,NZL,UNE_LF_M,PT_LF_SUB,_Z,Y,_T,Y_GE15,_Z,Q,10.5,0,1,A
1991-Q3,NZL,UNE_LF_M,PT_LF_SUB,_Z,Y,_T,Y_GE15,_Z,Q,11.2,0,1,A
1991-Q4,NZL,UNE_LF_M,PT_LF_SUB,_Z,Y,_T,Y_GE15,_Z,Q,11,0,1,A
1992-Q1,NZL,UNE_LF_M,PT_LF_SUB,_Z,Y,_T,Y_GE15,_Z,Q,11,0,1,A
1992-Q2,NZL,UNE_LF_M,PT_LF_SUB,_Z,Y,_T,Y_GE15,_Z,Q,10.5,0,1,A
1992-Q3,NZL,UNE_LF_M,PT_LF_SUB,_Z,Y,_T,Y_GE15,_Z,Q,10.6,0,1,A
1992-Q4,NZL,UNE_LF_M,PT_LF_SUB,_Z,Y,_T,Y_GE15,_Z,Q,10.6,0,1,A
1993-Q1,NZL,UNE_LF_M,PT_LF_SUB,_Z,Y,_T,Y_GE15,_Z,Q,10.1,0,1,A
1993-Q2,NZL,UNE_LF_M,PT_LF_SUB,_Z,Y,_T,Y_GE15,_Z,Q,10.2,0,1,A
1993-Q3,NZL,UNE_LF_M,PT_LF_SUB,_Z,Y,_T,Y_GE15,_Z,Q,9.5,0,1,A
1993-Q4,NZL,UNE_LF_M,PT_LF_SUB,_Z,Y,_T,Y_GE15,_Z,Q,9.4,0,1,A
1994-Q1,NZL,UNE_LF_M,PT_LF_SUB,_Z,Y,_T,Y_GE15,_Z,Q,9.3,0,1,A
1994-Q2,NZL,UNE_LF_M,PT_LF_SUB,_Z,Y,_T,Y_GE15,_Z,Q,8.5,0,1,A
1994-Q3,NZL,UNE_LF_M,PT_LF_SUB,_Z,Y,_T,Y_GE15,_Z,Q,8,0,1,A
1994-Q4,NZL,UNE_LF_M,PT_LF_SUB,_Z,Y,_T,Y_GE15,_Z,Q,7.6,0,1,A
1995-Q1,NZL,UNE_LF_M,PT_LF_SUB,_Z,Y,_T,Y_GE15,_Z,Q,6.8,0,1,A
1995-Q2,NZL,UNE_LF_M,PT_LF_SUB,_Z,Y,_T,Y_GE15,_Z,Q,6.4,0,1,A
1995-Q3,NZL,UNE_LF_M,PT_LF_SUB,_Z,Y,_T,Y_GE15,_Z,Q,6.2,0,1,A
1995-Q4,NZL,UNE_LF_M,PT_LF_SUB,_Z,Y,_T,Y_GE15,_Z,Q,6.4,0,1,A
1996-Q1,NZL,UNE_LF_M,PT_LF_SUB,_Z,Y,_T,Y_GE15,_Z,Q,6.4,0,1,A
1996-Q2,NZL,UNE_LF_M,PT_LF_SUB,_Z,Y,_T,Y_GE15,_Z,Q,6.2,0,1,A
1996-Q3,NZL,UNE_LF_M,PT_LF_SUB,_Z,Y,_T,Y_GE15,_Z,Q,6.5,0,1,A
1996-Q4,NZL,UNE_LF_M,PT_LF_SUB,_Z,Y,_T,Y_GE15,_Z,Q,6.2,0,1,A
1997-Q1,NZL,UNE_LF_M,PT_LF_SUB,_Z,Y,_T,Y_GE15,_Z,Q,6.7,0,1,A
1997-Q2,NZL,UNE_LF_M,PT_LF_SUB,_Z,Y,_T,Y_GE15,_Z,Q,6.8,0,1,A
1997-Q3,NZL,UNE_LF_M,PT_LF_SUB,_Z,Y,_T,Y_GE15,_Z,Q,7,0,1,A
1997-Q4,NZL,UNE_LF_M,PT_LF_SUB,_Z,Y,_T,Y_GE15,_Z,Q,7,0,1,A
1998-Q1,NZL,UNE_LF_M,PT_LF_SUB,_Z,Y,_T,Y_GE15,_Z,Q,7.4,0,1,A
1998-Q2,NZL,UNE_LF_M,PT_LF_SUB,_Z,Y,_T,Y_GE15,_Z,Q,7.9,0,1,A
1998-Q3,NZL,UNE_LF_M,PT_LF_SUB,_Z,Y,_T,Y_GE15,_Z,Q,7.7,0,1,A
1998-Q4,NZL,UNE_LF_M,PT_LF_SUB,_Z,Y,_T,Y_GE15,_Z,Q,7.9,0,1,A
1999-Q1,NZL,UNE_LF_M,PT_LF_SUB,_Z,Y,_T,Y_GE15,_Z,Q,7.5,0,1,A
1999-Q2,NZL,UNE_LF_M,PT_LF_SUB,_Z,Y,_T,Y_GE15,_Z,Q,7.3,0,1,A
1999-Q3,NZL,UNE_LF_M,PT_LF_SUB,_Z,Y,_T,Y_GE15,_Z,Q,7,0,1,A
1999-Q4,NZL,UNE_LF_M,PT_LF_SUB,_Z,Y,_T,Y_GE15,_Z,Q,6.4,0,1,A
2000-Q1,NZL,UNE_LF_M,PT_LF_SUB,_Z,Y,_T,Y_GE15,_Z,Q,6.5,0,1,A
2000-Q2,NZL,UNE_LF_M,PT_LF_SUB,_Z,Y,_T,Y_GE15,_Z,Q,6.3,0,1,A
2000-Q3,NZL,UNE_LF_M,PT_LF_SUB,_Z,Y,_T,Y_GE15,_Z,Q,6,0,1,A
2000-Q4,NZL,UNE_LF_M,PT_LF_SUB,_Z,Y,_T,Y_GE15,_Z,Q,5.8,0,1,A
2001-Q1,NZL,UNE_LF_M,PT_LF_SUB,_Z,Y,_T,Y_GE15,_Z,Q,5.5,0,1,A
2001-Q2,NZL,UNE_LF_M,PT_LF_SUB,_Z,Y,_T,Y_GE15,_Z,Q,5.4,0,1,A
2001-Q3,NZL,UNE_LF_M,PT_LF_SUB,_Z,Y,_T,Y_GE15,_Z,Q,5.4,0,1,A
2001-Q4,NZL,UNE_LF_M,PT_LF_SUB,_Z,Y,_T,Y_GE15,_Z,Q,5.6,0,1,A
2002-Q1,NZL,UNE_LF_M,PT_LF_SUB,_Z,Y,_T,Y_GE15,_Z,Q,5.3,0,1,A
2002-Q2,NZL,UNE_LF_M,PT_LF_SUB,_Z,Y,_T,Y_GE15,_Z,Q,5.3,0,1,A
2002-Q3,NZL,UNE_LF_M,PT_LF_SUB,_Z,Y,_T,Y_GE15,_Z,Q,5.5,0,1,A
2002-Q4,NZL,UNE_LF_M,PT_LF_SUB,_Z,Y,_T,Y_GE15,_Z,Q,5.1,0,1,A
2003-Q1,NZL,UNE_LF_M,PT_LF_SUB,_Z,Y,_T,Y_GE15,_Z,Q,5,0,1,A
2003-Q2,NZL,UNE_LF_M,PT_LF_SUB,_Z,Y,_T,Y_GE15,_Z,Q,4.8,0,1,A
2003-Q3,NZL,UNE_LF_M,PT_LF_SUB,_Z,Y,_T,Y_GE15,_Z,Q,4.5,0,1,A
2003-Q4,NZL,UNE_LF_M,PT_LF_SUB,_Z,Y,_T,Y_GE15,_Z,Q,4.7,0,1,A
2004-Q1,NZL,UNE_LF_M,PT_LF_SUB,_Z,Y,_T,Y_GE15,_Z,Q,4.3,0,1,A
2004-Q2,NZL,UNE_LF_M,PT_LF_SUB,_Z,Y,_T,Y_GE15,_Z,Q,4.2,0,1,A
2004-Q3,NZL,UNE_LF_M,PT_LF_SUB,_Z,Y,_T,Y_GE15,_Z,Q,3.9,0,1,A
2004-Q4,NZL,UNE_LF_M,PT_LF_SUB,_Z,Y,_T,Y_GE15,_Z,Q,3.7,0,1,A
2005-Q1,NZL,UNE_LF_M,PT_LF_SUB,_Z,Y,_T,Y_GE15,_Z,Q,3.9,0,1,A
2005-Q2,NZL,UNE_LF_M,PT_LF_SUB,_Z,Y,_T,Y_GE15,_Z,Q,3.8,0,1,A
2005-Q3,NZL,UNE_LF_M,PT_LF_SUB,_Z,Y,_T,Y_GE15,_Z,Q,3.8,0,1,A
2005-Q4,NZL,UNE_LF_M,PT_LF_SUB,_Z,Y,_T,Y_GE15,_Z,Q,3.7,0,1,A
2006-Q1,NZL,UNE_LF_M,PT_LF_SUB,_Z,Y,_T,Y_GE15,_Z,Q,4.1,0,1,A
2006-Q2,NZL,UNE_LF_M,PT_LF_SUB,_Z,Y,_T,Y_GE15,_Z,Q,3.7,0,1,A
2006-Q3,NZL,UNE_LF_M,PT_LF_SUB,_Z,Y,_T,Y_GE15,_Z,Q,3.9,0,1,A
2006-Q4,NZL,UNE_LF_M,PT_LF_SUB,_Z,Y,_T,Y_GE15,_Z,Q,3.8,0,1,A
2007-Q1,NZL,UNE_LF_M,PT_LF_SUB,_Z,Y,_T,Y_GE15,_Z,Q,3.9,0,1,A
2007-Q2,NZL,UNE_LF_M,PT_LF_SUB,_Z,Y,_T,Y_GE15,_Z,Q,3.6,0,1,A
2007-Q3,NZL,UNE_LF_M,PT_LF_SUB,_Z,Y,_T,Y_GE15,_Z,Q,3.6,0,1,A
2007-Q4,NZL,UNE_LF_M,PT_LF_SUB,_Z,Y,_T,Y_GE15,_Z,Q,3.4,0,1,A
2008-Q1,NZL,UNE_LF_M,PT_LF_SUB,_Z,Y,_T,Y_GE15,_Z,Q,3.8,0,1,A
2008-Q2,NZL,UNE_LF_M,PT_LF_SUB,_Z,Y,_T,Y_GE15,_Z,Q,3.8,0,1,A
2008-Q3,NZL,UNE_LF_M,PT_LF_SUB,_Z,Y,_T,Y_GE15,_Z,Q,4.1,0,1,A
2008-Q4,NZL,UNE_LF_M,PT_LF_SUB,_Z,Y,_T,Y_GE15,_Z,Q,4.4,0,1,A
2009-Q1,NZL,UNE_LF_M,PT_LF_SUB,_Z,Y,_T,Y_GE15,_Z,Q,5,0,1,A
2009-Q2,NZL,UNE_LF_M,PT_LF_SUB,_Z,Y,_T,Y_GE15,_Z,Q,5.8,0,1,A
2009-Q3,NZL,UNE_LF_M,PT_LF_SUB,_Z,Y,_T,Y_GE15,_Z,Q,6.2,0,1,A
2009-Q4,NZL,UNE_LF_M,PT_LF_SUB,_Z,Y,_T,Y_GE15,_Z,Q,6.6,0,1,A
2010-Q1,NZL,UNE_LF_M,PT_LF_SUB,_Z,Y,_T,Y_GE15,_Z,Q,5.9,0,1,A
2010-Q2,NZL,UNE_LF_M,PT_LF_SUB,_Z,Y,_T,Y_GE15,_Z,Q,6.6,0,1,A
2010-Q3,NZL,UNE_LF_M,PT_LF_SUB,_Z,Y,_T,Y_GE15,_Z,Q,6.1,0,1,A
2010-Q4,NZL,UNE_LF_M,PT_LF_SUB,_Z,Y,_T,Y_GE15,_Z,Q,6.2,0,1,A
2011-Q1,NZL,UNE_LF_M,PT_LF_SUB,_Z,Y,_T,Y_GE15,_Z,Q,6,0,1,A
2011-Q2,NZL,UNE_LF_M,PT_LF_SUB,_Z,Y,_T,Y_GE15,_Z,Q,6.1,0,1,A
2011-Q3,NZL,UNE_LF_M,PT_LF_SUB,_Z,Y,_T,Y_GE15,_Z,Q,6,0,1,A
2011-Q4,NZL,UNE_LF_M,PT_LF_SUB,_Z,Y,_T,Y_GE15,_Z,Q,6.1,0,1,A
2012-Q1,NZL,UNE_LF_M,PT_LF_SUB,_Z,Y,_T,Y_GE15,_Z,Q,6.4,0,1,A
2012-Q2,NZL,UNE_LF_M,PT_LF_SUB,_Z,Y,_T,Y_GE15,_Z,Q,6.4,0,1,A
2012-Q3,NZL,UNE_LF_M,PT_LF_SUB,_Z,Y,_T,Y_GE15,_Z,Q,6.7,0,1,A
2012-Q4,NZL,UNE_LF_M,PT_LF_SUB,_Z,Y,_T,Y_GE15,_Z,Q,6.3,0,1,A
2013-Q1,NZL,UNE_LF_M,PT_LF_SUB,_Z,Y,_T,Y_GE15,_Z,Q,5.8,0,1,A
2013-Q2,NZL,UNE_LF_M,PT_LF_SUB,_Z,Y,_T,Y_GE15,_Z,Q,6,0,1,A
2013-Q3,NZL,UNE_LF_M,PT_LF_SUB,_Z,Y,_T,Y_GE15,_Z,Q,5.8,0,1,A
2013-Q4,NZL,UNE_LF_M,PT_LF_SUB,_Z,Y,_T,Y_GE15,_Z,Q,5.7,0,1,A
2014-Q1,NZL,UNE_LF_M,PT_LF_SUB,_Z,Y,_T,Y_GE15,_Z,Q,5.6,0,1,A
2014-Q2,NZL,UNE_LF_M,PT_LF_SUB,_Z,Y,_T,Y_GE15,_Z,Q,5.3,0,1,A
2014-Q3,NZL,UNE_LF_M,PT_LF_SUB,_Z,Y,_T,Y_GE15,_Z,Q,5.3,0,1,A
2014-Q4,NZL,UNE_LF_M,PT_LF_SUB,_Z,Y,_T,Y_GE15,_Z,Q,5.5,0,1,A
2015-Q1,NZL,UNE_LF_M,PT_LF_SUB,_Z,Y,_T,Y_GE15,_Z,Q,5.5,0,1,A
2015-Q2,NZL,UNE_LF_M,PT_LF_SUB,_Z,Y,_T,Y_GE15,_Z,Q,5.5,0,1,A
2015-Q3,NZL,UNE_LF_M,PT_LF_SUB,_Z,Y,_T,Y_GE15,_Z,Q,5.7,0,1,A
2015-Q4,NZL,UNE_LF_M,PT_LF_SUB,_Z,Y,_T,Y_GE15,_Z,Q,5,0,1,A
2016-Q1,NZL,UNE_LF_M,PT_LF_SUB,_Z,Y,_T,Y_GE15,_Z,Q,5.3,0,1,A
2016-Q2,NZL,UNE_LF_M,PT_LF_SUB,_Z,Y,_T,Y_GE15,_Z,Q,5.1,0,1,A
2016-Q3,NZL,UNE_LF_M,PT_LF_SUB,_Z,Y,_T,Y_GE15,_Z,Q,5,0,1,A
2016-Q4,NZL,UNE_LF_M,PT_LF_SUB,_Z,Y,_T,Y_GE15,_Z,Q,5.3,0,1,A
2017-Q1,NZL,UNE_LF_M,PT_LF_SUB,_Z,Y,_T,Y_GE15,_Z,Q,4.9,0,1,A
2017-Q2,NZL,UNE_LF_M,PT_LF_SUB,_Z,Y,_T,Y_GE15,_Z,Q,4.9,0,1,A
2017-Q3,NZL,UNE_LF_M,PT_LF_SUB,_Z,Y,_T,Y_GE15,_Z,Q,4.7,0,1,A
2017-Q4,NZL,UNE_LF_M,PT_LF_SUB,_Z,Y,_T,Y_GE15,_Z,Q,4.5,0,1,A
2018-Q1,NZL,UNE_LF_M,PT_LF_SUB,_Z,Y,_T,Y_GE15,_Z,Q,4.4,0,1,A
2018-Q2,NZL,UNE_LF_M,PT_LF_SUB,_Z,Y,_T,Y_GE15,_Z,Q,4.6,0,1,A
2018-Q3,NZL,UNE_LF_M,PT_LF_SUB,_Z,Y,_T,Y_GE15,_Z,Q,4,0,1,A
2018-Q4,NZL,UNE_LF_M,PT_LF_SUB,_Z,Y,_T,Y_GE15,_Z,Q,4.3,0,1,A
2019-Q1,NZL,UNE_LF_M,PT_LF_SUB,_Z,Y,_T,Y_GE15,_Z,Q,4.2,0,1,A
2019-Q2,NZL,UNE_LF_M,PT_LF_SUB,_Z,Y,_T,Y_GE15,_Z,Q,4.1,0,1,A
2019-Q3,NZL,UNE_LF_M,PT_LF_SUB,_Z,Y,_T,Y_GE15,_Z,Q,4.1,0,1,A
2019-Q4,NZL,UNE_LF_M,PT_LF_SUB,_Z,Y,_T,Y_GE15,_Z,Q,4.1,0,1,A
2020-Q1,NZL,UNE_LF_M,PT_LF_SUB,_Z,Y,_T,Y_GE15,_Z,Q,4.2,0,1,A
2020-Q2,NZL,UNE_LF_M,PT_LF_SUB,_Z,Y,_T,Y_GE15,_Z,Q,4.1,0,1,A
2020-Q3,NZL,UNE_LF_M,PT_LF_SUB,_Z,Y,_T,Y_GE15,_Z,Q,5.2,0,1,A
2020-Q4,NZL,UNE_LF_M,PT_LF_SUB,_Z,Y,_T,Y_GE15,_Z,Q,4.9,0,1,A
2021-Q1,NZL,UNE_LF_M,PT_LF_SUB,_Z,Y,_T,Y_GE15,_Z,Q,4.6,0,1,A
2021-Q2,NZL,UNE_LF_M,PT_LF_SUB,_Z,Y,_T,Y_GE15,_Z,Q,4,0,1,A
2021-Q3,NZL,UNE_LF_M,PT_LF_SUB,_Z,Y,_T,Y_GE15,_Z,Q,3.3,0,1,A
2021-Q4,NZL,UNE_LF_M,PT_LF_SUB,_Z,Y,_T,Y_GE15,_Z,Q,3.2,0,1,A
2022-Q1,NZL,UNE_LF_M,PT_LF_SUB,_Z,Y,_T,Y_GE15,_Z,Q,3.3,0,1,A
2022-Q2,NZL,UNE_LF_M,PT_LF_SUB,_Z,Y,_T,Y_GE15,_Z,Q,3.3,0,1,A
2022-Q3,NZL,UNE_LF_M,PT_LF_SUB,_Z,Y,_T,Y_GE15,_Z,Q,3.3,0,1,A
2022-Q4,NZL,UNE_LF_M,PT_LF_SUB,_Z,Y,_T,Y_GE15,_Z,Q,3.4,0,1,A
2023-Q1,NZL,UNE_LF_M,PT_LF_SUB,_Z,Y,_T,Y_GE15,_Z,Q,3.5,0,1,A
2023-Q2,NZL,UNE_LF_M,PT_LF_SUB,_Z,Y,_T,Y_GE15,_Z,Q,3.7,0,1,A
2023-Q3,NZL,UNE_LF_M,PT_LF_SUB,_Z,Y,_T,Y_GE15,_Z,Q,4,0,1,A
2023-Q4,NZL,UNE_LF_M,PT_LF_SUB,_Z,Y,_T,Y_GE15,_Z,Q,4,0,1,A
2024-Q1,NZL,UNE_LF_M,PT_LF_SUB,_Z,Y,_T,Y_GE15,_Z,Q,4.4,0,1,A
2024-Q2,NZL,UNE_LF_M,PT_LF_SUB,_Z,Y,_T,Y_GE15,_Z,Q,4.7,0,1,A
2024-Q3,NZL,UNE_LF_M,PT_LF_SUB,_Z,Y,_T,Y_GE15,_Z,Q,4.9,0,1,A
2024-Q4,NZL,UNE_LF_M,PT_LF_SUB,_Z,Y,_T,Y_GE15,_Z,Q,5.1,0,1,A
2025-Q1,NZL,UNE_LF_M,PT_LF_SUB,_Z,Y,_T,Y_GE15,_Z,Q,5.1,0,1,A
2025-Q2,NZL,UNE_LF_M,PT_LF_SUB,_Z,Y,_T,Y_GE15,_Z,Q,5.2,0,1,A
2025-Q3,NZL,UNE_LF_M,PT_LF_SUB,_Z,Y,_T,Y_GE15,_Z,Q,5.3,0,1,A
2025-Q4,NZL,UNE_LF_M,PT_LF_SUB,_Z,Y,_T,Y_GE15,_Z,Q,5.4,0,1,A
1983-Q1,SWE,UNE_LF_M,PT_LF_SUB,_Z,Y,_T,Y_GE15,_Z,Q,3.6,0,1,A
1983-Q2,SWE,UNE_LF_M,PT_LF_SUB,_Z,Y,_T,Y_GE15,_Z,Q,3.666667,0,1,A
1983-Q3,SWE,UNE_LF_M,PT_LF_SUB,_Z,Y,_T,Y_GE15,_Z,Q,3.766667,0,1,A
1983-Q4,SWE,UNE_LF_M,PT_LF_SUB,_Z,Y,_T,Y_GE15,_Z,Q,3.666667,0,1,A
1984-Q1,SWE,UNE_LF_M,PT_LF_SUB,_Z,Y,_T,Y_GE15,_Z,Q,3.466667,0,1,A
1984-Q2,SWE,UNE_LF_M,PT_LF_SUB,_Z,Y,_T,Y_GE15,_Z,Q,3.333333,0,1,A
1984-Q3,SWE,UNE_LF_M,PT_LF_SUB,_Z,Y,_T,Y_GE15,_Z,Q,3.133333,0,1,A
1984-Q4,SWE,UNE_LF_M,PT_LF_SUB,_Z,Y,_T,Y_GE15,_Z,Q,3.066667,0,1,A
1985-Q1,SWE,UNE_LF_M,PT_LF_SUB,_Z,Y,_T,Y_GE15,_Z,Q,3,0,1,A
1985-Q2,SWE,UNE_LF_M,PT_LF_SUB,_Z,Y,_T,Y_GE15,_Z,Q,2.966667,0,1,A
1985-Q3,SWE,UNE_LF_M,PT_LF_SUB,_Z,Y,_T,Y_GE15,_Z,Q,2.8,0,1,A
1985-Q4,SWE,UNE_LF_M,PT_LF_SUB,_Z,Y,_T,Y_GE15,_Z,Q,2.7,0,1,A
1986-Q1,SWE,UNE_LF_M,PT_LF_SUB,_Z,Y,_T,Y_GE15,_Z,Q,2.833333,0,1,A
1986-Q2,SWE,UNE_LF_M,PT_LF_SUB,_Z,Y,_T,Y_GE15,_Z,Q,2.666667,0,1,A
1986-Q3,SWE,UNE_LF_M,PT_LF_SUB,_Z,Y,_T,Y_GE15,_Z,Q,2.566667,0,1,A
1986-Q4,SWE,UNE_LF_M,PT_LF_SUB,_Z,Y,_T,Y_GE15,_Z,Q,2.633333,0,1,A
1987-Q1,SWE,UNE_LF_M,PT_LF_SUB,_Z,Y,_T,Y_GE15,_Z,Q,2.366667,0,1,A
1987-Q2,SWE,UNE_LF_M,PT_LF_SUB,_Z,Y,_T,Y_GE15,_Z,Q,2.3,0,1,A
1987-Q3,SWE,UNE_LF_M,PT_LF_SUB,_Z,Y,_T,Y_GE15,_Z,Q,2.166667,0,1,A
1987-Q4,SWE,UNE_LF_M,PT_LF_SUB,_Z,Y,_T,Y_GE15,_Z,Q,1.9,0,1,A
1988-Q1,SWE,UNE_LF_M,PT_LF_SUB,_Z,Y,_T,Y_GE15,_Z,Q,1.9,0,1,A
1988-Q2,SWE,UNE_LF_M,PT_LF_SUB,_Z,Y,_T,Y_GE15,_Z,Q,1.833333,0,1,A
1988-Q3,SWE,UNE_LF_M,PT_LF_SUB,_Z,Y,_T,Y_GE15,_Z,Q,1.833333,0,1,A
1988-Q4,SWE,UNE_LF_M,PT_LF_SUB,_Z,Y,_T,Y_GE15,_Z,Q,1.633333,0,1,A
1989-Q1,SWE,UNE_LF_M,PT_LF_SUB,_Z,Y,_T,Y_GE15,_Z,Q,1.6,0,1,A
1989-Q2,SWE,UNE_LF_M,PT_LF_SUB,_Z,Y,_T,Y_GE15,_Z,Q,1.566667,0,1,A
1989-Q3,SWE,UNE_LF_M,PT_LF_SUB,_Z,Y,_T,Y_GE15,_Z,Q,1.433333,0,1,A
1989-Q4,SWE,UNE_LF_M,PT_LF_SUB,_Z,Y,_T,Y_GE15,_Z,Q,1.566667,0,1,A
1990-Q1,SWE,UNE_LF_M,PT_LF_SUB,_Z,Y,_T,Y_GE15,_Z,Q,1.433333,0,1,A
1990-Q2,SWE,UNE_LF_M,PT_LF_SUB,_Z,Y,_T,Y_GE15,_Z,Q,1.533333,0,1,A
1990-Q3,SWE,UNE_LF_M,PT_LF_SUB,_Z,Y,_T,Y_GE15,_Z,Q,1.766667,0,1,A
1990-Q4,SWE,UNE_LF_M,PT_LF_SUB,_Z,Y,_T,Y_GE15,_Z,Q,2.166667,0,1,A
1991-Q1,SWE,UNE_LF_M,PT_LF_SUB,_Z,Y,_T,Y_GE15,_Z,Q,2.433333,0,1,A
1991-Q2,SWE,UNE_LF_M,PT_LF_SUB,_Z,Y,_T,Y_GE15,_Z,Q,2.733333,0,1,A
1991-Q3,SWE,UNE_LF_M,PT_LF_SUB,_Z,Y,_T,Y_GE15,_Z,Q,3.366667,0,1,A
1991-Q4,SWE,UNE_LF_M,PT_LF_SUB,_Z,Y,_T,Y_GE15,_Z,Q,3.866667,0,1,A
1992-Q1,SWE,UNE_LF_M,PT_LF_SUB,_Z,Y,_T,Y_GE15,_Z,Q,4.566667,0,1,A
1992-Q2,SWE,UNE_LF_M,PT_LF_SUB,_Z,Y,_T,Y_GE15,_Z,Q,5.266667,0,1,A
1992-Q3,SWE,UNE_LF_M,PT_LF_SUB,_Z,Y,_T,Y_GE15,_Z,Q,5.966667,0,1,A
1992-Q4,SWE,UNE_LF_M,PT_LF_SUB,_Z,Y,_T,Y_GE15,_Z,Q,6.5,0,1,A
1993-Q1,SWE,UNE_LF_M,PT_LF_SUB,_Z,Y,_T,Y_GE15,_Z,Q,7.7,0,1,A
1993-Q2,SWE,UNE_LF_M,PT_LF_SUB,_Z,Y,_T,Y_GE15,_Z,Q,9.033334,0,1,A
1993-Q3,SWE,UNE_LF_M,PT_LF_SUB,_Z,Y,_T,Y_GE15,_Z,Q,9.633333,0,1,A
1993-Q4,SWE,UNE_LF_M,PT_LF_SUB,_Z,Y,_T,Y_GE15,_Z,Q,9.8,0,1,A
1994-Q1,SWE,UNE_LF_M,PT_LF_SUB,_Z,Y,_T,Y_GE15,_Z,Q,9.733334,0,1,A
1994-Q2,SWE,UNE_LF_M,PT_LF_SUB,_Z,Y,_T,Y_GE15,_Z,Q,9.366667,0,1,A
1994-Q3,SWE,UNE_LF_M,PT_LF_SUB,_Z,Y,_T,Y_GE15,_Z,Q,9.233334,0,1,A
1994-Q4,SWE,UNE_LF_M,PT_LF_SUB,_Z,Y,_T,Y_GE15,_Z,Q,9,0,1,A
1995-Q1,SWE,UNE_LF_M,PT_LF_SUB,_Z,Y,_T,Y_GE15,_Z,Q,8.833333,0,1,A
1995-Q2,SWE,UNE_LF_M,PT_LF_SUB,_Z,Y,_T,Y_GE15,_Z,Q,8.7,0,1,A
1995-Q3,SWE,UNE_LF_M,PT_LF_SUB,_Z,Y,_T,Y_GE15,_Z,Q,8.666667,0,1,A
1995-Q4,SWE,UNE_LF_M,PT_LF_SUB,_Z,Y,_T,Y_GE15,_Z,Q,8.966666,0,1,A
1996-Q1,SWE,UNE_LF_M,PT_LF_SUB,_Z,Y,_T,Y_GE15,_Z,Q,9,0,1,A
1996-Q2,SWE,UNE_LF_M,PT_LF_SUB,_Z,Y,_T,Y_GE15,_Z,Q,9.5,0,1,A
1996-Q3,SWE,UNE_LF_M,PT_LF_SUB,_Z,Y,_T,Y_GE15,_Z,Q,9.733334,0,1,A
1996-Q4,SWE,UNE_LF_M,PT_LF_SUB,_Z,Y,_T,Y_GE15,_Z,Q,9.933333,0,1,A
1997-Q1,SWE,UNE_LF_M,PT_LF_SUB,_Z,Y,_T,Y_GE15,_Z,Q,10.26667,0,1,A
1997-Q2,SWE,UNE_LF_M,PT_LF_SUB,_Z,Y,_T,Y_GE15,_Z,Q,10.3,0,1,A
1997-Q3,SWE,UNE_LF_M,PT_LF_SUB,_Z,Y,_T,Y_GE15,_Z,Q,9.733334,0,1,A
1997-Q4,SWE,UNE_LF_M,PT_LF_SUB,_Z,Y,_T,Y_GE15,_Z,Q,9.133333,0,1,A
1998-Q1,SWE,UNE_LF_M,PT_LF_SUB,_Z,Y,_T,Y_GE15,_Z,Q,8.666667,0,1,A
1998-Q2,SWE,UNE_LF_M,PT_LF_SUB,_Z,Y,_T,Y_GE15,_Z,Q,8.6,0,1,A
1998-Q3,SWE,UNE_LF_M,PT_LF_SUB,_Z,Y,_T,Y_GE15,_Z,Q,8,0,1,A
1998-Q4,SWE,UNE_LF_M,PT_LF_SUB,_Z,Y,_T,Y_GE15,_Z,Q,7.466667,0,1,A
1999-Q1,SWE,UNE_LF_M,PT_LF_SUB,_Z,Y,_T,Y_GE15,_Z,Q,7.1,0,1,A
1999-Q2,SWE,UNE_LF_M,PT_LF_SUB,_Z,Y,_T,Y_GE15,_Z,Q,6.766667,0,1,A
1999-Q3,SWE,UNE_LF_M,PT_LF_SUB,_Z,Y,_T,Y_GE15,_Z,Q,6.633333,0,1,A
1999-Q4,SWE,UNE_LF_M,PT_LF_SUB,_Z,Y,_T,Y_GE15,_Z,Q,6.333333,0,1,A
2000-Q1,SWE,UNE_LF_M,PT_LF_SUB,_Z,Y,_T,Y_GE15,_Z,Q,6.066667,0,1,A
2000-Q2,SWE,UNE_LF_M,PT_LF_SUB,_Z,Y,_T,Y_GE15,_Z,Q,5.766667,0,1,A
2000-Q3,SWE,UNE_LF_M,PT_LF_SUB,_Z,Y,_T,Y_GE15,_Z,Q,5.433333,0,1,A
2001-Q1,SWE,UNE_LF_M,PT_LF_SUB,_Z,Y,_T,Y_GE15,_Z,Q,5.9,0,1,A
2001-Q2,SWE,UNE_LF_M,PT_LF_SUB,_Z,Y,_T,Y_GE15,_Z,Q,5.7,0,1,A
2001-Q3,SWE,UNE_LF_M,PT_LF_SUB,_Z,Y,_T,Y_GE15,_Z,Q,5.833333,0,1,A
2001-Q4,SWE,UNE_LF_M,PT_LF_SUB,_Z,Y,_T,Y_GE15,_Z,Q,5.966667,0,1,A
2002-Q1,SWE,UNE_LF_M,PT_LF_SUB,_Z,Y,_T,Y_GE15,_Z,Q,5.8,0,1,A
2002-Q2,SWE,UNE_LF_M,PT_LF_SUB,_Z,Y,_T,Y_GE15,_Z,Q,5.8,0,1,A
2002-Q3,SWE,UNE_LF_M,PT_LF_SUB,_Z,Y,_T,Y_GE15,_Z,Q,6.066667,0,1,A
2002-Q4,SWE,UNE_LF_M,PT_LF_SUB,_Z,Y,_T,Y_GE15,_Z,Q,6.166667,0,1,A
2003-Q1,SWE,UNE_LF_M,PT_LF_SUB,_Z,Y,_T,Y_GE15,_Z,Q,6.233333,0,1,A
2003-Q2,SWE,UNE_LF_M,PT_LF_SUB,_Z,Y,_T,Y_GE15,_Z,Q,6.333333,0,1,A
2003-Q3,SWE,UNE_LF_M,PT_LF_SUB,_Z,Y,_T,Y_GE15,_Z,Q,6.633333,0,1,A
2003-Q4,SWE,UNE_LF_M,PT_LF_SUB,_Z,Y,_T,Y_GE15,_Z,Q,7.066667,0,1,A
2004-Q1,SWE,UNE_LF_M,PT_LF_SUB,_Z,Y,_T,Y_GE15,_Z,Q,7.333333,0,1,A
2004-Q2,SWE,UNE_LF_M,PT_LF_SUB,_Z,Y,_T,Y_GE15,_Z,Q,7.366667,0,1,A
2004-Q3,SWE,UNE_LF_M,PT_LF_SUB,_Z,Y,_T,Y_GE15,_Z,Q,7.433333,0,1,A
2004-Q4,SWE,UNE_LF_M,PT_LF_SUB,_Z,Y,_T,Y_GE15,_Z,Q,7.366667,0,1,A
2005-Q2,SWE,UNE_LF_M,PT_LF_SUB,_Z,Y,_T,Y_GE15,_Z,Q,8.1,0,1,A
2005-Q3,SWE,UNE_LF_M,PT_LF_SUB,_Z,Y,_T,Y_GE15,_Z,Q,7.966667,0,1,A
2005-Q4,SWE,UNE_LF_M,PT_LF_SUB,_Z,Y,_T,Y_GE15,_Z,Q,7.833333,0,1,A
2006-Q1,SWE,UNE_LF_M,PT_LF_SUB,_Z,Y,_T,Y_GE15,_Z,Q,7.666667,0,1,A
2006-Q2,SWE,UNE_LF_M,PT_LF_SUB,_Z,Y,_T,Y_GE15,_Z,Q,7.533333,0,1,A
2006-Q3,SWE,UNE_LF_M,PT_LF_SUB,_Z,Y,_T,Y_GE15,_Z,Q,7.1,0,1,A
2006-Q4,SWE,UNE_LF_M,PT_LF_SUB,_Z,Y,_T,Y_GE15,_Z,Q,6.733333,0,1,A
2007-Q1,SWE,UNE_LF_M,PT_LF_SUB,_Z,Y,_T,Y_GE15,_Z,Q,6.6,0,1,A
2007-Q2,SWE,UNE_LF_M,PT_LF_SUB,_Z,Y,_T,Y_GE15,_Z,Q,6.266667,0,1,A
2007-Q3,SWE,UNE_LF_M,PT_LF_SUB,_Z,Y,_T,Y_GE15,_Z,Q,6.166667,0,1,A
2007-Q4,SWE,UNE_LF_M,PT_LF_SUB,_Z,Y,_T,Y_GE15,_Z,Q,6.233333,0,1,A
2008-Q1,SWE,UNE_LF_M,PT_LF_SUB,_Z,Y,_T,Y_GE15,_Z,Q,6.066667,0,1,A
2008-Q2,SWE,UNE_LF_M,PT_LF_SUB,_Z,Y,_T,Y_GE15,_Z,Q,6.2,0,1,A
2008-Q3,SWE,UNE_LF_M,PT_LF_SUB,_Z,Y,_T,Y_GE15,_Z,Q,6.366667,0,1,A
2008-Q4,SWE,UNE_LF_M,PT_LF_SUB,_Z,Y,_T,Y_GE15,_Z,Q,6.9,0,1,A
2009-Q1,SWE,UNE_LF_M,PT_LF_SUB,_Z,Y,_T,Y_GE15,_Z,Q,7.633333,0,1,A
2009-Q2,SWE,UNE_LF_M,PT_LF_SUB,_Z,Y,_T,Y_GE15,_Z,Q,8.566667,0,1,A
2009-Q3,SWE,UNE_LF_M,PT_LF_SUB,_Z,Y,_T,Y_GE15,_Z,Q,8.866667,0,1,A
2009-Q4,SWE,UNE_LF_M,PT_LF_SUB,_Z,Y,_T,Y_GE15,_Z,Q,9,0,1,A
2010-Q1,SWE,UNE_LF_M,PT_LF_SUB,_Z,Y,_T,Y_GE15,_Z,Q,9.133333,0,1,A
2010-Q2,SWE,UNE_LF_M,PT_LF_SUB,_Z,Y,_T,Y_GE15,_Z,Q,8.966666,0,1,A
2010-Q3,SWE,UNE_LF_M,PT_LF_SUB,_Z,Y,_T,Y_GE15,_Z,Q,8.7,0,1,A
2010-Q4,SWE,UNE_LF_M,PT_LF_SUB,_Z,Y,_T,Y_GE15,_Z,Q,8.3,0,1,A
2011-Q1,SWE,UNE_LF_M,PT_LF_SUB,_Z,Y,_T,Y_GE15,_Z,Q,8.066667,0,1,A
2011-Q2,SWE,UNE_LF_M,PT_LF_SUB,_Z,Y,_T,Y_GE15,_Z,Q,7.966667,0,1,A
2011-Q3,SWE,UNE_LF_M,PT_LF_SUB,_Z,Y,_T,Y_GE15,_Z,Q,7.833333,0,1,A
2011-Q4,SWE,UNE_LF_M,PT_LF_SUB,_Z,Y,_T,Y_GE15,_Z,Q,7.966667,0,1,A
2012-Q1,SWE,UNE_LF_M,PT_LF_SUB,_Z,Y,_T,Y_GE15,_Z,Q,7.933333,0,1,A
2012-Q2,SWE,UNE_LF_M,PT_LF_SUB,_Z,Y,_T,Y_GE15,_Z,Q,8.033334,0,1,A
2012-Q3,SWE,UNE_LF_M,PT_LF_SUB,_Z,Y,_T,Y_GE15,_Z,Q,8.266666,0,1,A
2012-Q4,SWE,UNE_LF_M,PT_LF_SUB,_Z,Y,_T,Y_GE15,_Z,Q,8.366667,0,1,A
2013-Q1,SWE,UNE_LF_M,PT_LF_SUB,_Z,Y,_T,Y_GE15,_Z,Q,8.266666,0,1,A
2013-Q2,SWE,UNE_LF_M,PT_LF_SUB,_Z,Y,_T,Y_GE15,_Z,Q,8.2,0,1,A
2013-Q3,SWE,UNE_LF_M,PT_LF_SUB,_Z,Y,_T,Y_GE15,_Z,Q,8.2,0,1,A
2013-Q4,SWE,UNE_LF_M,PT_LF_SUB,_Z,Y,_T,Y_GE15,_Z,Q,8.133333,0,1,A
2014-Q1,SWE,UNE_LF_M,PT_LF_SUB,_Z,Y,_T,Y_GE15,_Z,Q,8.266666,0,1,A
2014-Q2,SWE,UNE_LF_M,PT_LF_SUB,_Z,Y,_T,Y_GE15,_Z,Q,8.133333,0,1,A
2014-Q3,SWE,UNE_LF_M,PT_LF_SUB,_Z,Y,_T,Y_GE15,_Z,Q,8.033334,0,1,A
2014-Q4,SWE,UNE_LF_M,PT_LF_SUB,_Z,Y,_T,Y_GE15,_Z,Q,8,0,1,A
2015-Q1,SWE,UNE_LF_M,PT_LF_SUB,_Z,Y,_T,Y_GE15,_Z,Q,7.933333,0,1,A
2015-Q2,SWE,UNE_LF_M,PT_LF_SUB,_Z,Y,_T,Y_GE15,_Z,Q,7.833333,0,1,A
2015-Q3,SWE,UNE_LF_M,PT_LF_SUB,_Z,Y,_T,Y_GE15,_Z,Q,7.3,0,1,A
2015-Q4,SWE,UNE_LF_M,PT_LF_SUB,_Z,Y,_T,Y_GE15,_Z,Q,7.3,0,1,A
2016-Q1,SWE,UNE_LF_M,PT_LF_SUB,_Z,Y,_T,Y_GE15,_Z,Q,7.333333,0,1,A
2016-Q2,SWE,UNE_LF_M,PT_LF_SUB,_Z,Y,_T,Y_GE15,_Z,Q,7.066667,0,1,A
2016-Q3,SWE,UNE_LF_M,PT_LF_SUB,_Z,Y,_T,Y_GE15,_Z,Q,7.066667,0,1,A
2016-Q4,SWE,UNE_LF_M,PT_LF_SUB,_Z,Y,_T,Y_GE15,_Z,Q,7.066667,0,1,A
2017-Q1,SWE,UNE_LF_M,PT_LF_SUB,_Z,Y,_T,Y_GE15,_Z,Q,6.9,0,1,A
2017-Q2,SWE,UNE_LF_M,PT_LF_SUB,_Z,Y,_T,Y_GE15,_Z,Q,6.866667,0,1,A
2017-Q3,SWE,UNE_LF_M,PT_LF_SUB,_Z,Y,_T,Y_GE15,_Z,Q,6.9,0,1,A
2017-Q4,SWE,UNE_LF_M,PT_LF_SUB,_Z,Y,_T,Y_GE15,_Z,Q,6.8,0,1,A
2018-Q1,SWE,UNE_LF_M,PT_LF_SUB,_Z,Y,_T,Y_GE15,_Z,Q,6.333333,0,1,A
2018-Q4,SWE,UNE_LF_M,PT_LF_SUB,_Z,Y,_T,Y_GE15,_Z,Q,6.633333,0,1,A
2019-Q1,SWE,UNE_LF_M,PT_LF_SUB,_Z,Y,_T,Y_GE15,_Z,Q,6.866667,0,1,A
2019-Q2,SWE,UNE_LF_M,PT_LF_SUB,_Z,Y,_T,Y_GE15,_Z,Q,6.533333,0,1,A
2019-Q3,SWE,UNE_LF_M,PT_LF_SUB,_Z,Y,_T,Y_GE15,_Z,Q,7.133333,0,1,A
2019-Q4,SWE,UNE_LF_M,PT_LF_SUB,_Z,Y,_T,Y_GE15,_Z,Q,7.133333,0,1,A
2020-Q1,SWE,UNE_LF_M,PT_LF_SUB,_Z,Y,_T,Y_GE15,_Z,Q,7.333333,0,1,A
2020-Q2,SWE,UNE_LF_M,PT_LF_SUB,_Z,Y,_T,Y_GE15,_Z,Q,8.6,0,1,A
2020-Q3,SWE,UNE_LF_M,PT_LF_SUB,_Z,Y,_T,Y_GE15,_Z,Q,9.3,0,1,A
2020-Q4,SWE,UNE_LF_M,PT_LF_SUB,_Z,Y,_T,Y_GE15,_Z,Q,8.866667,0,1,A
2021-Q1,SWE,UNE_LF_M,PT_LF_SUB,_Z,Y,_T,Y_GE15,_Z,Q,9.233334,0,1,A
2021-Q2,SWE,UNE_LF_M,PT_LF_SUB,_Z,Y,_T,Y_GE15,_Z,Q,9.2,0,1,A
2021-Q3,SWE,UNE_LF_M,PT_LF_SUB,_Z,Y,_T,Y_GE15,_Z,Q,8.833333,0,1,A
2021-Q4,SWE,UNE_LF_M,PT_LF_SUB,_Z,Y,_T,Y_GE15,_Z,Q,8.266666,0,1,A
2022-Q1,SWE,UNE_LF_M,PT_LF_SUB,_Z,Y,_T,Y_GE15,_Z,Q,7.666667,0,1,A
2022-Q2,SWE,UNE_LF_M,PT_LF_SUB,_Z,Y,_T,Y_GE15,_Z,Q,7.7,0,1,A
2022-Q3,SWE,UNE_LF_M,PT_LF_SUB,_Z,Y,_T,Y_GE15,_Z,Q,7.066667,0,1,A
2023-Q1,SWE,UNE_LF_M,PT_LF_SUB,_Z,Y,_T,Y_GE15,_Z,Q,7.366667,0,1,A
2023-Q2,SWE,UNE_LF_M,PT_LF_SUB,_Z,Y,_T,Y_GE15,_Z,Q,7.5,0,1,A
2023-Q3,SWE,UNE_LF_M,PT_LF_SUB,_Z,Y,_T,Y_GE15,_Z,Q,7.8,0,1,A
2023-Q4,SWE,UNE_LF_M,PT_LF_SUB,_Z,Y,_T,Y_GE15,_Z,Q,8.033334,0,1,A
2024-Q2,SWE,UNE_LF_M,PT_LF_SUB,_Z,Y,_T,Y_GE15,_Z,Q,8.333333,0,1,A
1987-Q1,MEX,UNE_LF_M,PT_LF_SUB,_Z,Y,_T,Y_GE15,_Z,Q,4.466667,0,1,A
1987-Q2,MEX,UNE_LF_M,PT_LF_SUB,_Z,Y,_T,Y_GE15,_Z,Q,4.066667,0,1,A
1987-Q3,MEX,UNE_LF_M,PT_LF_SUB,_Z,Y,_T,Y_GE15,_Z,Q,3.6,0,1,A
1987-Q4,MEX,UNE_LF_M,PT_LF_SUB,_Z,Y,_T,Y_GE15,_Z,Q,3.4,0,1,A
1988-Q1,MEX,UNE_LF_M,PT_LF_SUB,_Z,Y,_T,Y_GE15,_Z,Q,3.5,0,1,A
1988-Q2,MEX,UNE_LF_M,PT_LF_SUB,_Z,Y,_T,Y_GE15,_Z,Q,3.733333,0,1,A
1988-Q3,MEX,UNE_LF_M,PT_LF_SUB,_Z,Y,_T,Y_GE15,_Z,Q,3.533333,0,1,A
1988-Q4,MEX,UNE_LF_M,PT_LF_SUB,_Z,Y,_T,Y_GE15,_Z,Q,3.433333,0,1,A
1989-Q1,MEX,UNE_LF_M,PT_LF_SUB,_Z,Y,_T,Y_GE15,_Z,Q,3.166667,0,1,A
1989-Q2,MEX,UNE_LF_M,PT_LF_SUB,_Z,Y,_T,Y_GE15,_Z,Q,2.966667,0,1,A
1989-Q3,MEX,UNE_LF_M,PT_LF_SUB,_Z,Y,_T,Y_GE15,_Z,Q,2.9,0,1,A
1989-Q4,MEX,UNE_LF_M,PT_LF_SUB,_Z,Y,_T,Y_GE15,_Z,Q,2.633333,0,1,A
1990-Q1,MEX,UNE_LF_M,PT_LF_SUB,_Z,Y,_T,Y_GE15,_Z,Q,2.5,0,1,A
1990-Q2,MEX,UNE_LF_M,PT_LF_SUB,_Z,Y,_T,Y_GE15,_Z,Q,2.833333,0,1,A
1990-Q3,MEX,UNE_LF_M,PT_LF_SUB,_Z,Y,_T,Y_GE15,_Z,Q,2.9,0,1,A
1990-Q4,MEX,UNE_LF_M,PT_LF_SUB,_Z,Y,_T,Y_GE15,_Z,Q,2.733333,0,1,A
1991-Q1,MEX,UNE_LF_M,PT_LF_SUB,_Z,Y,_T,Y_GE15,_Z,Q,2.733333,0,1,A
1991-Q2,MEX,UNE_LF_M,PT_LF_SUB,_Z,Y,_T,Y_GE15,_Z,Q,2.366667,0,1,A
1991-Q3,MEX,UNE_LF_M,PT_LF_SUB,_Z,Y,_T,Y_GE15,_Z,Q,2.833333,0,1,A
1991-Q4,MEX,UNE_LF_M,PT_LF_SUB,_Z,Y,_T,Y_GE15,_Z,Q,2.866667,0,1,A
1992-Q1,MEX,UNE_LF_M,PT_LF_SUB,_Z,Y,_T,Y_GE15,_Z,Q,2.866667,0,1,A
1992-Q2,MEX,UNE_LF_M,PT_LF_SUB,_Z,Y,_T,Y_GE15,_Z,Q,2.8,0,1,A
1992-Q3,MEX,UNE_LF_M,PT_LF_SUB,_Z,Y,_T,Y_GE15,_Z,Q,2.6,0,1,A
1992-Q4,MEX,UNE_LF_M,PT_LF_SUB,_Z,Y,_T,Y_GE15,_Z,Q,2.9,0,1,A
1993-Q1,MEX,UNE_LF_M,PT_LF_SUB,_Z,Y,_T,Y_GE15,_Z,Q,3.333333,0,1,A
1993-Q2,MEX,UNE_LF_M,PT_LF_SUB,_Z,Y,_T,Y_GE15,_Z,Q,3.166667,0,1,A
1993-Q3,MEX,UNE_LF_M,PT_LF_SUB,_Z,Y,_T,Y_GE15,_Z,Q,3.666667,0,1,A
1993-Q4,MEX,UNE_LF_M,PT_LF_SUB,_Z,Y,_T,Y_GE15,_Z,Q,3.5,0,1,A
1994-Q1,MEX,UNE_LF_M,PT_LF_SUB,_Z,Y,_T,Y_GE15,_Z,Q,3.6,0,1,A
1994-Q2,MEX,UNE_LF_M,PT_LF_SUB,_Z,Y,_T,Y_GE15,_Z,Q,3.433333,0,1,A
1994-Q3,MEX,UNE_LF_M,PT_LF_SUB,_Z,Y,_T,Y_GE15,_Z,Q,3.566667,0,1,A
1994-Q4,MEX,UNE_LF_M,PT_LF_SUB,_Z,Y,_T,Y_GE15,_Z,Q,4,0,1,A
1995-Q1,MEX,UNE_LF_M,PT_LF_SUB,_Z,Y,_T,Y_GE15,_Z,Q,5.033333,0,1,A
1995-Q2,MEX,UNE_LF_M,PT_LF_SUB,_Z,Y,_T,Y_GE15,_Z,Q,6.433333,0,1,A
1995-Q3,MEX,UNE_LF_M,PT_LF_SUB,_Z,Y,_T,Y_GE15,_Z,Q,7.033333,0,1,A
1995-Q4,MEX,UNE_LF_M,PT_LF_SUB,_Z,Y,_T,Y_GE15,_Z,Q,6.533333,0,1,A
1996-Q1,MEX,UNE_LF_M,PT_LF_SUB,_Z,Y,_T,Y_GE15,_Z,Q,6.033333,0,1,A
1996-Q2,MEX,UNE_LF_M,PT_LF_SUB,_Z,Y,_T,Y_GE15,_Z,Q,5.6,0,1,A
1996-Q3,MEX,UNE_LF_M,PT_LF_SUB,_Z,Y,_T,Y_GE15,_Z,Q,5.366667,0,1,A
1996-Q4,MEX,UNE_LF_M,PT_LF_SUB,_Z,Y,_T,Y_GE15,_Z,Q,4.833333,0,1,A
1997-Q1,MEX,UNE_LF_M,PT_LF_SUB,_Z,Y,_T,Y_GE15,_Z,Q,4.066667,0,1,A
1997-Q2,MEX,UNE_LF_M,PT_LF_SUB,_Z,Y,_T,Y_GE15,_Z,Q,3.866667,0,1,A
1997-Q3,MEX,UNE_LF_M,PT_LF_SUB,_Z,Y,_T,Y_GE15,_Z,Q,3.666667,0,1,A
1997-Q4,MEX,UNE_LF_M,PT_LF_SUB,_Z,Y,_T,Y_GE15,_Z,Q,3.266667,0,1,A
1998-Q1,MEX,UNE_LF_M,PT_LF_SUB,_Z,Y,_T,Y_GE15,_Z,Q,3.4,0,1,A
1998-Q2,MEX,UNE_LF_M,PT_LF_SUB,_Z,Y,_T,Y_GE15,_Z,Q,3.233333,0,1,A
1998-Q3,MEX,UNE_LF_M,PT_LF_SUB,_Z,Y,_T,Y_GE15,_Z,Q,3.2,0,1,A
1998-Q4,MEX,UNE_LF_M,PT_LF_SUB,_Z,Y,_T,Y_GE15,_Z,Q,3.066667,0,1,A
1999-Q1,MEX,UNE_LF_M,PT_LF_SUB,_Z,Y,_T,Y_GE15,_Z,Q,2.8,0,1,A
1999-Q2,MEX,UNE_LF_M,PT_LF_SUB,_Z,Y,_T,Y_GE15,_Z,Q,2.7,0,1,A
1999-Q3,MEX,UNE_LF_M,PT_LF_SUB,_Z,Y,_T,Y_GE15,_Z,Q,2.366667,0,1,A
1999-Q4,MEX,UNE_LF_M,PT_LF_SUB,_Z,Y,_T,Y_GE15,_Z,Q,2.366667,0,1,A
2000-Q1,MEX,UNE_LF_M,PT_LF_SUB,_Z,Y,_T,Y_GE15,_Z,Q,2.2,0,1,A
2000-Q2,MEX,UNE_LF_M,PT_LF_SUB,_Z,Y,_T,Y_GE15,_Z,Q,2.745935,0,1,A
2000-Q3,MEX,UNE_LF_M,PT_LF_SUB,_Z,Y,_T,Y_GE15,_Z,Q,2.601958,0,1,A
2000-Q4,MEX,UNE_LF_M,PT_LF_SUB,_Z,Y,_T,Y_GE15,_Z,Q,2.464741,0,1,A
2001-Q1,MEX,UNE_LF_M,PT_LF_SUB,_Z,Y,_T,Y_GE15,_Z,Q,2.805978,0,1,A
2001-Q2,MEX,UNE_LF_M,PT_LF_SUB,_Z,Y,_T,Y_GE15,_Z,Q,2.740413,0,1,A
2001-Q3,MEX,UNE_LF_M,PT_LF_SUB,_Z,Y,_T,Y_GE15,_Z,Q,2.543731,0,1,A
2001-Q4,MEX,UNE_LF_M,PT_LF_SUB,_Z,Y,_T,Y_GE15,_Z,Q,2.981952,0,1,A
2002-Q1,MEX,UNE_LF_M,PT_LF_SUB,_Z,Y,_T,Y_GE15,_Z,Q,3.139209,0,1,A
2002-Q2,MEX,UNE_LF_M,PT_LF_SUB,_Z,Y,_T,Y_GE15,_Z,Q,3.073558,0,1,A
2002-Q3,MEX,UNE_LF_M,PT_LF_SUB,_Z,Y,_T,Y_GE15,_Z,Q,2.857083,0,1,A
2002-Q4,MEX,UNE_LF_M,PT_LF_SUB,_Z,Y,_T,Y_GE15,_Z,Q,2.841613,0,1,A
2003-Q1,MEX,UNE_LF_M,PT_LF_SUB,_Z,Y,_T,Y_GE15,_Z,Q,2.998102,0,1,A
2003-Q2,MEX,UNE_LF_M,PT_LF_SUB,_Z,Y,_T,Y_GE15,_Z,Q,3.183627,0,1,A
2003-Q3,MEX,UNE_LF_M,PT_LF_SUB,_Z,Y,_T,Y_GE15,_Z,Q,3.685819,0,1,A
2003-Q4,MEX,UNE_LF_M,PT_LF_SUB,_Z,Y,_T,Y_GE15,_Z,Q,3.735867,0,1,A
2004-Q1,MEX,UNE_LF_M,PT_LF_SUB,_Z,Y,_T,Y_GE15,_Z,Q,3.914457,0,1,A
2004-Q2,MEX,UNE_LF_M,PT_LF_SUB,_Z,Y,_T,Y_GE15,_Z,Q,3.943343,0,1,A
2004-Q3,MEX,UNE_LF_M,PT_LF_SUB,_Z,Y,_T,Y_GE15,_Z,Q,3.878943,0,1,A
2005-Q1,MEX,UNE_LF_M,PT_LF_SUB,_Z,Y,_T,Y_GE15,_Z,Q,3.811432,0,1,A
2005-Q2,MEX,UNE_LF_M,PT_LF_SUB,_Z,Y,_T,Y_GE15,_Z,Q,3.76014,0,1,A
2005-Q3,MEX,UNE_LF_M,PT_LF_SUB,_Z,Y,_T,Y_GE15,_Z,Q,3.546457,0,1,A
2005-Q4,MEX,UNE_LF_M,PT_LF_SUB,_Z,Y,_T,Y_GE15,_Z,Q,3.262221,0,1,A
2006-Q1,MEX,UNE_LF_M,PT_LF_SUB,_Z,Y,_T,Y_GE15,_Z,Q,3.526652,0,1,A
2006-Q2,MEX,UNE_LF_M,PT_LF_SUB,_Z,Y,_T,Y_GE15,_Z,Q,3.35474,0,1,A
2006-Q3,MEX,UNE_LF_M,PT_LF_SUB,_Z,Y,_T,Y_GE15,_Z,Q,3.70144,0,1,A
2006-Q4,MEX,UNE_LF_M,PT_LF_SUB,_Z,Y,_T,Y_GE15,_Z,Q,3.807425,0,1,A
2007-Q1,MEX,UNE_LF_M,PT_LF_SUB,_Z,Y,_T,Y_GE15,_Z,Q,3.95316,0,1,A
2007-Q2,MEX,UNE_LF_M,PT_LF_SUB,_Z,Y,_T,Y_GE15,_Z,Q,3.557384,0,1,A
2007-Q3,MEX,UNE_LF_M,PT_LF_SUB,_Z,Y,_T,Y_GE15,_Z,Q,3.630039,0,1,A
2007-Q4,MEX,UNE_LF_M,PT_LF_SUB,_Z,Y,_T,Y_GE15,_Z,Q,3.742393,0,1,A
2008-Q1,MEX,UNE_LF_M,PT_LF_SUB,_Z,Y,_T,Y_GE15,_Z,Q,3.879136,0,1,A
2008-Q2,MEX,UNE_LF_M,PT_LF_SUB,_Z,Y,_T,Y_GE15,_Z,Q,3.641632,0,1,A
2008-Q3,MEX,UNE_LF_M,PT_LF_SUB,_Z,Y,_T,Y_GE15,_Z,Q,3.886843,0,1,A
2008-Q4,MEX,UNE_LF_M,PT_LF_SUB,_Z,Y,_T,Y_GE15,_Z,Q,4.490695,0,1,A
2009-Q1,MEX,UNE_LF_M,PT_LF_SUB,_Z,Y,_T,Y_GE15,_Z,Q,5.029286,0,1,A
2009-Q2,MEX,UNE_LF_M,PT_LF_SUB,_Z,Y,_T,Y_GE15,_Z,Q,5.496141,0,1,A
2009-Q3,MEX,UNE_LF_M,PT_LF_SUB,_Z,Y,_T,Y_GE15,_Z,Q,5.859207,0,1,A
2009-Q4,MEX,UNE_LF_M,PT_LF_SUB,_Z,Y,_T,Y_GE15,_Z,Q,5.546805,0,1,A
2010-Q1,MEX,UNE_LF_M,PT_LF_SUB,_Z,Y,_T,Y_GE15,_Z,Q,5.397348,0,1,A
2010-Q2,MEX,UNE_LF_M,PT_LF_SUB,_Z,Y,_T,Y_GE15,_Z,Q,5.388502,0,1,A
2010-Q3,MEX,UNE_LF_M,PT_LF_SUB,_Z,Y,_T,Y_GE15,_Z,Q,5.239073,0,1,A
2010-Q4,MEX,UNE_LF_M,PT_LF_SUB,_Z,Y,_T,Y_GE15,_Z,Q,5.499119,0,1,A
2011-Q1,MEX,UNE_LF_M,PT_LF_SUB,_Z,Y,_T,Y_GE15,_Z,Q,5.182895,0,1,A
2011-Q2,MEX,UNE_LF_M,PT_LF_SUB,_Z,Y,_T,Y_GE15,_Z,Q,5.412452,0,1,A
2011-Q3,MEX,UNE_LF_M,PT_LF_SUB,_Z,Y,_T,Y_GE15,_Z,Q,5.31674,0,1,A
2011-Q4,MEX,UNE_LF_M,PT_LF_SUB,_Z,Y,_T,Y_GE15,_Z,Q,5.02494,0,1,A
2012-Q1,MEX,UNE_LF_M,PT_LF_SUB,_Z,Y,_T,Y_GE15,_Z,Q,5.026439,0,1,A
2012-Q2,MEX,UNE_LF_M,PT_LF_SUB,_Z,Y,_T,Y_GE15,_Z,Q,4.956714,0,1,A
2012-Q3,MEX,UNE_LF_M,PT_LF_SUB,_Z,Y,_T,Y_GE15,_Z,Q,4.786736,0,1,A
2012-Q4,MEX,UNE_LF_M,PT_LF_SUB,_Z,Y,_T,Y_GE15,_Z,Q,5.046983,0,1,A
2013-Q1,MEX,UNE_LF_M,PT_LF_SUB,_Z,Y,_T,Y_GE15,_Z,Q,4.999908,0,1,A
2013-Q2,MEX,UNE_LF_M,PT_LF_SUB,_Z,Y,_T,Y_GE15,_Z,Q,5.100019,0,1,A
2013-Q3,MEX,UNE_LF_M,PT_LF_SUB,_Z,Y,_T,Y_GE15,_Z,Q,4.861187,0,1,A
2013-Q4,MEX,UNE_LF_M,PT_LF_SUB,_Z,Y,_T,Y_GE15,_Z,Q,4.755988,0,1,A
2014-Q1,MEX,UNE_LF_M,PT_LF_SUB,_Z,Y,_T,Y_GE15,_Z,Q,4.9453,0,1,A
2014-Q2,MEX,UNE_LF_M,PT_LF_SUB,_Z,Y,_T,Y_GE15,_Z,Q,4.9549,0,1,A
2014-Q3,MEX,UNE_LF_M,PT_LF_SUB,_Z,Y,_T,Y_GE15,_Z,Q,4.917249,0,1,A
2014-Q4,MEX,UNE_LF_M,PT_LF_SUB,_Z,Y,_T,Y_GE15,_Z,Q,4.499766,0,1,A
2015-Q1,MEX,UNE_LF_M,PT_LF_SUB,_Z,Y,_T,Y_GE15,_Z,Q,4.329756,0,1,A
2015-Q2,MEX,UNE_LF_M,PT_LF_SUB,_Z,Y,_T,Y_GE15,_Z,Q,4.458182,0,1,A
2015-Q3,MEX,UNE_LF_M,PT_LF_SUB,_Z,Y,_T,Y_GE15,_Z,Q,4.328482,0,1,A
2015-Q4,MEX,UNE_LF_M,PT_LF_SUB,_Z,Y,_T,Y_GE15,_Z,Q,4.296859,0,1,A
2016-Q1,MEX,UNE_LF_M,PT_LF_SUB,_Z,Y,_T,Y_GE15,_Z,Q,4.13896,0,1,A
2016-Q2,MEX,UNE_LF_M,PT_LF_SUB,_Z,Y,_T,Y_GE15,_Z,Q,3.984726,0,1,A
2016-Q3,MEX,UNE_LF_M,PT_LF_SUB,_Z,Y,_T,Y_GE15,_Z,Q,3.785813,0,1,A
2016-Q4,MEX,UNE_LF_M,PT_LF_SUB,_Z,Y,_T,Y_GE15,_Z,Q,3.631841,0,1,A
2017-Q1,MEX,UNE_LF_M,PT_LF_SUB,_Z,Y,_T,Y_GE15,_Z,Q,3.477125,0,1,A
2017-Q2,MEX,UNE_LF_M,PT_LF_SUB,_Z,Y,_T,Y_GE15,_Z,Q,3.475593,0,1,A
2017-Q3,MEX,UNE_LF_M,PT_LF_SUB,_Z,Y,_T,Y_GE15,_Z,Q,3.277677,0,1,A
2017-Q4,MEX,UNE_LF_M,PT_LF_SUB,_Z,Y,_T,Y_GE15,_Z,Q,3.444788,0,1,A
2018-Q1,MEX,UNE_LF_M,PT_LF_SUB,_Z,Y,_T,Y_GE15,_Z,Q,3.209766,0,1,A
2018-Q2,MEX,UNE_LF_M,PT_LF_SUB,_Z,Y,_T,Y_GE15,_Z,Q,3.336348,0,1,A
2018-Q3,MEX,UNE_LF_M,PT_LF_SUB,_Z,Y,_T,Y_GE15,_Z,Q,3.237572,0,1,A
2018-Q4,MEX,UNE_LF_M,PT_LF_SUB,_Z,Y,_T,Y_GE15,_Z,Q,3.364393,0,1,A
2019-Q1,MEX,UNE_LF_M,PT_LF_SUB,_Z,Y,_T,Y_GE15,_Z,Q,3.432005,0,1,A
2019-Q2,MEX,UNE_LF_M,PT_LF_SUB,_Z,Y,_T,Y_GE15,_Z,Q,3.545082,0,1,A
2019-Q3,MEX,UNE_LF_M,PT_LF_SUB,_Z,Y,_T,Y_GE15,_Z,Q,3.471268,0,1,A
2019-Q4,MEX,UNE_LF_M,PT_LF_SUB,_Z,Y,_T,Y_GE15,_Z,Q,3.419785,0,1,A
2020-Q1,MEX,UNE_LF_M,PT_LF_SUB,_Z,Y,_T,Y_GE15,_Z,Q,3.519454,0,1,A
2020-Q2,MEX,UNE_LF_M,PT_LF_SUB,_Z,Y,_T,Y_GE15,_Z,Q,4.873433,0,1,A
2020-Q3,MEX,UNE_LF_M,PT_LF_SUB,_Z,Y,_T,Y_GE15,_Z,Q,4.922138,0,1,A
2020-Q4,MEX,UNE_LF_M,PT_LF_SUB,_Z,Y,_T,Y_GE15,_Z,Q,4.422805,0,1,A
2021-Q1,MEX,UNE_LF_M,PT_LF_SUB,_Z,Y,_T,Y_GE15,_Z,Q,4.458824,0,1,A
2021-Q2,MEX,UNE_LF_M,PT_LF_SUB,_Z,Y,_T,Y_GE15,_Z,Q,4.289879,0,1,A
2021-Q3,MEX,UNE_LF_M,PT_LF_SUB,_Z,Y,_T,Y_GE15,_Z,Q,3.993849,0,1,A
2021-Q4,MEX,UNE_LF_M,PT_LF_SUB,_Z,Y,_T,Y_GE15,_Z,Q,3.812852,0,1,A
2022-Q1,MEX,UNE_LF_M,PT_LF_SUB,_Z,Y,_T,Y_GE15,_Z,Q,3.583694,0,1,A
2022-Q2,MEX,UNE_LF_M,PT_LF_SUB,_Z,Y,_T,Y_GE15,_Z,Q,3.269768,0,1,A
2022-Q3,MEX,UNE_LF_M,PT_LF_SUB,_Z,Y,_T,Y_GE15,_Z,Q,3.188308,0,1,A
2022-Q4,MEX,UNE_LF_M,PT_LF_SUB,_Z,Y,_T,Y_GE15,_Z,Q,3.052129,0,1,A
2023-Q1,MEX,UNE_LF_M,PT_LF_SUB,_Z,Y,_T,Y_GE15,_Z,Q,2.80771,0,1,A
2023-Q2,MEX,UNE_LF_M,PT_LF_SUB,_Z,Y,_T,Y_GE15,_Z,Q,2.844345,0,1,A
2023-Q3,MEX,UNE_LF_M,PT_LF_SUB,_Z,Y,_T,Y_GE15,_Z,Q,2.765921,0,1,A
2023-Q4,MEX,UNE_LF_M,PT_LF_SUB,_Z,Y,_T,Y_GE15,_Z,Q,2.768807,0,1,A
2024-Q1,MEX,UNE_LF_M,PT_LF_SUB,_Z,Y,_T,Y_GE15,_Z,Q,2.636199,0,1,A
2024-Q2,MEX,UNE_LF_M,PT_LF_SUB,_Z,Y,_T,Y_GE15,_Z,Q,2.709587,0,1,A
2024-Q3,MEX,UNE_LF_M,PT_LF_SUB,_Z,Y,_T,Y_GE15,_Z,Q,2.737627,0,1,A
2024-Q4,MEX,UNE_LF_M,PT_LF_SUB,_Z,Y,_T,Y_GE15,_Z,Q,2.602926,0,1,A
2025-Q1,MEX,UNE_LF_M,PT_LF_SUB,_Z,Y,_T,Y_GE15,_Z,Q,2.591802,0,1,A
2025-Q2,MEX,UNE_LF_M,PT_LF_SUB,_Z,Y,_T,Y_GE15,_Z,Q,2.692869,0,1,A
2025-Q3,MEX,UNE_LF_M,PT_LF_SUB,_Z,Y,_T,Y_GE15,_Z,Q,2.671865,0,1,A
2025-Q4,MEX,UNE_LF_M,PT_LF_SUB,_Z,Y,_T,Y_GE15,_Z,Q,2.629238,0,1,A
1986-Q2,ESP,UNE_LF_M,PT_LF_SUB,_Z,Y,_T,Y_GE15,_Z,Q,20.5,0,1,A
1986-Q3,ESP,UNE_LF_M,PT_LF_SUB,_Z,Y,_T,Y_GE15,_Z,Q,20.33333,0,1,A
1986-Q4,ESP,UNE_LF_M,PT_LF_SUB,_Z,Y,_T,Y_GE15,_Z,Q,20.23333,0,1,A
1987-Q1,ESP,UNE_LF_M,PT_LF_SUB,_Z,Y,_T,Y_GE15,_Z,Q,20.06667,0,1,A
1987-Q2,ESP,UNE_LF_M,PT_LF_SUB,_Z,Y,_T,Y_GE15,_Z,Q,19.7,0,1,A
1987-Q3,ESP,UNE_LF_M,PT_LF_SUB,_Z,Y,_T,Y_GE15,_Z,Q,19.7,0,1,A
1987-Q4,ESP,UNE_LF_M,PT_LF_SUB,_Z,Y,_T,Y_GE15,_Z,Q,19.43333,0,1,A
1988-Q1,ESP,UNE_LF_M,PT_LF_SUB,_Z,Y,_T,Y_GE15,_Z,Q,19.2,0,1,A
1988-Q2,ESP,UNE_LF_M,PT_LF_SUB,_Z,Y,_T,Y_GE15,_Z,Q,19.06667,0,1,A
1988-Q3,ESP,UNE_LF_M,PT_LF_SUB,_Z,Y,_T,Y_GE15,_Z,Q,18.66667,0,1,A
1988-Q4,ESP,UNE_LF_M,PT_LF_SUB,_Z,Y,_T,Y_GE15,_Z,Q,17.76667,0,1,A
1989-Q1,ESP,UNE_LF_M,PT_LF_SUB,_Z,Y,_T,Y_GE15,_Z,Q,17.3,0,1,A
1989-Q2,ESP,UNE_LF_M,PT_LF_SUB,_Z,Y,_T,Y_GE15,_Z,Q,16.66667,0,1,A
1989-Q3,ESP,UNE_LF_M,PT_LF_SUB,_Z,Y,_T,Y_GE15,_Z,Q,16.13333,0,1,A
1989-Q4,ESP,UNE_LF_M,PT_LF_SUB,_Z,Y,_T,Y_GE15,_Z,Q,16.1,0,1,A
1990-Q1,ESP,UNE_LF_M,PT_LF_SUB,_Z,Y,_T,Y_GE15,_Z,Q,15.76667,0,1,A
1990-Q2,ESP,UNE_LF_M,PT_LF_SUB,_Z,Y,_T,Y_GE15,_Z,Q,15.56667,0,1,A
1990-Q3,ESP,UNE_LF_M,PT_LF_SUB,_Z,Y,_T,Y_GE15,_Z,Q,15.3,0,1,A
1990-Q4,ESP,UNE_LF_M,PT_LF_SUB,_Z,Y,_T,Y_GE15,_Z,Q,15.3,0,1,A
1991-Q1,ESP,UNE_LF_M,PT_LF_SUB,_Z,Y,_T,Y_GE15,_Z,Q,15.1,0,1,A
1991-Q2,ESP,UNE_LF_M,PT_LF_SUB,_Z,Y,_T,Y_GE15,_Z,Q,15.3,0,1,A
1991-Q3,ESP,UNE_LF_M,PT_LF_SUB,_Z,Y,_T,Y_GE15,_Z,Q,15.76667,0,1,A
1991-Q4,ESP,UNE_LF_M,PT_LF_SUB,_Z,Y,_T,Y_GE15,_Z,Q,15.9,0,1,A
1992-Q1,ESP,UNE_LF_M,PT_LF_SUB,_Z,Y,_T,Y_GE15,_Z,Q,16.13333,0,1,A
1992-Q2,ESP,UNE_LF_M,PT_LF_SUB,_Z,Y,_T,Y_GE15,_Z,Q,16.53333,0,1,A
1992-Q3,ESP,UNE_LF_M,PT_LF_SUB,_Z,Y,_T,Y_GE15,_Z,Q,17.2,0,1,A
1992-Q4,ESP,UNE_LF_M,PT_LF_SUB,_Z,Y,_T,Y_GE15,_Z,Q,18.4,0,1,A
1993-Q1,ESP,UNE_LF_M,PT_LF_SUB,_Z,Y,_T,Y_GE15,_Z,Q,19.56667,0,1,A
1993-Q2,ESP,UNE_LF_M,PT_LF_SUB,_Z,Y,_T,Y_GE15,_Z,Q,20.5,0,1,A
1993-Q3,ESP,UNE_LF_M,PT_LF_SUB,_Z,Y,_T,Y_GE15,_Z,Q,21.4,0,1,A
1993-Q4,ESP,UNE_LF_M,PT_LF_SUB,_Z,Y,_T,Y_GE15,_Z,Q,21.86667,0,1,A
1994-Q1,ESP,UNE_LF_M,PT_LF_SUB,_Z,Y,_T,Y_GE15,_Z,Q,22.23333,0,1,A
1994-Q2,ESP,UNE_LF_M,PT_LF_SUB,_Z,Y,_T,Y_GE15,_Z,Q,22.2,0,1,A
1994-Q3,ESP,UNE_LF_M,PT_LF_SUB,_Z,Y,_T,Y_GE15,_Z,Q,22.03333,0,1,A
1994-Q4,ESP,UNE_LF_M,PT_LF_SUB,_Z,Y,_T,Y_GE15,_Z,Q,21.73333,0,1,A
1995-Q1,ESP,UNE_LF_M,PT_LF_SUB,_Z,Y,_T,Y_GE15,_Z,Q,21.16667,0,1,A
1995-Q2,ESP,UNE_LF_M,PT_LF_SUB,_Z,Y,_T,Y_GE15,_Z,Q,20.56667,0,1,A
1995-Q3,ESP,UNE_LF_M,PT_LF_SUB,_Z,Y,_T,Y_GE15,_Z,Q,20.8,0,1,A
1995-Q4,ESP,UNE_LF_M,PT_LF_SUB,_Z,Y,_T,Y_GE15,_Z,Q,20.63333,0,1,A
1996-Q1,ESP,UNE_LF_M,PT_LF_SUB,_Z,Y,_T,Y_GE15,_Z,Q,20.33333,0,1,A
1996-Q2,ESP,UNE_LF_M,PT_LF_SUB,_Z,Y,_T,Y_GE15,_Z,Q,20.13333,0,1,A
1996-Q3,ESP,UNE_LF_M,PT_LF_SUB,_Z,Y,_T,Y_GE15,_Z,Q,19.86667,0,1,A
1996-Q4,ESP,UNE_LF_M,PT_LF_SUB,_Z,Y,_T,Y_GE15,_Z,Q,19.3,0,1,A
1997-Q1,ESP,UNE_LF_M,PT_LF_SUB,_Z,Y,_T,Y_GE15,_Z,Q,18.7,0,1,A
1997-Q2,ESP,UNE_LF_M,PT_LF_SUB,_Z,Y,_T,Y_GE15,_Z,Q,18.7,0,1,A
1997-Q3,ESP,UNE_LF_M,PT_LF_SUB,_Z,Y,_T,Y_GE15,_Z,Q,18.4,0,1,A
1997-Q4,ESP,UNE_LF_M,PT_LF_SUB,_Z,Y,_T,Y_GE15,_Z,Q,17.8,0,1,A
1998-Q1,ESP,UNE_LF_M,PT_LF_SUB,_Z,Y,_T,Y_GE15,_Z,Q,16.83333,0,1,A
1998-Q2,ESP,UNE_LF_M,PT_LF_SUB,_Z,Y,_T,Y_GE15,_Z,Q,16.66667,0,1,A
1998-Q3,ESP,UNE_LF_M,PT_LF_SUB,_Z,Y,_T,Y_GE15,_Z,Q,16.43333,0,1,A
1998-Q4,ESP,UNE_LF_M,PT_LF_SUB,_Z,Y,_T,Y_GE15,_Z,Q,15.7,0,1,A
1999-Q1,ESP,UNE_LF_M,PT_LF_SUB,_Z,Y,_T,Y_GE15,_Z,Q,14.33333,0,1,A
1999-Q2,ESP,UNE_LF_M,PT_LF_SUB,_Z,Y,_T,Y_GE15,_Z,Q,13.53333,0,1,A
1999-Q3,ESP,UNE_LF_M,PT_LF_SUB,_Z,Y,_T,Y_GE15,_Z,Q,13.46667,0,1,A
1999-Q4,ESP,UNE_LF_M,PT_LF_SUB,_Z,Y,_T,Y_GE15,_Z,Q,13.06667,0,1,A
2000-Q1,ESP,UNE_LF_M,PT_LF_SUB,_Z,Y,_T,Y_GE15,_Z,Q,12.46667,0,1,A
2000-Q2,ESP,UNE_LF_M,PT_LF_SUB,_Z,Y,_T,Y_GE15,_Z,Q,11.93333,0,1,A
2000-Q3,ESP,UNE_LF_M,PT_LF_SUB,_Z,Y,_T,Y_GE15,_Z,Q,11.8,0,1,A
2000-Q4,ESP,UNE_LF_M,PT_LF_SUB,_Z,Y,_T,Y_GE15,_Z,Q,11.46667,0,1,A
2001-Q1,ESP,UNE_LF_M,PT_LF_SUB,_Z,Y,_T,Y_GE15,_Z,Q,10.66667,0,1,A
2001-Q2,ESP,UNE_LF_M,PT_LF_SUB,_Z,Y,_T,Y_GE15,_Z,Q,10.5,0,1,A
2001-Q3,ESP,UNE_LF_M,PT_LF_SUB,_Z,Y,_T,Y_GE15,_Z,Q,10.53333,0,1,A
2001-Q4,ESP,UNE_LF_M,PT_LF_SUB,_Z,Y,_T,Y_GE15,_Z,Q,10.6,0,1,A
2002-Q1,ESP,UNE_LF_M,PT_LF_SUB,_Z,Y,_T,Y_GE15,_Z,Q,11.26667,0,1,A
2002-Q2,ESP,UNE_LF_M,PT_LF_SUB,_Z,Y,_T,Y_GE15,_Z,Q,11.26667,0,1,A
2002-Q3,ESP,UNE_LF_M,PT_LF_SUB,_Z,Y,_T,Y_GE15,_Z,Q,11.73333,0,1,A
2002-Q4,ESP,UNE_LF_M,PT_LF_SUB,_Z,Y,_T,Y_GE15,_Z,Q,11.6,0,1,A
2003-Q1,ESP,UNE_LF_M,PT_LF_SUB,_Z,Y,_T,Y_GE15,_Z,Q,11.66667,0,1,A
2003-Q2,ESP,UNE_LF_M,PT_LF_SUB,_Z,Y,_T,Y_GE15,_Z,Q,11.4,0,1,A
2003-Q3,ESP,UNE_LF_M,PT_LF_SUB,_Z,Y,_T,Y_GE15,_Z,Q,11.53333,0,1,A
2003-Q4,ESP,UNE_LF_M,PT_LF_SUB,_Z,Y,_T,Y_GE15,_Z,Q,11.36667,0,1,A
2004-Q1,ESP,UNE_LF_M,PT_LF_SUB,_Z,Y,_T,Y_GE15,_Z,Q,11.2,0,1,A
2004-Q2,ESP,UNE_LF_M,PT_LF_SUB,_Z,Y,_T,Y_GE15,_Z,Q,11.2,0,1,A
2004-Q3,ESP,UNE_LF_M,PT_LF_SUB,_Z,Y,_T,Y_GE15,_Z,Q,10.96667,0,1,A
2004-Q4,ESP,UNE_LF_M,PT_LF_SUB,_Z,Y,_T,Y_GE15,_Z,Q,10.53333,0,1,A
2005-Q1,ESP,UNE_LF_M,PT_LF_SUB,_Z,Y,_T,Y_GE15,_Z,Q,9.9,0,1,A
2005-Q2,ESP,UNE_LF_M,PT_LF_SUB,_Z,Y,_T,Y_GE15,_Z,Q,9.4,0,1,A
2005-Q3,ESP,UNE_LF_M,PT_LF_SUB,_Z,Y,_T,Y_GE15,_Z,Q,8.633333,0,1,A
2005-Q4,ESP,UNE_LF_M,PT_LF_SUB,_Z,Y,_T,Y_GE15,_Z,Q,8.7,0,1,A
2006-Q1,ESP,UNE_LF_M,PT_LF_SUB,_Z,Y,_T,Y_GE15,_Z,Q,8.733334,0,1,A
2006-Q2,ESP,UNE_LF_M,PT_LF_SUB,_Z,Y,_T,Y_GE15,_Z,Q,8.5,0,1,A
2006-Q3,ESP,UNE_LF_M,PT_LF_SUB,_Z,Y,_T,Y_GE15,_Z,Q,8.266666,0,1,A
2006-Q4,ESP,UNE_LF_M,PT_LF_SUB,_Z,Y,_T,Y_GE15,_Z,Q,8.266666,0,1,A
2007-Q1,ESP,UNE_LF_M,PT_LF_SUB,_Z,Y,_T,Y_GE15,_Z,Q,8.2,0,1,A
2007-Q2,ESP,UNE_LF_M,PT_LF_SUB,_Z,Y,_T,Y_GE15,_Z,Q,7.966667,0,1,A
2007-Q3,ESP,UNE_LF_M,PT_LF_SUB,_Z,Y,_T,Y_GE15,_Z,Q,8.233334,0,1,A
2007-Q4,ESP,UNE_LF_M,PT_LF_SUB,_Z,Y,_T,Y_GE15,_Z,Q,8.6,0,1,A
2008-Q1,ESP,UNE_LF_M,PT_LF_SUB,_Z,Y,_T,Y_GE15,_Z,Q,9.3,0,1,A
2008-Q2,ESP,UNE_LF_M,PT_LF_SUB,_Z,Y,_T,Y_GE15,_Z,Q,10.4,0,1,A
2008-Q3,ESP,UNE_LF_M,PT_LF_SUB,_Z,Y,_T,Y_GE15,_Z,Q,11.53333,0,1,A
2008-Q4,ESP,UNE_LF_M,PT_LF_SUB,_Z,Y,_T,Y_GE15,_Z,Q,13.83333,0,1,A
2009-Q1,ESP,UNE_LF_M,PT_LF_SUB,_Z,Y,_T,Y_GE15,_Z,Q,16.73333,0,1,A
2009-Q2,ESP,UNE_LF_M,PT_LF_SUB,_Z,Y,_T,Y_GE15,_Z,Q,17.86667,0,1,A
2009-Q3,ESP,UNE_LF_M,PT_LF_SUB,_Z,Y,_T,Y_GE15,_Z,Q,18.2,0,1,A
2009-Q4,ESP,UNE_LF_M,PT_LF_SUB,_Z,Y,_T,Y_GE15,_Z,Q,18.73333,0,1,A
2010-Q1,ESP,UNE_LF_M,PT_LF_SUB,_Z,Y,_T,Y_GE15,_Z,Q,19.23333,0,1,A
2010-Q2,ESP,UNE_LF_M,PT_LF_SUB,_Z,Y,_T,Y_GE15,_Z,Q,19.96667,0,1,A
2010-Q3,ESP,UNE_LF_M,PT_LF_SUB,_Z,Y,_T,Y_GE15,_Z,Q,20,0,1,A
2011-Q1,ESP,UNE_LF_M,PT_LF_SUB,_Z,Y,_T,Y_GE15,_Z,Q,20.5,0,1,A
2011-Q2,ESP,UNE_LF_M,PT_LF_SUB,_Z,Y,_T,Y_GE15,_Z,Q,20.76667,0,1,A
2011-Q3,ESP,UNE_LF_M,PT_LF_SUB,_Z,Y,_T,Y_GE15,_Z,Q,21.73333,0,1,A
2012-Q1,ESP,UNE_LF_M,PT_LF_SUB,_Z,Y,_T,Y_GE15,_Z,Q,23.56667,0,1,A
2012-Q2,ESP,UNE_LF_M,PT_LF_SUB,_Z,Y,_T,Y_GE15,_Z,Q,24.53333,0,1,A
2012-Q4,ESP,UNE_LF_M,PT_LF_SUB,_Z,Y,_T,Y_GE15,_Z,Q,25.86667,0,1,A
2013-Q1,ESP,UNE_LF_M,PT_LF_SUB,_Z,Y,_T,Y_GE15,_Z,Q,26.3,0,1,A
2013-Q2,ESP,UNE_LF_M,PT_LF_SUB,_Z,Y,_T,Y_GE15,_Z,Q,26.2,0,1,A
2013-Q3,ESP,UNE_LF_M,PT_LF_SUB,_Z,Y,_T,Y_GE15,_Z,Q,26.1,0,1,A
2013-Q4,ESP,UNE_LF_M,PT_LF_SUB,_Z,Y,_T,Y_GE15,_Z,Q,25.8,0,1,A
2014-Q1,ESP,UNE_LF_M,PT_LF_SUB,_Z,Y,_T,Y_GE15,_Z,Q,25.3,0,1,A
2014-Q3,ESP,UNE_LF_M,PT_LF_SUB,_Z,Y,_T,Y_GE15,_Z,Q,24.13333,0,1,A
2014-Q4,ESP,UNE_LF_M,PT_LF_SUB,_Z,Y,_T,Y_GE15,_Z,Q,23.76667,0,1,A
2015-Q1,ESP,UNE_LF_M,PT_LF_SUB,_Z,Y,_T,Y_GE15,_Z,Q,23.16667,0,1,A
2015-Q2,ESP,UNE_LF_M,PT_LF_SUB,_Z,Y,_T,Y_GE15,_Z,Q,22.5,0,1,A
2015-Q3,ESP,UNE_LF_M,PT_LF_SUB,_Z,Y,_T,Y_GE15,_Z,Q,21.63333,0,1,A
2015-Q4,ESP,UNE_LF_M,PT_LF_SUB,_Z,Y,_T,Y_GE15,_Z,Q,20.96667,0,1,A
2016-Q1,ESP,UNE_LF_M,PT_LF_SUB,_Z,Y,_T,Y_GE15,_Z,Q,20.4,0,1,A
2016-Q2,ESP,UNE_LF_M,PT_LF_SUB,_Z,Y,_T,Y_GE15,_Z,Q,20.13333,0,1,A
2016-Q3,ESP,UNE_LF_M,PT_LF_SUB,_Z,Y,_T,Y_GE15,_Z,Q,19.3,0,1,A
2017-Q1,ESP,UNE_LF_M,PT_LF_SUB,_Z,Y,_T,Y_GE15,_Z,Q,18.2,0,1,A
2017-Q3,ESP,UNE_LF_M,PT_LF_SUB,_Z,Y,_T,Y_GE15,_Z,Q,16.76667,0,1,A
2018-Q1,ESP,UNE_LF_M,PT_LF_SUB,_Z,Y,_T,Y_GE15,_Z,Q,16.16667,0,1,A
2018-Q2,ESP,UNE_LF_M,PT_LF_SUB,_Z,Y,_T,Y_GE15,_Z,Q,15.46667,0,1,A
2018-Q3,ESP,UNE_LF_M,PT_LF_SUB,_Z,Y,_T,Y_GE15,_Z,Q,14.83333,0,1,A
2019-Q1,ESP,UNE_LF_M,PT_LF_SUB,_Z,Y,_T,Y_GE15,_Z,Q,14.23333,0,1,A
2019-Q2,ESP,UNE_LF_M,PT_LF_SUB,_Z,Y,_T,Y_GE15,_Z,Q,14.23333,0,1,A
2019-Q3,ESP,UNE_LF_M,PT_LF_SUB,_Z,Y,_T,Y_GE15,_Z,Q,14.1,0,1,A
2019-Q4,ESP,UNE_LF_M,PT_LF_SUB,_Z,Y,_T,Y_GE15,_Z,Q,13.9,0,1,A
2020-Q1,ESP,UNE_LF_M,PT_LF_SUB,_Z,Y,_T,Y_GE15,_Z,Q,13.96667,0,1,A
2020-Q2,ESP,UNE_LF_M,PT_LF_SUB,_Z,Y,_T,Y_GE15,_Z,Q,15.6,0,1,A
2020-Q3,ESP,UNE_LF_M,PT_LF_SUB,_Z,Y,_T,Y_GE15,_Z,Q,16.36667,0,1,A
2020-Q4,ESP,UNE_LF_M,PT_LF_SUB,_Z,Y,_T,Y_GE15,_Z,Q,16.23333,0,1,A
2021-Q1,ESP,UNE_LF_M,PT_LF_SUB,_Z,Y,_T,Y_GE15,_Z,Q,15.7,0,1,A
2021-Q2,ESP,UNE_LF_M,PT_LF_SUB,_Z,Y,_T,Y_GE15,_Z,Q,15.66667,0,1,A
2021-Q3,ESP,UNE_LF_M,PT_LF_SUB,_Z,Y,_T,Y_GE15,_Z,Q,14.76667,0,1,A
2021-Q4,ESP,UNE_LF_M,PT_LF_SUB,_Z,Y,_T,Y_GE15,_Z,Q,13.56667,0,1,A
2022-Q1,ESP,UNE_LF_M,PT_LF_SUB,_Z,Y,_T,Y_GE15,_Z,Q,13.26667,0,1,A
2022-Q2,ESP,UNE_LF_M,PT_LF_SUB,_Z,Y,_T,Y_GE15,_Z,Q,13,0,1,A
2022-Q3,ESP,UNE_LF_M,PT_LF_SUB,_Z,Y,_T,Y_GE15,_Z,Q,12.8,0,1,A
2023-Q2,ESP,UNE_LF_M,PT_LF_SUB,_Z,Y,_T,Y_GE15,_Z,Q,12,0,1,A
2023-Q3,ESP,UNE_LF_M,PT_LF_SUB,_Z,Y,_T,Y_GE15,_Z,Q,12,0,1,A
2023-Q4,ESP,UNE_LF_M,PT_LF_SUB,_Z,Y,_T,Y_GE15,_Z,Q,11.93333,0,1,A
2024-Q1,ESP,UNE_LF_M,PT_LF_SUB,_Z,Y,_T,Y_GE15,_Z,Q,11.8,0,1,A
2024-Q2,ESP,UNE_LF_M,PT_LF_SUB,_Z,Y,_T,Y_GE15,_Z,Q,11.56667,0,1,A
2024-Q3,ESP,UNE_LF_M,PT_LF_SUB,_Z,Y,_T,Y_GE15,_Z,Q,11.26667,0,1,A
2024-Q4,ESP,UNE_LF_M,PT_LF_SUB,_Z,Y,_T,Y_GE15,_Z,Q,10.83333,0,1,A
2025-Q1,ESP,UNE_LF_M,PT_LF_SUB,_Z,Y,_T,Y_GE15,_Z,Q,10.86667,0,1,A
2025-Q3,ESP,UNE_LF_M,PT_LF_SUB,_Z,Y,_T,Y_GE15,_Z,Q,10.5,0,1,A
2025-Q4,ESP,UNE_LF_M,PT_LF_SUB,_Z,Y,_T,Y_GE15,_Z,Q,10.1,0,1,A
1983-Q1,BEL,UNE_LF_M,PT_LF_SUB,_Z,Y,_T,Y_GE15,_Z,Q,10.5,0,1,A
1983-Q2,BEL,UNE_LF_M,PT_LF_SUB,_Z,Y,_T,Y_GE15,_Z,Q,10.66667,0,1,A
1983-Q3,BEL,UNE_LF_M,PT_LF_SUB,_Z,Y,_T,Y_GE15,_Z,Q,10.83333,0,1,A
1983-Q4,BEL,UNE_LF_M,PT_LF_SUB,_Z,Y,_T,Y_GE15,_Z,Q,10.96667,0,1,A
1984-Q1,BEL,UNE_LF_M,PT_LF_SUB,_Z,Y,_T,Y_GE15,_Z,Q,10.86667,0,1,A
1984-Q2,BEL,UNE_LF_M,PT_LF_SUB,_Z,Y,_T,Y_GE15,_Z,Q,10.8,0,1,A
1984-Q3,BEL,UNE_LF_M,PT_LF_SUB,_Z,Y,_T,Y_GE15,_Z,Q,10.86667,0,1,A
1984-Q4,BEL,UNE_LF_M,PT_LF_SUB,_Z,Y,_T,Y_GE15,_Z,Q,10.76667,0,1,A
1985-Q1,BEL,UNE_LF_M,PT_LF_SUB,_Z,Y,_T,Y_GE15,_Z,Q,10.53333,0,1,A
1985-Q2,BEL,UNE_LF_M,PT_LF_SUB,_Z,Y,_T,Y_GE15,_Z,Q,10.1,0,1,A
1985-Q3,BEL,UNE_LF_M,PT_LF_SUB,_Z,Y,_T,Y_GE15,_Z,Q,9.9,0,1,A
1985-Q4,BEL,UNE_LF_M,PT_LF_SUB,_Z,Y,_T,Y_GE15,_Z,Q,9.933333,0,1,A
1986-Q1,BEL,UNE_LF_M,PT_LF_SUB,_Z,Y,_T,Y_GE15,_Z,Q,10.1,0,1,A
1986-Q2,BEL,UNE_LF_M,PT_LF_SUB,_Z,Y,_T,Y_GE15,_Z,Q,10.1,0,1,A
1986-Q3,BEL,UNE_LF_M,PT_LF_SUB,_Z,Y,_T,Y_GE15,_Z,Q,9.933333,0,1,A
1986-Q4,BEL,UNE_LF_M,PT_LF_SUB,_Z,Y,_T,Y_GE15,_Z,Q,10.06667,0,1,A
1987-Q1,BEL,UNE_LF_M,PT_LF_SUB,_Z,Y,_T,Y_GE15,_Z,Q,10.03333,0,1,A
1987-Q2,BEL,UNE_LF_M,PT_LF_SUB,_Z,Y,_T,Y_GE15,_Z,Q,9.933333,0,1,A
1987-Q3,BEL,UNE_LF_M,PT_LF_SUB,_Z,Y,_T,Y_GE15,_Z,Q,9.7,0,1,A
1987-Q4,BEL,UNE_LF_M,PT_LF_SUB,_Z,Y,_T,Y_GE15,_Z,Q,9.566667,0,1,A
1988-Q1,BEL,UNE_LF_M,PT_LF_SUB,_Z,Y,_T,Y_GE15,_Z,Q,9.4,0,1,A
1988-Q2,BEL,UNE_LF_M,PT_LF_SUB,_Z,Y,_T,Y_GE15,_Z,Q,9.066667,0,1,A
1988-Q3,BEL,UNE_LF_M,PT_LF_SUB,_Z,Y,_T,Y_GE15,_Z,Q,8.666667,0,1,A
1988-Q4,BEL,UNE_LF_M,PT_LF_SUB,_Z,Y,_T,Y_GE15,_Z,Q,8.2,0,1,A
1989-Q1,BEL,UNE_LF_M,PT_LF_SUB,_Z,Y,_T,Y_GE15,_Z,Q,7.8,0,1,A
1989-Q2,BEL,UNE_LF_M,PT_LF_SUB,_Z,Y,_T,Y_GE15,_Z,Q,7.5,0,1,A
1989-Q3,BEL,UNE_LF_M,PT_LF_SUB,_Z,Y,_T,Y_GE15,_Z,Q,7.2,0,1,A
1989-Q4,BEL,UNE_LF_M,PT_LF_SUB,_Z,Y,_T,Y_GE15,_Z,Q,6.966667,0,1,A
1990-Q1,BEL,UNE_LF_M,PT_LF_SUB,_Z,Y,_T,Y_GE15,_Z,Q,6.733333,0,1,A
1990-Q2,BEL,UNE_LF_M,PT_LF_SUB,_Z,Y,_T,Y_GE15,_Z,Q,6.6,0,1,A
1990-Q3,BEL,UNE_LF_M,PT_LF_SUB,_Z,Y,_T,Y_GE15,_Z,Q,6.5,0,1,A
1990-Q4,BEL,UNE_LF_M,PT_LF_SUB,_Z,Y,_T,Y_GE15,_Z,Q,6.4,0,1,A
1991-Q1,BEL,UNE_LF_M,PT_LF_SUB,_Z,Y,_T,Y_GE15,_Z,Q,6.4,0,1,A
1991-Q2,BEL,UNE_LF_M,PT_LF_SUB,_Z,Y,_T,Y_GE15,_Z,Q,6.4,0,1,A
1991-Q3,BEL,UNE_LF_M,PT_LF_SUB,_Z,Y,_T,Y_GE15,_Z,Q,6.4,0,1,A
1991-Q4,BEL,UNE_LF_M,PT_LF_SUB,_Z,Y,_T,Y_GE15,_Z,Q,6.6,0,1,A
1992-Q1,BEL,UNE_LF_M,PT_LF_SUB,_Z,Y,_T,Y_GE15,_Z,Q,6.733333,0,1,A
1992-Q2,BEL,UNE_LF_M,PT_LF_SUB,_Z,Y,_T,Y_GE15,_Z,Q,7,0,1,A
1992-Q3,BEL,UNE_LF_M,PT_LF_SUB,_Z,Y,_T,Y_GE15,_Z,Q,7.133333,0,1,A
1992-Q4,BEL,UNE_LF_M,PT_LF_SUB,_Z,Y,_T,Y_GE15,_Z,Q,7.5,0,1,A
1993-Q1,BEL,UNE_LF_M,PT_LF_SUB,_Z,Y,_T,Y_GE15,_Z,Q,7.933333,0,1,A
1993-Q2,BEL,UNE_LF_M,PT_LF_SUB,_Z,Y,_T,Y_GE15,_Z,Q,8.366667,0,1,A
1993-Q3,BEL,UNE_LF_M,PT_LF_SUB,_Z,Y,_T,Y_GE15,_Z,Q,8.866667,0,1,A
1993-Q4,BEL,UNE_LF_M,PT_LF_SUB,_Z,Y,_T,Y_GE15,_Z,Q,9.333333,0,1,A
1994-Q1,BEL,UNE_LF_M,PT_LF_SUB,_Z,Y,_T,Y_GE15,_Z,Q,9.666667,0,1,A
1994-Q2,BEL,UNE_LF_M,PT_LF_SUB,_Z,Y,_T,Y_GE15,_Z,Q,9.8,0,1,A
1994-Q3,BEL,UNE_LF_M,PT_LF_SUB,_Z,Y,_T,Y_GE15,_Z,Q,9.8,0,1,A
1994-Q4,BEL,UNE_LF_M,PT_LF_SUB,_Z,Y,_T,Y_GE15,_Z,Q,9.733334,0,1,A
1995-Q1,BEL,UNE_LF_M,PT_LF_SUB,_Z,Y,_T,Y_GE15,_Z,Q,9.666667,0,1,A
1995-Q2,BEL,UNE_LF_M,PT_LF_SUB,_Z,Y,_T,Y_GE15,_Z,Q,9.6,0,1,A
1995-Q3,BEL,UNE_LF_M,PT_LF_SUB,_Z,Y,_T,Y_GE15,_Z,Q,9.666667,0,1,A
1995-Q4,BEL,UNE_LF_M,PT_LF_SUB,_Z,Y,_T,Y_GE15,_Z,Q,9.8,0,1,A
1996-Q1,BEL,UNE_LF_M,PT_LF_SUB,_Z,Y,_T,Y_GE15,_Z,Q,9.866667,0,1,A
1996-Q2,BEL,UNE_LF_M,PT_LF_SUB,_Z,Y,_T,Y_GE15,_Z,Q,9.666667,0,1,A
1996-Q3,BEL,UNE_LF_M,PT_LF_SUB,_Z,Y,_T,Y_GE15,_Z,Q,9.433333,0,1,A
1996-Q4,BEL,UNE_LF_M,PT_LF_SUB,_Z,Y,_T,Y_GE15,_Z,Q,9.233334,0,1,A
1997-Q1,BEL,UNE_LF_M,PT_LF_SUB,_Z,Y,_T,Y_GE15,_Z,Q,9.1,0,1,A
1997-Q2,BEL,UNE_LF_M,PT_LF_SUB,_Z,Y,_T,Y_GE15,_Z,Q,9.133333,0,1,A
1997-Q3,BEL,UNE_LF_M,PT_LF_SUB,_Z,Y,_T,Y_GE15,_Z,Q,9.3,0,1,A
1997-Q4,BEL,UNE_LF_M,PT_LF_SUB,_Z,Y,_T,Y_GE15,_Z,Q,9.333333,0,1,A
1998-Q1,BEL,UNE_LF_M,PT_LF_SUB,_Z,Y,_T,Y_GE15,_Z,Q,9.433333,0,1,A
1998-Q2,BEL,UNE_LF_M,PT_LF_SUB,_Z,Y,_T,Y_GE15,_Z,Q,9.433333,0,1,A
1998-Q3,BEL,UNE_LF_M,PT_LF_SUB,_Z,Y,_T,Y_GE15,_Z,Q,9.366667,0,1,A
1998-Q4,BEL,UNE_LF_M,PT_LF_SUB,_Z,Y,_T,Y_GE15,_Z,Q,9.133333,0,1,A
1999-Q1,BEL,UNE_LF_M,PT_LF_SUB,_Z,Y,_T,Y_GE15,_Z,Q,8.966666,0,1,A
1999-Q2,BEL,UNE_LF_M,PT_LF_SUB,_Z,Y,_T,Y_GE15,_Z,Q,8.9,0,1,A
1999-Q3,BEL,UNE_LF_M,PT_LF_SUB,_Z,Y,_T,Y_GE15,_Z,Q,8.133333,0,1,A
1999-Q4,BEL,UNE_LF_M,PT_LF_SUB,_Z,Y,_T,Y_GE15,_Z,Q,7.7,0,1,A
2000-Q1,BEL,UNE_LF_M,PT_LF_SUB,_Z,Y,_T,Y_GE15,_Z,Q,7.1,0,1,A
2000-Q2,BEL,UNE_LF_M,PT_LF_SUB,_Z,Y,_T,Y_GE15,_Z,Q,6.8,0,1,A
2000-Q3,BEL,UNE_LF_M,PT_LF_SUB,_Z,Y,_T,Y_GE15,_Z,Q,6.9,0,1,A
2000-Q4,BEL,UNE_LF_M,PT_LF_SUB,_Z,Y,_T,Y_GE15,_Z,Q,6.633333,0,1,A
2001-Q1,BEL,UNE_LF_M,PT_LF_SUB,_Z,Y,_T,Y_GE15,_Z,Q,6.066667,0,1,A
2001-Q2,BEL,UNE_LF_M,PT_LF_SUB,_Z,Y,_T,Y_GE15,_Z,Q,6.5,0,1,A
2001-Q3,BEL,UNE_LF_M,PT_LF_SUB,_Z,Y,_T,Y_GE15,_Z,Q,6.3,0,1,A
2001-Q4,BEL,UNE_LF_M,PT_LF_SUB,_Z,Y,_T,Y_GE15,_Z,Q,7.4,0,1,A
2002-Q1,BEL,UNE_LF_M,PT_LF_SUB,_Z,Y,_T,Y_GE15,_Z,Q,7.333333,0,1,A
2002-Q2,BEL,UNE_LF_M,PT_LF_SUB,_Z,Y,_T,Y_GE15,_Z,Q,7.3,0,1,A
2002-Q3,BEL,UNE_LF_M,PT_LF_SUB,_Z,Y,_T,Y_GE15,_Z,Q,7.5,0,1,A
2002-Q4,BEL,UNE_LF_M,PT_LF_SUB,_Z,Y,_T,Y_GE15,_Z,Q,7.966667,0,1,A
2003-Q1,BEL,UNE_LF_M,PT_LF_SUB,_Z,Y,_T,Y_GE15,_Z,Q,8.1,0,1,A
2003-Q2,BEL,UNE_LF_M,PT_LF_SUB,_Z,Y,_T,Y_GE15,_Z,Q,8.1,0,1,A
2003-Q3,BEL,UNE_LF_M,PT_LF_SUB,_Z,Y,_T,Y_GE15,_Z,Q,8.133333,0,1,A
2003-Q4,BEL,UNE_LF_M,PT_LF_SUB,_Z,Y,_T,Y_GE15,_Z,Q,8.366667,0,1,A
2004-Q1,BEL,UNE_LF_M,PT_LF_SUB,_Z,Y,_T,Y_GE15,_Z,Q,8.533334,0,1,A
2004-Q2,BEL,UNE_LF_M,PT_LF_SUB,_Z,Y,_T,Y_GE15,_Z,Q,7.766667,0,1,A
2004-Q3,BEL,UNE_LF_M,PT_LF_SUB,_Z,Y,_T,Y_GE15,_Z,Q,8.866667,0,1,A
2004-Q4,BEL,UNE_LF_M,PT_LF_SUB,_Z,Y,_T,Y_GE15,_Z,Q,8.366667,0,1,A
2005-Q1,BEL,UNE_LF_M,PT_LF_SUB,_Z,Y,_T,Y_GE15,_Z,Q,8.466666,0,1,A
2005-Q2,BEL,UNE_LF_M,PT_LF_SUB,_Z,Y,_T,Y_GE15,_Z,Q,8.5,0,1,A
2005-Q3,BEL,UNE_LF_M,PT_LF_SUB,_Z,Y,_T,Y_GE15,_Z,Q,8.5,0,1,A
2005-Q4,BEL,UNE_LF_M,PT_LF_SUB,_Z,Y,_T,Y_GE15,_Z,Q,8.433333,0,1,A
2006-Q1,BEL,UNE_LF_M,PT_LF_SUB,_Z,Y,_T,Y_GE15,_Z,Q,8.566667,0,1,A
2006-Q2,BEL,UNE_LF_M,PT_LF_SUB,_Z,Y,_T,Y_GE15,_Z,Q,8.666667,0,1,A
2006-Q3,BEL,UNE_LF_M,PT_LF_SUB,_Z,Y,_T,Y_GE15,_Z,Q,7.9,0,1,A
2006-Q4,BEL,UNE_LF_M,PT_LF_SUB,_Z,Y,_T,Y_GE15,_Z,Q,7.933333,0,1,A
2007-Q1,BEL,UNE_LF_M,PT_LF_SUB,_Z,Y,_T,Y_GE15,_Z,Q,7.833333,0,1,A
2007-Q2,BEL,UNE_LF_M,PT_LF_SUB,_Z,Y,_T,Y_GE15,_Z,Q,8,0,1,A
2007-Q3,BEL,UNE_LF_M,PT_LF_SUB,_Z,Y,_T,Y_GE15,_Z,Q,7.066667,0,1,A
2007-Q4,BEL,UNE_LF_M,PT_LF_SUB,_Z,Y,_T,Y_GE15,_Z,Q,7.066667,0,1,A
2008-Q1,BEL,UNE_LF_M,PT_LF_SUB,_Z,Y,_T,Y_GE15,_Z,Q,6.9,0,1,A
2008-Q2,BEL,UNE_LF_M,PT_LF_SUB,_Z,Y,_T,Y_GE15,_Z,Q,6.633333,0,1,A
2008-Q3,BEL,UNE_LF_M,PT_LF_SUB,_Z,Y,_T,Y_GE15,_Z,Q,7.5,0,1,A
2009-Q2,BEL,UNE_LF_M,PT_LF_SUB,_Z,Y,_T,Y_GE15,_Z,Q,7.933333,0,1,A
2009-Q3,BEL,UNE_LF_M,PT_LF_SUB,_Z,Y,_T,Y_GE15,_Z,Q,8,0,1,A
2009-Q4,BEL,UNE_LF_M,PT_LF_SUB,_Z,Y,_T,Y_GE15,_Z,Q,8.166667,0,1,A
2010-Q1,BEL,UNE_LF_M,PT_LF_SUB,_Z,Y,_T,Y_GE15,_Z,Q,8.633333,0,1,A
2010-Q4,BEL,UNE_LF_M,PT_LF_SUB,_Z,Y,_T,Y_GE15,_Z,Q,7.933333,0,1,A
2011-Q1,BEL,UNE_LF_M,PT_LF_SUB,_Z,Y,_T,Y_GE15,_Z,Q,7.1,0,1,A
2011-Q2,BEL,UNE_LF_M,PT_LF_SUB,_Z,Y,_T,Y_GE15,_Z,Q,7,0,1,A
2011-Q3,BEL,UNE_LF_M,PT_LF_SUB,_Z,Y,_T,Y_GE15,_Z,Q,7.6,0,1,A
2011-Q4,BEL,UNE_LF_M,PT_LF_SUB,_Z,Y,_T,Y_GE15,_Z,Q,7.2,0,1,A
2012-Q2,BEL,UNE_LF_M,PT_LF_SUB,_Z,Y,_T,Y_GE15,_Z,Q,7.366667,0,1,A
2012-Q3,BEL,UNE_LF_M,PT_LF_SUB,_Z,Y,_T,Y_GE15,_Z,Q,7.6,0,1,A
2012-Q4,BEL,UNE_LF_M,PT_LF_SUB,_Z,Y,_T,Y_GE15,_Z,Q,8.366667,0,1,A
2013-Q1,BEL,UNE_LF_M,PT_LF_SUB,_Z,Y,_T,Y_GE15,_Z,Q,8.5,0,1,A
2014-Q1,BEL,UNE_LF_M,PT_LF_SUB,_Z,Y,_T,Y_GE15,_Z,Q,8.733334,0,1,A
2014-Q3,BEL,UNE_LF_M,PT_LF_SUB,_Z,Y,_T,Y_GE15,_Z,Q,8.633333,0,1,A
2014-Q4,BEL,UNE_LF_M,PT_LF_SUB,_Z,Y,_T,Y_GE15,_Z,Q,8.7,0,1,A
2015-Q1,BEL,UNE_LF_M,PT_LF_SUB,_Z,Y,_T,Y_GE15,_Z,Q,8.833333,0,1,A
2015-Q3,BEL,UNE_LF_M,PT_LF_SUB,_Z,Y,_T,Y_GE15,_Z,Q,8.266666,0,1,A
2015-Q4,BEL,UNE_LF_M,PT_LF_SUB,_Z,Y,_T,Y_GE15,_Z,Q,8.833333,0,1,A
2016-Q1,BEL,UNE_LF_M,PT_LF_SUB,_Z,Y,_T,Y_GE15,_Z,Q,8.233334,0,1,A
2016-Q2,BEL,UNE_LF_M,PT_LF_SUB,_Z,Y,_T,Y_GE15,_Z,Q,8.166667,0,1,A
2016-Q3,BEL,UNE_LF_M,PT_LF_SUB,_Z,Y,_T,Y_GE15,_Z,Q,7.7,0,1,A
2017-Q2,BEL,UNE_LF_M,PT_LF_SUB,_Z,Y,_T,Y_GE15,_Z,Q,7.266667,0,1,A
2017-Q3,BEL,UNE_LF_M,PT_LF_SUB,_Z,Y,_T,Y_GE15,_Z,Q,7.066667,0,1,A
2017-Q4,BEL,UNE_LF_M,PT_LF_SUB,_Z,Y,_T,Y_GE15,_Z,Q,6.433333,0,1,A
2018-Q2,BEL,UNE_LF_M,PT_LF_SUB,_Z,Y,_T,Y_GE15,_Z,Q,6.333333,0,1,A
2018-Q4,BEL,UNE_LF_M,PT_LF_SUB,_Z,Y,_T,Y_GE15,_Z,Q,5.733333,0,1,A
2019-Q4,BEL,UNE_LF_M,PT_LF_SUB,_Z,Y,_T,Y_GE15,_Z,Q,5.2,0,1,A
2020-Q1,BEL,UNE_LF_M,PT_LF_SUB,_Z,Y,_T,Y_GE15,_Z,Q,5.033333,0,1,A
2020-Q2,BEL,UNE_LF_M,PT_LF_SUB,_Z,Y,_T,Y_GE15,_Z,Q,5.1,0,1,A
2020-Q3,BEL,UNE_LF_M,PT_LF_SUB,_Z,Y,_T,Y_GE15,_Z,Q,6.233333,0,1,A
2020-Q4,BEL,UNE_LF_M,PT_LF_SUB,_Z,Y,_T,Y_GE15,_Z,Q,5.866667,0,1,A
2021-Q1,BEL,UNE_LF_M,PT_LF_SUB,_Z,Y,_T,Y_GE15,_Z,Q,6.666667,0,1,A
2021-Q3,BEL,UNE_LF_M,PT_LF_SUB,_Z,Y,_T,Y_GE15,_Z,Q,6.3,0,1,A
2021-Q4,BEL,UNE_LF_M,PT_LF_SUB,_Z,Y,_T,Y_GE15,_Z,Q,5.8,0,1,A
2022-Q1,BEL,UNE_LF_M,PT_LF_SUB,_Z,Y,_T,Y_GE15,_Z,Q,5.3,0,1,A
2022-Q2,BEL,UNE_LF_M,PT_LF_SUB,_Z,Y,_T,Y_GE15,_Z,Q,5.833333,0,1,A
2022-Q3,BEL,UNE_LF_M,PT_LF_SUB,_Z,Y,_T,Y_GE15,_Z,Q,5.433333,0,1,A
2022-Q4,BEL,UNE_LF_M,PT_LF_SUB,_Z,Y,_T,Y_GE15,_Z,Q,5.666667,0,1,A
2023-Q1,BEL,UNE_LF_M,PT_LF_SUB,_Z,Y,_T,Y_GE15,_Z,Q,5.6,0,1,A
2023-Q2,BEL,UNE_LF_M,PT_LF_SUB,_Z,Y,_T,Y_GE15,_Z,Q,5.633333,0,1,A
2023-Q4,BEL,UNE_LF_M,PT_LF_SUB,_Z,Y,_T,Y_GE15,_Z,Q,5.533333,0,1,A
2024-Q4,BEL,UNE_LF_M,PT_LF_SUB,_Z,Y,_T,Y_GE15,_Z,Q,5.9,0,1,A
2025-Q1,BEL,UNE_LF_M,PT_LF_SUB,_Z,Y,_T,Y_GE15,_Z,Q,6.166667,0,1,A
1988-Q1,FIN,UNE_LF_M,PT_LF_SUB,_Z,Y,_T,Y_GE15,_Z,Q,4.633333,0,1,A
1988-Q2,FIN,UNE_LF_M,PT_LF_SUB,_Z,Y,_T,Y_GE15,_Z,Q,4.333333,0,1,A
1988-Q3,FIN,UNE_LF_M,PT_LF_SUB,_Z,Y,_T,Y_GE15,_Z,Q,4,0,1,A
1988-Q4,FIN,UNE_LF_M,PT_LF_SUB,_Z,Y,_T,Y_GE15,_Z,Q,3.7,0,1,A
1989-Q1,FIN,UNE_LF_M,PT_LF_SUB,_Z,Y,_T,Y_GE15,_Z,Q,3.5,0,1,A
1989-Q2,FIN,UNE_LF_M,PT_LF_SUB,_Z,Y,_T,Y_GE15,_Z,Q,3.1,0,1,A
1989-Q3,FIN,UNE_LF_M,PT_LF_SUB,_Z,Y,_T,Y_GE15,_Z,Q,2.9,0,1,A
1989-Q4,FIN,UNE_LF_M,PT_LF_SUB,_Z,Y,_T,Y_GE15,_Z,Q,2.9,0,1,A
1990-Q1,FIN,UNE_LF_M,PT_LF_SUB,_Z,Y,_T,Y_GE15,_Z,Q,3,0,1,A
1990-Q2,FIN,UNE_LF_M,PT_LF_SUB,_Z,Y,_T,Y_GE15,_Z,Q,2.933333,0,1,A
1990-Q3,FIN,UNE_LF_M,PT_LF_SUB,_Z,Y,_T,Y_GE15,_Z,Q,3.033333,0,1,A
1990-Q4,FIN,UNE_LF_M,PT_LF_SUB,_Z,Y,_T,Y_GE15,_Z,Q,3.7,0,1,A
1991-Q1,FIN,UNE_LF_M,PT_LF_SUB,_Z,Y,_T,Y_GE15,_Z,Q,4.633333,0,1,A
1991-Q2,FIN,UNE_LF_M,PT_LF_SUB,_Z,Y,_T,Y_GE15,_Z,Q,5.9,0,1,A
1991-Q3,FIN,UNE_LF_M,PT_LF_SUB,_Z,Y,_T,Y_GE15,_Z,Q,7.466667,0,1,A
1991-Q4,FIN,UNE_LF_M,PT_LF_SUB,_Z,Y,_T,Y_GE15,_Z,Q,8.733334,0,1,A
1992-Q1,FIN,UNE_LF_M,PT_LF_SUB,_Z,Y,_T,Y_GE15,_Z,Q,9.866667,0,1,A
1992-Q2,FIN,UNE_LF_M,PT_LF_SUB,_Z,Y,_T,Y_GE15,_Z,Q,11.03333,0,1,A
1992-Q3,FIN,UNE_LF_M,PT_LF_SUB,_Z,Y,_T,Y_GE15,_Z,Q,12.6,0,1,A
1992-Q4,FIN,UNE_LF_M,PT_LF_SUB,_Z,Y,_T,Y_GE15,_Z,Q,13.6,0,1,A
1993-Q1,FIN,UNE_LF_M,PT_LF_SUB,_Z,Y,_T,Y_GE15,_Z,Q,14.7,0,1,A
1993-Q2,FIN,UNE_LF_M,PT_LF_SUB,_Z,Y,_T,Y_GE15,_Z,Q,16.06667,0,1,A
1993-Q3,FIN,UNE_LF_M,PT_LF_SUB,_Z,Y,_T,Y_GE15,_Z,Q,17.06667,0,1,A
1993-Q4,FIN,UNE_LF_M,PT_LF_SUB,_Z,Y,_T,Y_GE15,_Z,Q,17.53333,0,1,A
1994-Q1,FIN,UNE_LF_M,PT_LF_SUB,_Z,Y,_T,Y_GE15,_Z,Q,17,0,1,A
1994-Q2,FIN,UNE_LF_M,PT_LF_SUB,_Z,Y,_T,Y_GE15,_Z,Q,17.06667,0,1,A
1994-Q3,FIN,UNE_LF_M,PT_LF_SUB,_Z,Y,_T,Y_GE15,_Z,Q,16.53333,0,1,A
1994-Q4,FIN,UNE_LF_M,PT_LF_SUB,_Z,Y,_T,Y_GE15,_Z,Q,15.7,0,1,A
1995-Q1,FIN,UNE_LF_M,PT_LF_SUB,_Z,Y,_T,Y_GE15,_Z,Q,15.1,0,1,A
1995-Q2,FIN,UNE_LF_M,PT_LF_SUB,_Z,Y,_T,Y_GE15,_Z,Q,14.83333,0,1,A
1995-Q3,FIN,UNE_LF_M,PT_LF_SUB,_Z,Y,_T,Y_GE15,_Z,Q,15,0,1,A
1995-Q4,FIN,UNE_LF_M,PT_LF_SUB,_Z,Y,_T,Y_GE15,_Z,Q,15.2,0,1,A
1996-Q1,FIN,UNE_LF_M,PT_LF_SUB,_Z,Y,_T,Y_GE15,_Z,Q,14.73333,0,1,A
1996-Q2,FIN,UNE_LF_M,PT_LF_SUB,_Z,Y,_T,Y_GE15,_Z,Q,14.4,0,1,A
1996-Q3,FIN,UNE_LF_M,PT_LF_SUB,_Z,Y,_T,Y_GE15,_Z,Q,14.86667,0,1,A
1996-Q4,FIN,UNE_LF_M,PT_LF_SUB,_Z,Y,_T,Y_GE15,_Z,Q,14.2,0,1,A
1997-Q1,FIN,UNE_LF_M,PT_LF_SUB,_Z,Y,_T,Y_GE15,_Z,Q,13.4,0,1,A
1997-Q2,FIN,UNE_LF_M,PT_LF_SUB,_Z,Y,_T,Y_GE15,_Z,Q,12.96667,0,1,A
1997-Q3,FIN,UNE_LF_M,PT_LF_SUB,_Z,Y,_T,Y_GE15,_Z,Q,12.33333,0,1,A
1997-Q4,FIN,UNE_LF_M,PT_LF_SUB,_Z,Y,_T,Y_GE15,_Z,Q,12,0,1,A
1998-Q1,FIN,UNE_LF_M,PT_LF_SUB,_Z,Y,_T,Y_GE15,_Z,Q,11.73333,0,1,A
1998-Q2,FIN,UNE_LF_M,PT_LF_SUB,_Z,Y,_T,Y_GE15,_Z,Q,11.66667,0,1,A
1998-Q3,FIN,UNE_LF_M,PT_LF_SUB,_Z,Y,_T,Y_GE15,_Z,Q,11.26667,0,1,A
1998-Q4,FIN,UNE_LF_M,PT_LF_SUB,_Z,Y,_T,Y_GE15,_Z,Q,10.83333,0,1,A
1999-Q1,FIN,UNE_LF_M,PT_LF_SUB,_Z,Y,_T,Y_GE15,_Z,Q,10.6,0,1,A
1999-Q2,FIN,UNE_LF_M,PT_LF_SUB,_Z,Y,_T,Y_GE15,_Z,Q,10.33333,0,1,A
1999-Q3,FIN,UNE_LF_M,PT_LF_SUB,_Z,Y,_T,Y_GE15,_Z,Q,10.1,0,1,A
1999-Q4,FIN,UNE_LF_M,PT_LF_SUB,_Z,Y,_T,Y_GE15,_Z,Q,10.1,0,1,A
2000-Q1,FIN,UNE_LF_M,PT_LF_SUB,_Z,Y,_T,Y_GE15,_Z,Q,10.16667,0,1,A
2000-Q2,FIN,UNE_LF_M,PT_LF_SUB,_Z,Y,_T,Y_GE15,_Z,Q,9.8,0,1,A
2000-Q3,FIN,UNE_LF_M,PT_LF_SUB,_Z,Y,_T,Y_GE15,_Z,Q,9.6,0,1,A
2000-Q4,FIN,UNE_LF_M,PT_LF_SUB,_Z,Y,_T,Y_GE15,_Z,Q,9.4,0,1,A
2001-Q1,FIN,UNE_LF_M,PT_LF_SUB,_Z,Y,_T,Y_GE15,_Z,Q,9.266666,0,1,A
2001-Q2,FIN,UNE_LF_M,PT_LF_SUB,_Z,Y,_T,Y_GE15,_Z,Q,9.1,0,1,A
2001-Q3,FIN,UNE_LF_M,PT_LF_SUB,_Z,Y,_T,Y_GE15,_Z,Q,9.066667,0,1,A
2001-Q4,FIN,UNE_LF_M,PT_LF_SUB,_Z,Y,_T,Y_GE15,_Z,Q,9.1,0,1,A
2002-Q1,FIN,UNE_LF_M,PT_LF_SUB,_Z,Y,_T,Y_GE15,_Z,Q,9.1,0,1,A
2002-Q2,FIN,UNE_LF_M,PT_LF_SUB,_Z,Y,_T,Y_GE15,_Z,Q,9.133333,0,1,A
2002-Q3,FIN,UNE_LF_M,PT_LF_SUB,_Z,Y,_T,Y_GE15,_Z,Q,9.1,0,1,A
2002-Q4,FIN,UNE_LF_M,PT_LF_SUB,_Z,Y,_T,Y_GE15,_Z,Q,9,0,1,A
2003-Q1,FIN,UNE_LF_M,PT_LF_SUB,_Z,Y,_T,Y_GE15,_Z,Q,8.966666,0,1,A
2003-Q2,FIN,UNE_LF_M,PT_LF_SUB,_Z,Y,_T,Y_GE15,_Z,Q,9.3,0,1,A
2003-Q3,FIN,UNE_LF_M,PT_LF_SUB,_Z,Y,_T,Y_GE15,_Z,Q,8.9,0,1,A
2003-Q4,FIN,UNE_LF_M,PT_LF_SUB,_Z,Y,_T,Y_GE15,_Z,Q,8.966666,0,1,A
2004-Q1,FIN,UNE_LF_M,PT_LF_SUB,_Z,Y,_T,Y_GE15,_Z,Q,8.866667,0,1,A
2004-Q2,FIN,UNE_LF_M,PT_LF_SUB,_Z,Y,_T,Y_GE15,_Z,Q,9.2,0,1,A
2004-Q3,FIN,UNE_LF_M,PT_LF_SUB,_Z,Y,_T,Y_GE15,_Z,Q,8.633333,0,1,A
2004-Q4,FIN,UNE_LF_M,PT_LF_SUB,_Z,Y,_T,Y_GE15,_Z,Q,8.566667,0,1,A
2005-Q1,FIN,UNE_LF_M,PT_LF_SUB,_Z,Y,_T,Y_GE15,_Z,Q,8.7,0,1,A
2005-Q2,FIN,UNE_LF_M,PT_LF_SUB,_Z,Y,_T,Y_GE15,_Z,Q,8.433333,0,1,A
2005-Q3,FIN,UNE_LF_M,PT_LF_SUB,_Z,Y,_T,Y_GE15,_Z,Q,8.133333,0,1,A
2005-Q4,FIN,UNE_LF_M,PT_LF_SUB,_Z,Y,_T,Y_GE15,_Z,Q,8.233334,0,1,A
2006-Q1,FIN,UNE_LF_M,PT_LF_SUB,_Z,Y,_T,Y_GE15,_Z,Q,8,0,1,A
2006-Q2,FIN,UNE_LF_M,PT_LF_SUB,_Z,Y,_T,Y_GE15,_Z,Q,7.766667,0,1,A
2006-Q3,FIN,UNE_LF_M,PT_LF_SUB,_Z,Y,_T,Y_GE15,_Z,Q,7.633333,0,1,A
2006-Q4,FIN,UNE_LF_M,PT_LF_SUB,_Z,Y,_T,Y_GE15,_Z,Q,7.366667,0,1,A
2007-Q1,FIN,UNE_LF_M,PT_LF_SUB,_Z,Y,_T,Y_GE15,_Z,Q,7.166667,0,1,A
2007-Q2,FIN,UNE_LF_M,PT_LF_SUB,_Z,Y,_T,Y_GE15,_Z,Q,6.666667,0,1,A
2007-Q3,FIN,UNE_LF_M,PT_LF_SUB,_Z,Y,_T,Y_GE15,_Z,Q,6.9,0,1,A
2007-Q4,FIN,UNE_LF_M,PT_LF_SUB,_Z,Y,_T,Y_GE15,_Z,Q,6.633333,0,1,A
2008-Q1,FIN,UNE_LF_M,PT_LF_SUB,_Z,Y,_T,Y_GE15,_Z,Q,6.333333,0,1,A
2008-Q2,FIN,UNE_LF_M,PT_LF_SUB,_Z,Y,_T,Y_GE15,_Z,Q,6.166667,0,1,A
2008-Q3,FIN,UNE_LF_M,PT_LF_SUB,_Z,Y,_T,Y_GE15,_Z,Q,6.4,0,1,A
2009-Q2,FIN,UNE_LF_M,PT_LF_SUB,_Z,Y,_T,Y_GE15,_Z,Q,8.533334,0,1,A
2009-Q3,FIN,UNE_LF_M,PT_LF_SUB,_Z,Y,_T,Y_GE15,_Z,Q,8.566667,0,1,A
2009-Q4,FIN,UNE_LF_M,PT_LF_SUB,_Z,Y,_T,Y_GE15,_Z,Q,9.033334,0,1,A
2010-Q1,FIN,UNE_LF_M,PT_LF_SUB,_Z,Y,_T,Y_GE15,_Z,Q,8.933333,0,1,A
2010-Q3,FIN,UNE_LF_M,PT_LF_SUB,_Z,Y,_T,Y_GE15,_Z,Q,8.433333,0,1,A
2010-Q4,FIN,UNE_LF_M,PT_LF_SUB,_Z,Y,_T,Y_GE15,_Z,Q,8.333333,0,1,A
2011-Q1,FIN,UNE_LF_M,PT_LF_SUB,_Z,Y,_T,Y_GE15,_Z,Q,8.433333,0,1,A
2011-Q2,FIN,UNE_LF_M,PT_LF_SUB,_Z,Y,_T,Y_GE15,_Z,Q,7.933333,0,1,A
2011-Q3,FIN,UNE_LF_M,PT_LF_SUB,_Z,Y,_T,Y_GE15,_Z,Q,7.833333,0,1,A
2011-Q4,FIN,UNE_LF_M,PT_LF_SUB,_Z,Y,_T,Y_GE15,_Z,Q,7.7,0,1,A
2012-Q1,FIN,UNE_LF_M,PT_LF_SUB,_Z,Y,_T,Y_GE15,_Z,Q,7.7,0,1,A
2012-Q2,FIN,UNE_LF_M,PT_LF_SUB,_Z,Y,_T,Y_GE15,_Z,Q,7.666667,0,1,A
2012-Q3,FIN,UNE_LF_M,PT_LF_SUB,_Z,Y,_T,Y_GE15,_Z,Q,8.066667,0,1,A
2012-Q4,FIN,UNE_LF_M,PT_LF_SUB,_Z,Y,_T,Y_GE15,_Z,Q,7.866667,0,1,A
2013-Q1,FIN,UNE_LF_M,PT_LF_SUB,_Z,Y,_T,Y_GE15,_Z,Q,8.433333,0,1,A
2013-Q2,FIN,UNE_LF_M,PT_LF_SUB,_Z,Y,_T,Y_GE15,_Z,Q,8.033334,0,1,A
2013-Q3,FIN,UNE_LF_M,PT_LF_SUB,_Z,Y,_T,Y_GE15,_Z,Q,8.133333,0,1,A
2013-Q4,FIN,UNE_LF_M,PT_LF_SUB,_Z,Y,_T,Y_GE15,_Z,Q,8.533334,0,1,A
2014-Q1,FIN,UNE_LF_M,PT_LF_SUB,_Z,Y,_T,Y_GE15,_Z,Q,8.666667,0,1,A
2014-Q2,FIN,UNE_LF_M,PT_LF_SUB,_Z,Y,_T,Y_GE15,_Z,Q,8.633333,0,1,A
2014-Q3,FIN,UNE_LF_M,PT_LF_SUB,_Z,Y,_T,Y_GE15,_Z,Q,8.566667,0,1,A
2014-Q4,FIN,UNE_LF_M,PT_LF_SUB,_Z,Y,_T,Y_GE15,_Z,Q,9.166667,0,1,A
2015-Q1,FIN,UNE_LF_M,PT_LF_SUB,_Z,Y,_T,Y_GE15,_Z,Q,9.3,0,1,A
2015-Q2,FIN,UNE_LF_M,PT_LF_SUB,_Z,Y,_T,Y_GE15,_Z,Q,9.566667,0,1,A
2015-Q4,FIN,UNE_LF_M,PT_LF_SUB,_Z,Y,_T,Y_GE15,_Z,Q,9.466666,0,1,A
2016-Q1,FIN,UNE_LF_M,PT_LF_SUB,_Z,Y,_T,Y_GE15,_Z,Q,9.2,0,1,A
2016-Q2,FIN,UNE_LF_M,PT_LF_SUB,_Z,Y,_T,Y_GE15,_Z,Q,8.933333,0,1,A
2016-Q3,FIN,UNE_LF_M,PT_LF_SUB,_Z,Y,_T,Y_GE15,_Z,Q,8.6,0,1,A
2016-Q4,FIN,UNE_LF_M,PT_LF_SUB,_Z,Y,_T,Y_GE15,_Z,Q,8.9,0,1,A
2017-Q3,FIN,UNE_LF_M,PT_LF_SUB,_Z,Y,_T,Y_GE15,_Z,Q,8.6,0,1,A
2017-Q4,FIN,UNE_LF_M,PT_LF_SUB,_Z,Y,_T,Y_GE15,_Z,Q,8.366667,0,1,A
2018-Q1,FIN,UNE_LF_M,PT_LF_SUB,_Z,Y,_T,Y_GE15,_Z,Q,8.4,0,1,A
2018-Q2,FIN,UNE_LF_M,PT_LF_SUB,_Z,Y,_T,Y_GE15,_Z,Q,7.366667,0,1,A
2018-Q3,FIN,UNE_LF_M,PT_LF_SUB,_Z,Y,_T,Y_GE15,_Z,Q,7.2,0,1,A
2018-Q4,FIN,UNE_LF_M,PT_LF_SUB,_Z,Y,_T,Y_GE15,_Z,Q,6.733333,0,1,A
2019-Q1,FIN,UNE_LF_M,PT_LF_SUB,_Z,Y,_T,Y_GE15,_Z,Q,6.733333,0,1,A
2019-Q2,FIN,UNE_LF_M,PT_LF_SUB,_Z,Y,_T,Y_GE15,_Z,Q,6.766667,0,1,A
2019-Q3,FIN,UNE_LF_M,PT_LF_SUB,_Z,Y,_T,Y_GE15,_Z,Q,6.733333,0,1,A
2019-Q4,FIN,UNE_LF_M,PT_LF_SUB,_Z,Y,_T,Y_GE15,_Z,Q,6.766667,0,1,A
2020-Q1,FIN,UNE_LF_M,PT_LF_SUB,_Z,Y,_T,Y_GE15,_Z,Q,6.8,0,1,A
2020-Q2,FIN,UNE_LF_M,PT_LF_SUB,_Z,Y,_T,Y_GE15,_Z,Q,7.8,0,1,A
2020-Q3,FIN,UNE_LF_M,PT_LF_SUB,_Z,Y,_T,Y_GE15,_Z,Q,8.333333,0,1,A
2020-Q4,FIN,UNE_LF_M,PT_LF_SUB,_Z,Y,_T,Y_GE15,_Z,Q,8.1,0,1,A
2021-Q1,FIN,UNE_LF_M,PT_LF_SUB,_Z,Y,_T,Y_GE15,_Z,Q,8.066667,0,1,A
2021-Q2,FIN,UNE_LF_M,PT_LF_SUB,_Z,Y,_T,Y_GE15,_Z,Q,8.133333,0,1,A
2021-Q3,FIN,UNE_LF_M,PT_LF_SUB,_Z,Y,_T,Y_GE15,_Z,Q,7.366667,0,1,A
2021-Q4,FIN,UNE_LF_M,PT_LF_SUB,_Z,Y,_T,Y_GE15,_Z,Q,6.866667,0,1,A
2022-Q1,FIN,UNE_LF_M,PT_LF_SUB,_Z,Y,_T,Y_GE15,_Z,Q,6.733333,0,1,A
2022-Q2,FIN,UNE_LF_M,PT_LF_SUB,_Z,Y,_T,Y_GE15,_Z,Q,6.4,0,1,A
2022-Q4,FIN,UNE_LF_M,PT_LF_SUB,_Z,Y,_T,Y_GE15,_Z,Q,6.766667,0,1,A
2023-Q2,FIN,UNE_LF_M,PT_LF_SUB,_Z,Y,_T,Y_GE15,_Z,Q,7.133333,0,1,A
2023-Q3,FIN,UNE_LF_M,PT_LF_SUB,_Z,Y,_T,Y_GE15,_Z,Q,7.433333,0,1,A
2023-Q4,FIN,UNE_LF_M,PT_LF_SUB,_Z,Y,_T,Y_GE15,_Z,Q,7.533333,0,1,A
2024-Q1,FIN,UNE_LF_M,PT_LF_SUB,_Z,Y,_T,Y_GE15,_Z,Q,8,0,1,A
2024-Q2,FIN,UNE_LF_M,PT_LF_SUB,_Z,Y,_T,Y_GE15,_Z,Q,8.333333,0,1,A
2024-Q3,FIN,UNE_LF_M,PT_LF_SUB,_Z,Y,_T,Y_GE15,_Z,Q,8.5,0,1,A
2024-Q4,FIN,UNE_LF_M,PT_LF_SUB,_Z,Y,_T,Y_GE15,_Z,Q,8.766666,0,1,A
2025-Q2,FIN,UNE_LF_M,PT_LF_SUB,_Z,Y,_T,Y_GE15,_Z,Q,9.3,0,1,A
2025-Q3,FIN,UNE_LF_M,PT_LF_SUB,_Z,Y,_T,Y_GE15,_Z,Q,9.933333,0,1,A
2025-Q4,FIN,UNE_LF_M,PT_LF_SUB,_Z,Y,_T,Y_GE15,_Z,Q,10.43333,0,1,A
1983-Q1,FRA,UNE_LF_M,PT_LF_SUB,_Z,Y,_T,Y_GE15,_Z,Q,8.1,0,1,A
1983-Q2,FRA,UNE_LF_M,PT_LF_SUB,_Z,Y,_T,Y_GE15,_Z,Q,8.533334,0,1,A
1983-Q3,FRA,UNE_LF_M,PT_LF_SUB,_Z,Y,_T,Y_GE15,_Z,Q,9,0,1,A
1983-Q4,FRA,UNE_LF_M,PT_LF_SUB,_Z,Y,_T,Y_GE15,_Z,Q,9.4,0,1,A
1984-Q1,FRA,UNE_LF_M,PT_LF_SUB,_Z,Y,_T,Y_GE15,_Z,Q,9.7,0,1,A
1984-Q2,FRA,UNE_LF_M,PT_LF_SUB,_Z,Y,_T,Y_GE15,_Z,Q,9.933333,0,1,A
1984-Q3,FRA,UNE_LF_M,PT_LF_SUB,_Z,Y,_T,Y_GE15,_Z,Q,10.2,0,1,A
1984-Q4,FRA,UNE_LF_M,PT_LF_SUB,_Z,Y,_T,Y_GE15,_Z,Q,10.43333,0,1,A
1985-Q1,FRA,UNE_LF_M,PT_LF_SUB,_Z,Y,_T,Y_GE15,_Z,Q,10.4,0,1,A
1985-Q2,FRA,UNE_LF_M,PT_LF_SUB,_Z,Y,_T,Y_GE15,_Z,Q,10.4,0,1,A
1985-Q3,FRA,UNE_LF_M,PT_LF_SUB,_Z,Y,_T,Y_GE15,_Z,Q,10.4,0,1,A
1985-Q4,FRA,UNE_LF_M,PT_LF_SUB,_Z,Y,_T,Y_GE15,_Z,Q,10.46667,0,1,A
1986-Q1,FRA,UNE_LF_M,PT_LF_SUB,_Z,Y,_T,Y_GE15,_Z,Q,10.36667,0,1,A
1986-Q2,FRA,UNE_LF_M,PT_LF_SUB,_Z,Y,_T,Y_GE15,_Z,Q,10.46667,0,1,A
1986-Q3,FRA,UNE_LF_M,PT_LF_SUB,_Z,Y,_T,Y_GE15,_Z,Q,10.63333,0,1,A
1986-Q4,FRA,UNE_LF_M,PT_LF_SUB,_Z,Y,_T,Y_GE15,_Z,Q,10.83333,0,1,A
1987-Q1,FRA,UNE_LF_M,PT_LF_SUB,_Z,Y,_T,Y_GE15,_Z,Q,10.8,0,1,A
1987-Q2,FRA,UNE_LF_M,PT_LF_SUB,_Z,Y,_T,Y_GE15,_Z,Q,10.66667,0,1,A
1987-Q3,FRA,UNE_LF_M,PT_LF_SUB,_Z,Y,_T,Y_GE15,_Z,Q,10.56667,0,1,A
1987-Q4,FRA,UNE_LF_M,PT_LF_SUB,_Z,Y,_T,Y_GE15,_Z,Q,10.5,0,1,A
1988-Q1,FRA,UNE_LF_M,PT_LF_SUB,_Z,Y,_T,Y_GE15,_Z,Q,10.26667,0,1,A
1988-Q2,FRA,UNE_LF_M,PT_LF_SUB,_Z,Y,_T,Y_GE15,_Z,Q,10.13333,0,1,A
1988-Q3,FRA,UNE_LF_M,PT_LF_SUB,_Z,Y,_T,Y_GE15,_Z,Q,10,0,1,A
1988-Q4,FRA,UNE_LF_M,PT_LF_SUB,_Z,Y,_T,Y_GE15,_Z,Q,9.9,0,1,A
1989-Q1,FRA,UNE_LF_M,PT_LF_SUB,_Z,Y,_T,Y_GE15,_Z,Q,9.733334,0,1,A
1989-Q2,FRA,UNE_LF_M,PT_LF_SUB,_Z,Y,_T,Y_GE15,_Z,Q,9.666667,0,1,A
1989-Q3,FRA,UNE_LF_M,PT_LF_SUB,_Z,Y,_T,Y_GE15,_Z,Q,9.6,0,1,A
1989-Q4,FRA,UNE_LF_M,PT_LF_SUB,_Z,Y,_T,Y_GE15,_Z,Q,9.6,0,1,A
1990-Q1,FRA,UNE_LF_M,PT_LF_SUB,_Z,Y,_T,Y_GE15,_Z,Q,9.5,0,1,A
1990-Q2,FRA,UNE_LF_M,PT_LF_SUB,_Z,Y,_T,Y_GE15,_Z,Q,9.4,0,1,A
1990-Q3,FRA,UNE_LF_M,PT_LF_SUB,_Z,Y,_T,Y_GE15,_Z,Q,9.3,0,1,A
1990-Q4,FRA,UNE_LF_M,PT_LF_SUB,_Z,Y,_T,Y_GE15,_Z,Q,9.3,0,1,A
1991-Q1,FRA,UNE_LF_M,PT_LF_SUB,_Z,Y,_T,Y_GE15,_Z,Q,9.266666,0,1,A
1991-Q2,FRA,UNE_LF_M,PT_LF_SUB,_Z,Y,_T,Y_GE15,_Z,Q,9.433333,0,1,A
1991-Q3,FRA,UNE_LF_M,PT_LF_SUB,_Z,Y,_T,Y_GE15,_Z,Q,9.7,0,1,A
1991-Q4,FRA,UNE_LF_M,PT_LF_SUB,_Z,Y,_T,Y_GE15,_Z,Q,10,0,1,A
1992-Q1,FRA,UNE_LF_M,PT_LF_SUB,_Z,Y,_T,Y_GE15,_Z,Q,10.26667,0,1,A
1992-Q2,FRA,UNE_LF_M,PT_LF_SUB,_Z,Y,_T,Y_GE15,_Z,Q,10.5,0,1,A
1992-Q3,FRA,UNE_LF_M,PT_LF_SUB,_Z,Y,_T,Y_GE15,_Z,Q,10.8,0,1,A
1992-Q4,FRA,UNE_LF_M,PT_LF_SUB,_Z,Y,_T,Y_GE15,_Z,Q,11,0,1,A
1993-Q1,FRA,UNE_LF_M,PT_LF_SUB,_Z,Y,_T,Y_GE15,_Z,Q,11.3,0,1,A
1993-Q2,FRA,UNE_LF_M,PT_LF_SUB,_Z,Y,_T,Y_GE15,_Z,Q,11.7,0,1,A
1993-Q3,FRA,UNE_LF_M,PT_LF_SUB,_Z,Y,_T,Y_GE15,_Z,Q,12.03333,0,1,A
1993-Q4,FRA,UNE_LF_M,PT_LF_SUB,_Z,Y,_T,Y_GE15,_Z,Q,12.36667,0,1,A
1994-Q1,FRA,UNE_LF_M,PT_LF_SUB,_Z,Y,_T,Y_GE15,_Z,Q,12.5,0,1,A
1994-Q2,FRA,UNE_LF_M,PT_LF_SUB,_Z,Y,_T,Y_GE15,_Z,Q,12.4,0,1,A
1994-Q3,FRA,UNE_LF_M,PT_LF_SUB,_Z,Y,_T,Y_GE15,_Z,Q,12.2,0,1,A
1994-Q4,FRA,UNE_LF_M,PT_LF_SUB,_Z,Y,_T,Y_GE15,_Z,Q,12,0,1,A
1995-Q1,FRA,UNE_LF_M,PT_LF_SUB,_Z,Y,_T,Y_GE15,_Z,Q,11.8,0,1,A
1995-Q2,FRA,UNE_LF_M,PT_LF_SUB,_Z,Y,_T,Y_GE15,_Z,Q,11.86667,0,1,A
1995-Q3,FRA,UNE_LF_M,PT_LF_SUB,_Z,Y,_T,Y_GE15,_Z,Q,12,0,1,A
1995-Q4,FRA,UNE_LF_M,PT_LF_SUB,_Z,Y,_T,Y_GE15,_Z,Q,12.16667,0,1,A
1996-Q1,FRA,UNE_LF_M,PT_LF_SUB,_Z,Y,_T,Y_GE15,_Z,Q,12.3,0,1,A
1996-Q2,FRA,UNE_LF_M,PT_LF_SUB,_Z,Y,_T,Y_GE15,_Z,Q,12.36667,0,1,A
1996-Q3,FRA,UNE_LF_M,PT_LF_SUB,_Z,Y,_T,Y_GE15,_Z,Q,12.43333,0,1,A
1996-Q4,FRA,UNE_LF_M,PT_LF_SUB,_Z,Y,_T,Y_GE15,_Z,Q,12.5,0,1,A
1997-Q1,FRA,UNE_LF_M,PT_LF_SUB,_Z,Y,_T,Y_GE15,_Z,Q,12.5,0,1,A
1997-Q2,FRA,UNE_LF_M,PT_LF_SUB,_Z,Y,_T,Y_GE15,_Z,Q,12.4,0,1,A
1997-Q3,FRA,UNE_LF_M,PT_LF_SUB,_Z,Y,_T,Y_GE15,_Z,Q,12.33333,0,1,A
1997-Q4,FRA,UNE_LF_M,PT_LF_SUB,_Z,Y,_T,Y_GE15,_Z,Q,12.16667,0,1,A
1998-Q1,FRA,UNE_LF_M,PT_LF_SUB,_Z,Y,_T,Y_GE15,_Z,Q,12.03333,0,1,A
1998-Q2,FRA,UNE_LF_M,PT_LF_SUB,_Z,Y,_T,Y_GE15,_Z,Q,12.06667,0,1,A
1998-Q3,FRA,UNE_LF_M,PT_LF_SUB,_Z,Y,_T,Y_GE15,_Z,Q,12.1,0,1,A
1998-Q4,FRA,UNE_LF_M,PT_LF_SUB,_Z,Y,_T,Y_GE15,_Z,Q,12,0,1,A
1999-Q1,FRA,UNE_LF_M,PT_LF_SUB,_Z,Y,_T,Y_GE15,_Z,Q,11.93333,0,1,A
1999-Q2,FRA,UNE_LF_M,PT_LF_SUB,_Z,Y,_T,Y_GE15,_Z,Q,11.53333,0,1,A
1999-Q3,FRA,UNE_LF_M,PT_LF_SUB,_Z,Y,_T,Y_GE15,_Z,Q,11.13333,0,1,A
1999-Q4,FRA,UNE_LF_M,PT_LF_SUB,_Z,Y,_T,Y_GE15,_Z,Q,10.66667,0,1,A
2000-Q1,FRA,UNE_LF_M,PT_LF_SUB,_Z,Y,_T,Y_GE15,_Z,Q,10.23333,0,1,A
2000-Q2,FRA,UNE_LF_M,PT_LF_SUB,_Z,Y,_T,Y_GE15,_Z,Q,9.7,0,1,A
2000-Q3,FRA,UNE_LF_M,PT_LF_SUB,_Z,Y,_T,Y_GE15,_Z,Q,9.266666,0,1,A
2000-Q4,FRA,UNE_LF_M,PT_LF_SUB,_Z,Y,_T,Y_GE15,_Z,Q,8.9,0,1,A
2001-Q1,FRA,UNE_LF_M,PT_LF_SUB,_Z,Y,_T,Y_GE15,_Z,Q,8.7,0,1,A
2001-Q2,FRA,UNE_LF_M,PT_LF_SUB,_Z,Y,_T,Y_GE15,_Z,Q,8.733334,0,1,A
2001-Q3,FRA,UNE_LF_M,PT_LF_SUB,_Z,Y,_T,Y_GE15,_Z,Q,8.8,0,1,A
2001-Q4,FRA,UNE_LF_M,PT_LF_SUB,_Z,Y,_T,Y_GE15,_Z,Q,8.8,0,1,A
2002-Q1,FRA,UNE_LF_M,PT_LF_SUB,_Z,Y,_T,Y_GE15,_Z,Q,8.766666,0,1,A
2002-Q2,FRA,UNE_LF_M,PT_LF_SUB,_Z,Y,_T,Y_GE15,_Z,Q,8.633333,0,1,A
2002-Q3,FRA,UNE_LF_M,PT_LF_SUB,_Z,Y,_T,Y_GE15,_Z,Q,8.6,0,1,A
2003-Q2,FRA,UNE_LF_M,PT_LF_SUB,_Z,Y,_T,Y_GE15,_Z,Q,8.5,0,1,A
2003-Q4,FRA,UNE_LF_M,PT_LF_SUB,_Z,Y,_T,Y_GE15,_Z,Q,8.833333,0,1,A
2004-Q1,FRA,UNE_LF_M,PT_LF_SUB,_Z,Y,_T,Y_GE15,_Z,Q,8.9,0,1,A
2004-Q2,FRA,UNE_LF_M,PT_LF_SUB,_Z,Y,_T,Y_GE15,_Z,Q,8.8,0,1,A
2004-Q3,FRA,UNE_LF_M,PT_LF_SUB,_Z,Y,_T,Y_GE15,_Z,Q,8.866667,0,1,A
2005-Q1,FRA,UNE_LF_M,PT_LF_SUB,_Z,Y,_T,Y_GE15,_Z,Q,8.633333,0,1,A
2005-Q2,FRA,UNE_LF_M,PT_LF_SUB,_Z,Y,_T,Y_GE15,_Z,Q,8.8,0,1,A
2005-Q4,FRA,UNE_LF_M,PT_LF_SUB,_Z,Y,_T,Y_GE15,_Z,Q,9.1,0,1,A
2006-Q1,FRA,UNE_LF_M,PT_LF_SUB,_Z,Y,_T,Y_GE15,_Z,Q,9.166667,0,1,A
2006-Q2,FRA,UNE_LF_M,PT_LF_SUB,_Z,Y,_T,Y_GE15,_Z,Q,8.933333,0,1,A
2006-Q4,FRA,UNE_LF_M,PT_LF_SUB,_Z,Y,_T,Y_GE15,_Z,Q,8.366667,0,1,A
2007-Q1,FRA,UNE_LF_M,PT_LF_SUB,_Z,Y,_T,Y_GE15,_Z,Q,8.466666,0,1,A
2007-Q3,FRA,UNE_LF_M,PT_LF_SUB,_Z,Y,_T,Y_GE15,_Z,Q,8,0,1,A
2007-Q4,FRA,UNE_LF_M,PT_LF_SUB,_Z,Y,_T,Y_GE15,_Z,Q,7.5,0,1,A
2008-Q1,FRA,UNE_LF_M,PT_LF_SUB,_Z,Y,_T,Y_GE15,_Z,Q,7.1,0,1,A
2008-Q2,FRA,UNE_LF_M,PT_LF_SUB,_Z,Y,_T,Y_GE15,_Z,Q,7.333333,0,1,A
2008-Q3,FRA,UNE_LF_M,PT_LF_SUB,_Z,Y,_T,Y_GE15,_Z,Q,7.5,0,1,A
2008-Q4,FRA,UNE_LF_M,PT_LF_SUB,_Z,Y,_T,Y_GE15,_Z,Q,7.8,0,1,A
2009-Q1,FRA,UNE_LF_M,PT_LF_SUB,_Z,Y,_T,Y_GE15,_Z,Q,8.6,0,1,A
2009-Q2,FRA,UNE_LF_M,PT_LF_SUB,_Z,Y,_T,Y_GE15,_Z,Q,9.166667,0,1,A
2009-Q3,FRA,UNE_LF_M,PT_LF_SUB,_Z,Y,_T,Y_GE15,_Z,Q,9.2,0,1,A
2009-Q4,FRA,UNE_LF_M,PT_LF_SUB,_Z,Y,_T,Y_GE15,_Z,Q,9.533334,0,1,A
2010-Q1,FRA,UNE_LF_M,PT_LF_SUB,_Z,Y,_T,Y_GE15,_Z,Q,9.4,0,1,A
2010-Q2,FRA,UNE_LF_M,PT_LF_SUB,_Z,Y,_T,Y_GE15,_Z,Q,9.266666,0,1,A
2010-Q4,FRA,UNE_LF_M,PT_LF_SUB,_Z,Y,_T,Y_GE15,_Z,Q,9.2,0,1,A
2011-Q1,FRA,UNE_LF_M,PT_LF_SUB,_Z,Y,_T,Y_GE15,_Z,Q,9.166667,0,1,A
2011-Q2,FRA,UNE_LF_M,PT_LF_SUB,_Z,Y,_T,Y_GE15,_Z,Q,9.133333,0,1,A
2011-Q3,FRA,UNE_LF_M,PT_LF_SUB,_Z,Y,_T,Y_GE15,_Z,Q,9.2,0,1,A
2012-Q1,FRA,UNE_LF_M,PT_LF_SUB,_Z,Y,_T,Y_GE15,_Z,Q,9.5,0,1,A
2012-Q3,FRA,UNE_LF_M,PT_LF_SUB,_Z,Y,_T,Y_GE15,_Z,Q,9.733334,0,1,A
2013-Q1,FRA,UNE_LF_M,PT_LF_SUB,_Z,Y,_T,Y_GE15,_Z,Q,10.4,0,1,A
2013-Q2,FRA,UNE_LF_M,PT_LF_SUB,_Z,Y,_T,Y_GE15,_Z,Q,10.43333,0,1,A
2013-Q3,FRA,UNE_LF_M,PT_LF_SUB,_Z,Y,_T,Y_GE15,_Z,Q,10.23333,0,1,A
2013-Q4,FRA,UNE_LF_M,PT_LF_SUB,_Z,Y,_T,Y_GE15,_Z,Q,10.16667,0,1,A
2014-Q1,FRA,UNE_LF_M,PT_LF_SUB,_Z,Y,_T,Y_GE15,_Z,Q,10.2,0,1,A
2014-Q2,FRA,UNE_LF_M,PT_LF_SUB,_Z,Y,_T,Y_GE15,_Z,Q,10.13333,0,1,A
2014-Q4,FRA,UNE_LF_M,PT_LF_SUB,_Z,Y,_T,Y_GE15,_Z,Q,10.46667,0,1,A
2015-Q1,FRA,UNE_LF_M,PT_LF_SUB,_Z,Y,_T,Y_GE15,_Z,Q,10.36667,0,1,A
2015-Q2,FRA,UNE_LF_M,PT_LF_SUB,_Z,Y,_T,Y_GE15,_Z,Q,10.43333,0,1,A
2015-Q3,FRA,UNE_LF_M,PT_LF_SUB,_Z,Y,_T,Y_GE15,_Z,Q,10.3,0,1,A
2015-Q4,FRA,UNE_LF_M,PT_LF_SUB,_Z,Y,_T,Y_GE15,_Z,Q,10.26667,0,1,A
2016-Q1,FRA,UNE_LF_M,PT_LF_SUB,_Z,Y,_T,Y_GE15,_Z,Q,10.3,0,1,A
2016-Q3,FRA,UNE_LF_M,PT_LF_SUB,_Z,Y,_T,Y_GE15,_Z,Q,9.866667,0,1,A
2016-Q4,FRA,UNE_LF_M,PT_LF_SUB,_Z,Y,_T,Y_GE15,_Z,Q,10.06667,0,1,A
2017-Q1,FRA,UNE_LF_M,PT_LF_SUB,_Z,Y,_T,Y_GE15,_Z,Q,9.633333,0,1,A
2017-Q2,FRA,UNE_LF_M,PT_LF_SUB,_Z,Y,_T,Y_GE15,_Z,Q,9.5,0,1,A
2017-Q3,FRA,UNE_LF_M,PT_LF_SUB,_Z,Y,_T,Y_GE15,_Z,Q,9.466666,0,1,A
2017-Q4,FRA,UNE_LF_M,PT_LF_SUB,_Z,Y,_T,Y_GE15,_Z,Q,9.033334,0,1,A
2018-Q1,FRA,UNE_LF_M,PT_LF_SUB,_Z,Y,_T,Y_GE15,_Z,Q,9.266666,0,1,A
2018-Q2,FRA,UNE_LF_M,PT_LF_SUB,_Z,Y,_T,Y_GE15,_Z,Q,9.1,0,1,A
2018-Q3,FRA,UNE_LF_M,PT_LF_SUB,_Z,Y,_T,Y_GE15,_Z,Q,8.933333,0,1,A
2019-Q1,FRA,UNE_LF_M,PT_LF_SUB,_Z,Y,_T,Y_GE15,_Z,Q,8.733334,0,1,A
2019-Q2,FRA,UNE_LF_M,PT_LF_SUB,_Z,Y,_T,Y_GE15,_Z,Q,8.5,0,1,A
2019-Q3,FRA,UNE_LF_M,PT_LF_SUB,_Z,Y,_T,Y_GE15,_Z,Q,8.3,0,1,A
2019-Q4,FRA,UNE_LF_M,PT_LF_SUB,_Z,Y,_T,Y_GE15,_Z,Q,8.2,0,1,A
2020-Q1,FRA,UNE_LF_M,PT_LF_SUB,_Z,Y,_T,Y_GE15,_Z,Q,7.866667,0,1,A
2020-Q3,FRA,UNE_LF_M,PT_LF_SUB,_Z,Y,_T,Y_GE15,_Z,Q,8.866667,0,1,A
2021-Q1,FRA,UNE_LF_M,PT_LF_SUB,_Z,Y,_T,Y_GE15,_Z,Q,8.166667,0,1,A
2021-Q2,FRA,UNE_LF_M,PT_LF_SUB,_Z,Y,_T,Y_GE15,_Z,Q,8.033334,0,1,A
2022-Q3,FRA,UNE_LF_M,PT_LF_SUB,_Z,Y,_T,Y_GE15,_Z,Q,7.2,0,1,A
2023-Q1,FRA,UNE_LF_M,PT_LF_SUB,_Z,Y,_T,Y_GE15,_Z,Q,7.1,0,1,A
2023-Q2,FRA,UNE_LF_M,PT_LF_SUB,_Z,Y,_T,Y_GE15,_Z,Q,7.3,0,1,A
2023-Q3,FRA,UNE_LF_M,PT_LF_SUB,_Z,Y,_T,Y_GE15,_Z,Q,7.4,0,1,A
2025-Q2,FRA,UNE_LF_M,PT_LF_SUB,_Z,Y,_T,Y_GE15,_Z,Q,7.566667,0,1,A
1990-Q1,KOR,UNE_LF_M,PT_LF_SUB,_Z,Y,_T,Y_GE15,_Z,Q,2.433333,0,1,A
1990-Q2,KOR,UNE_LF_M,PT_LF_SUB,_Z,Y,_T,Y_GE15,_Z,Q,2.3,0,1,A
1990-Q3,KOR,UNE_LF_M,PT_LF_SUB,_Z,Y,_T,Y_GE15,_Z,Q,2.533333,0,1,A
1991-Q1,KOR,UNE_LF_M,PT_LF_SUB,_Z,Y,_T,Y_GE15,_Z,Q,2.5,0,1,A
1991-Q2,KOR,UNE_LF_M,PT_LF_SUB,_Z,Y,_T,Y_GE15,_Z,Q,2.3,0,1,A
1991-Q3,KOR,UNE_LF_M,PT_LF_SUB,_Z,Y,_T,Y_GE15,_Z,Q,2.4,0,1,A
1991-Q4,KOR,UNE_LF_M,PT_LF_SUB,_Z,Y,_T,Y_GE15,_Z,Q,2.466667,0,1,A
1992-Q1,KOR,UNE_LF_M,PT_LF_SUB,_Z,Y,_T,Y_GE15,_Z,Q,2.4,0,1,A
1992-Q2,KOR,UNE_LF_M,PT_LF_SUB,_Z,Y,_T,Y_GE15,_Z,Q,2.433333,0,1,A
1992-Q3,KOR,UNE_LF_M,PT_LF_SUB,_Z,Y,_T,Y_GE15,_Z,Q,2.566667,0,1,A
1992-Q4,KOR,UNE_LF_M,PT_LF_SUB,_Z,Y,_T,Y_GE15,_Z,Q,2.6,0,1,A
1993-Q1,KOR,UNE_LF_M,PT_LF_SUB,_Z,Y,_T,Y_GE15,_Z,Q,2.833333,0,1,A
1993-Q2,KOR,UNE_LF_M,PT_LF_SUB,_Z,Y,_T,Y_GE15,_Z,Q,3,0,1,A
1993-Q3,KOR,UNE_LF_M,PT_LF_SUB,_Z,Y,_T,Y_GE15,_Z,Q,2.9,0,1,A
1993-Q4,KOR,UNE_LF_M,PT_LF_SUB,_Z,Y,_T,Y_GE15,_Z,Q,2.833333,0,1,A
1994-Q1,KOR,UNE_LF_M,PT_LF_SUB,_Z,Y,_T,Y_GE15,_Z,Q,2.7,0,1,A
1994-Q2,KOR,UNE_LF_M,PT_LF_SUB,_Z,Y,_T,Y_GE15,_Z,Q,2.533333,0,1,A
1994-Q3,KOR,UNE_LF_M,PT_LF_SUB,_Z,Y,_T,Y_GE15,_Z,Q,2.433333,0,1,A
1994-Q4,KOR,UNE_LF_M,PT_LF_SUB,_Z,Y,_T,Y_GE15,_Z,Q,2.233333,0,1,A
1995-Q1,KOR,UNE_LF_M,PT_LF_SUB,_Z,Y,_T,Y_GE15,_Z,Q,2.133333,0,1,A
1995-Q2,KOR,UNE_LF_M,PT_LF_SUB,_Z,Y,_T,Y_GE15,_Z,Q,2.033333,0,1,A
1995-Q3,KOR,UNE_LF_M,PT_LF_SUB,_Z,Y,_T,Y_GE15,_Z,Q,2.1,0,1,A
1995-Q4,KOR,UNE_LF_M,PT_LF_SUB,_Z,Y,_T,Y_GE15,_Z,Q,2.033333,0,1,A
1996-Q1,KOR,UNE_LF_M,PT_LF_SUB,_Z,Y,_T,Y_GE15,_Z,Q,1.933333,0,1,A
1996-Q2,KOR,UNE_LF_M,PT_LF_SUB,_Z,Y,_T,Y_GE15,_Z,Q,2.033333,0,1,A
1996-Q3,KOR,UNE_LF_M,PT_LF_SUB,_Z,Y,_T,Y_GE15,_Z,Q,2.033333,0,1,A
1996-Q4,KOR,UNE_LF_M,PT_LF_SUB,_Z,Y,_T,Y_GE15,_Z,Q,2.2,0,1,A
1997-Q1,KOR,UNE_LF_M,PT_LF_SUB,_Z,Y,_T,Y_GE15,_Z,Q,2.666667,0,1,A
1997-Q2,KOR,UNE_LF_M,PT_LF_SUB,_Z,Y,_T,Y_GE15,_Z,Q,2.566667,0,1,A
1997-Q3,KOR,UNE_LF_M,PT_LF_SUB,_Z,Y,_T,Y_GE15,_Z,Q,2.433333,0,1,A
1997-Q4,KOR,UNE_LF_M,PT_LF_SUB,_Z,Y,_T,Y_GE15,_Z,Q,2.8,0,1,A
1998-Q1,KOR,UNE_LF_M,PT_LF_SUB,_Z,Y,_T,Y_GE15,_Z,Q,4.966667,0,1,A
1998-Q2,KOR,UNE_LF_M,PT_LF_SUB,_Z,Y,_T,Y_GE15,_Z,Q,7.033333,0,1,A
1998-Q3,KOR,UNE_LF_M,PT_LF_SUB,_Z,Y,_T,Y_GE15,_Z,Q,8.133333,0,1,A
1998-Q4,KOR,UNE_LF_M,PT_LF_SUB,_Z,Y,_T,Y_GE15,_Z,Q,7.966667,0,1,A
1999-Q1,KOR,UNE_LF_M,PT_LF_SUB,_Z,Y,_T,Y_GE15,_Z,Q,7.4,0,1,A
1999-Q3,KOR,UNE_LF_M,PT_LF_SUB,_Z,Y,_T,Y_GE15,_Z,Q,6.4,0,1,A
1999-Q4,KOR,UNE_LF_M,PT_LF_SUB,_Z,Y,_T,Y_GE15,_Z,Q,5.266667,0,1,A
2000-Q1,KOR,UNE_LF_M,PT_LF_SUB,_Z,Y,_T,Y_GE15,_Z,Q,4.766667,0,1,A
2000-Q2,KOR,UNE_LF_M,PT_LF_SUB,_Z,Y,_T,Y_GE15,_Z,Q,4.366667,0,1,A
2000-Q3,KOR,UNE_LF_M,PT_LF_SUB,_Z,Y,_T,Y_GE15,_Z,Q,4.266667,0,1,A
2000-Q4,KOR,UNE_LF_M,PT_LF_SUB,_Z,Y,_T,Y_GE15,_Z,Q,4.2,0,1,A
2001-Q1,KOR,UNE_LF_M,PT_LF_SUB,_Z,Y,_T,Y_GE15,_Z,Q,4.566667,0,1,A
2001-Q2,KOR,UNE_LF_M,PT_LF_SUB,_Z,Y,_T,Y_GE15,_Z,Q,3.933333,0,1,A
2001-Q3,KOR,UNE_LF_M,PT_LF_SUB,_Z,Y,_T,Y_GE15,_Z,Q,3.733333,0,1,A
2001-Q4,KOR,UNE_LF_M,PT_LF_SUB,_Z,Y,_T,Y_GE15,_Z,Q,3.633333,0,1,A
2002-Q1,KOR,UNE_LF_M,PT_LF_SUB,_Z,Y,_T,Y_GE15,_Z,Q,3.5,0,1,A
2002-Q2,KOR,UNE_LF_M,PT_LF_SUB,_Z,Y,_T,Y_GE15,_Z,Q,3.266667,0,1,A
2002-Q3,KOR,UNE_LF_M,PT_LF_SUB,_Z,Y,_T,Y_GE15,_Z,Q,3.133333,0,1,A
2002-Q4,KOR,UNE_LF_M,PT_LF_SUB,_Z,Y,_T,Y_GE15,_Z,Q,3.1,0,1,A
2003-Q1,KOR,UNE_LF_M,PT_LF_SUB,_Z,Y,_T,Y_GE15,_Z,Q,3.333333,0,1,A
2003-Q2,KOR,UNE_LF_M,PT_LF_SUB,_Z,Y,_T,Y_GE15,_Z,Q,3.533333,0,1,A
2003-Q3,KOR,UNE_LF_M,PT_LF_SUB,_Z,Y,_T,Y_GE15,_Z,Q,3.633333,0,1,A
2003-Q4,KOR,UNE_LF_M,PT_LF_SUB,_Z,Y,_T,Y_GE15,_Z,Q,3.766667,0,1,A
2004-Q1,KOR,UNE_LF_M,PT_LF_SUB,_Z,Y,_T,Y_GE15,_Z,Q,3.6,0,1,A
2004-Q2,KOR,UNE_LF_M,PT_LF_SUB,_Z,Y,_T,Y_GE15,_Z,Q,3.6,0,1,A
2004-Q3,KOR,UNE_LF_M,PT_LF_SUB,_Z,Y,_T,Y_GE15,_Z,Q,3.666667,0,1,A
2004-Q4,KOR,UNE_LF_M,PT_LF_SUB,_Z,Y,_T,Y_GE15,_Z,Q,3.733333,0,1,A
2005-Q1,KOR,UNE_LF_M,PT_LF_SUB,_Z,Y,_T,Y_GE15,_Z,Q,3.766667,0,1,A
2005-Q2,KOR,UNE_LF_M,PT_LF_SUB,_Z,Y,_T,Y_GE15,_Z,Q,3.733333,0,1,A
2005-Q3,KOR,UNE_LF_M,PT_LF_SUB,_Z,Y,_T,Y_GE15,_Z,Q,3.733333,0,1,A
2005-Q4,KOR,UNE_LF_M,PT_LF_SUB,_Z,Y,_T,Y_GE15,_Z,Q,3.666667,0,1,A
2006-Q1,KOR,UNE_LF_M,PT_LF_SUB,_Z,Y,_T,Y_GE15,_Z,Q,3.533333,0,1,A
2006-Q2,KOR,UNE_LF_M,PT_LF_SUB,_Z,Y,_T,Y_GE15,_Z,Q,3.466667,0,1,A
2006-Q3,KOR,UNE_LF_M,PT_LF_SUB,_Z,Y,_T,Y_GE15,_Z,Q,3.5,0,1,A
2006-Q4,KOR,UNE_LF_M,PT_LF_SUB,_Z,Y,_T,Y_GE15,_Z,Q,3.5,0,1,A
2007-Q1,KOR,UNE_LF_M,PT_LF_SUB,_Z,Y,_T,Y_GE15,_Z,Q,3.266667,0,1,A
2007-Q2,KOR,UNE_LF_M,PT_LF_SUB,_Z,Y,_T,Y_GE15,_Z,Q,3.266667,0,1,A
2007-Q3,KOR,UNE_LF_M,PT_LF_SUB,_Z,Y,_T,Y_GE15,_Z,Q,3.233333,0,1,A
2007-Q4,KOR,UNE_LF_M,PT_LF_SUB,_Z,Y,_T,Y_GE15,_Z,Q,3.2,0,1,A
2008-Q1,KOR,UNE_LF_M,PT_LF_SUB,_Z,Y,_T,Y_GE15,_Z,Q,3,0,1,A
2008-Q2,KOR,UNE_LF_M,PT_LF_SUB,_Z,Y,_T,Y_GE15,_Z,Q,3.133333,0,1,A
2008-Q3,KOR,UNE_LF_M,PT_LF_SUB,_Z,Y,_T,Y_GE15,_Z,Q,3.2,0,1,A
2008-Q4,KOR,UNE_LF_M,PT_LF_SUB,_Z,Y,_T,Y_GE15,_Z,Q,3.366667,0,1,A
2009-Q1,KOR,UNE_LF_M,PT_LF_SUB,_Z,Y,_T,Y_GE15,_Z,Q,3.366667,0,1,A
2009-Q2,KOR,UNE_LF_M,PT_LF_SUB,_Z,Y,_T,Y_GE15,_Z,Q,3.833333,0,1,A
2009-Q3,KOR,UNE_LF_M,PT_LF_SUB,_Z,Y,_T,Y_GE15,_Z,Q,3.766667,0,1,A
2009-Q4,KOR,UNE_LF_M,PT_LF_SUB,_Z,Y,_T,Y_GE15,_Z,Q,3.633333,0,1,A
2010-Q1,KOR,UNE_LF_M,PT_LF_SUB,_Z,Y,_T,Y_GE15,_Z,Q,4.1,0,1,A
2010-Q2,KOR,UNE_LF_M,PT_LF_SUB,_Z,Y,_T,Y_GE15,_Z,Q,3.466667,0,1,A
2010-Q3,KOR,UNE_LF_M,PT_LF_SUB,_Z,Y,_T,Y_GE15,_Z,Q,3.666667,0,1,A
2010-Q4,KOR,UNE_LF_M,PT_LF_SUB,_Z,Y,_T,Y_GE15,_Z,Q,3.566667,0,1,A
2011-Q1,KOR,UNE_LF_M,PT_LF_SUB,_Z,Y,_T,Y_GE15,_Z,Q,3.633333,0,1,A
2011-Q2,KOR,UNE_LF_M,PT_LF_SUB,_Z,Y,_T,Y_GE15,_Z,Q,3.366667,0,1,A
2011-Q3,KOR,UNE_LF_M,PT_LF_SUB,_Z,Y,_T,Y_GE15,_Z,Q,3.3,0,1,A
2011-Q4,KOR,UNE_LF_M,PT_LF_SUB,_Z,Y,_T,Y_GE15,_Z,Q,3.266667,0,1,A
2012-Q1,KOR,UNE_LF_M,PT_LF_SUB,_Z,Y,_T,Y_GE15,_Z,Q,3.3,0,1,A
2012-Q2,KOR,UNE_LF_M,PT_LF_SUB,_Z,Y,_T,Y_GE15,_Z,Q,3.233333,0,1,A
2012-Q3,KOR,UNE_LF_M,PT_LF_SUB,_Z,Y,_T,Y_GE15,_Z,Q,3.2,0,1,A
2012-Q4,KOR,UNE_LF_M,PT_LF_SUB,_Z,Y,_T,Y_GE15,_Z,Q,3.166667,0,1,A
2013-Q1,KOR,UNE_LF_M,PT_LF_SUB,_Z,Y,_T,Y_GE15,_Z,Q,3.1,0,1,A
2013-Q2,KOR,UNE_LF_M,PT_LF_SUB,_Z,Y,_T,Y_GE15,_Z,Q,3.066667,0,1,A
2013-Q3,KOR,UNE_LF_M,PT_LF_SUB,_Z,Y,_T,Y_GE15,_Z,Q,3.133333,0,1,A
2013-Q4,KOR,UNE_LF_M,PT_LF_SUB,_Z,Y,_T,Y_GE15,_Z,Q,3.166667,0,1,A
2014-Q1,KOR,UNE_LF_M,PT_LF_SUB,_Z,Y,_T,Y_GE15,_Z,Q,3.4,0,1,A
2014-Q2,KOR,UNE_LF_M,PT_LF_SUB,_Z,Y,_T,Y_GE15,_Z,Q,3.533333,0,1,A
2014-Q3,KOR,UNE_LF_M,PT_LF_SUB,_Z,Y,_T,Y_GE15,_Z,Q,3.5,0,1,A
2014-Q4,KOR,UNE_LF_M,PT_LF_SUB,_Z,Y,_T,Y_GE15,_Z,Q,3.633333,0,1,A
2015-Q1,KOR,UNE_LF_M,PT_LF_SUB,_Z,Y,_T,Y_GE15,_Z,Q,3.533333,0,1,A
2015-Q2,KOR,UNE_LF_M,PT_LF_SUB,_Z,Y,_T,Y_GE15,_Z,Q,3.666667,0,1,A
2015-Q3,KOR,UNE_LF_M,PT_LF_SUB,_Z,Y,_T,Y_GE15,_Z,Q,3.633333,0,1,A
2015-Q4,KOR,UNE_LF_M,PT_LF_SUB,_Z,Y,_T,Y_GE15,_Z,Q,3.533333,0,1,A
2016-Q1,KOR,UNE_LF_M,PT_LF_SUB,_Z,Y,_T,Y_GE15,_Z,Q,3.7,0,1,A
2016-Q2,KOR,UNE_LF_M,PT_LF_SUB,_Z,Y,_T,Y_GE15,_Z,Q,3.566667,0,1,A
2016-Q3,KOR,UNE_LF_M,PT_LF_SUB,_Z,Y,_T,Y_GE15,_Z,Q,3.8,0,1,A
2016-Q4,KOR,UNE_LF_M,PT_LF_SUB,_Z,Y,_T,Y_GE15,_Z,Q,3.666667,0,1,A
2017-Q1,KOR,UNE_LF_M,PT_LF_SUB,_Z,Y,_T,Y_GE15,_Z,Q,3.666667,0,1,A
2017-Q2,KOR,UNE_LF_M,PT_LF_SUB,_Z,Y,_T,Y_GE15,_Z,Q,3.666667,0,1,A
2017-Q3,KOR,UNE_LF_M,PT_LF_SUB,_Z,Y,_T,Y_GE15,_Z,Q,3.766667,0,1,A
2017-Q4,KOR,UNE_LF_M,PT_LF_SUB,_Z,Y,_T,Y_GE15,_Z,Q,3.666667,0,1,A
2018-Q1,KOR,UNE_LF_M,PT_LF_SUB,_Z,Y,_T,Y_GE15,_Z,Q,3.7,0,1,A
2018-Q2,KOR,UNE_LF_M,PT_LF_SUB,_Z,Y,_T,Y_GE15,_Z,Q,3.733333,0,1,A
2018-Q3,KOR,UNE_LF_M,PT_LF_SUB,_Z,Y,_T,Y_GE15,_Z,Q,4.166667,0,1,A
2018-Q4,KOR,UNE_LF_M,PT_LF_SUB,_Z,Y,_T,Y_GE15,_Z,Q,3.866667,0,1,A
2019-Q1,KOR,UNE_LF_M,PT_LF_SUB,_Z,Y,_T,Y_GE15,_Z,Q,3.833333,0,1,A
2019-Q2,KOR,UNE_LF_M,PT_LF_SUB,_Z,Y,_T,Y_GE15,_Z,Q,3.9,0,1,A
2019-Q3,KOR,UNE_LF_M,PT_LF_SUB,_Z,Y,_T,Y_GE15,_Z,Q,3.733333,0,1,A
2019-Q4,KOR,UNE_LF_M,PT_LF_SUB,_Z,Y,_T,Y_GE15,_Z,Q,3.566667,0,1,A
2020-Q1,KOR,UNE_LF_M,PT_LF_SUB,_Z,Y,_T,Y_GE15,_Z,Q,3.566667,0,1,A
2020-Q2,KOR,UNE_LF_M,PT_LF_SUB,_Z,Y,_T,Y_GE15,_Z,Q,4.133333,0,1,A
2020-Q3,KOR,UNE_LF_M,PT_LF_SUB,_Z,Y,_T,Y_GE15,_Z,Q,4.1,0,1,A
2020-Q4,KOR,UNE_LF_M,PT_LF_SUB,_Z,Y,_T,Y_GE15,_Z,Q,4.166667,0,1,A
2021-Q1,KOR,UNE_LF_M,PT_LF_SUB,_Z,Y,_T,Y_GE15,_Z,Q,4.233333,0,1,A
2021-Q2,KOR,UNE_LF_M,PT_LF_SUB,_Z,Y,_T,Y_GE15,_Z,Q,3.766667,0,1,A
2021-Q3,KOR,UNE_LF_M,PT_LF_SUB,_Z,Y,_T,Y_GE15,_Z,Q,3.266667,0,1,A
2021-Q4,KOR,UNE_LF_M,PT_LF_SUB,_Z,Y,_T,Y_GE15,_Z,Q,3.2,0,1,A
2022-Q1,KOR,UNE_LF_M,PT_LF_SUB,_Z,Y,_T,Y_GE15,_Z,Q,2.966667,0,1,A
2022-Q2,KOR,UNE_LF_M,PT_LF_SUB,_Z,Y,_T,Y_GE15,_Z,Q,2.866667,0,1,A
2022-Q3,KOR,UNE_LF_M,PT_LF_SUB,_Z,Y,_T,Y_GE15,_Z,Q,2.9,0,1,A
2022-Q4,KOR,UNE_LF_M,PT_LF_SUB,_Z,Y,_T,Y_GE15,_Z,Q,2.8,0,1,A
2023-Q1,KOR,UNE_LF_M,PT_LF_SUB,_Z,Y,_T,Y_GE15,_Z,Q,2.7,0,1,A
2023-Q2,KOR,UNE_LF_M,PT_LF_SUB,_Z,Y,_T,Y_GE15,_Z,Q,2.566667,0,1,A
2023-Q3,KOR,UNE_LF_M,PT_LF_SUB,_Z,Y,_T,Y_GE15,_Z,Q,2.8,0,1,A
2023-Q4,KOR,UNE_LF_M,PT_LF_SUB,_Z,Y,_T,Y_GE15,_Z,Q,2.733333,0,1,A
2024-Q1,KOR,UNE_LF_M,PT_LF_SUB,_Z,Y,_T,Y_GE15,_Z,Q,2.766667,0,1,A
2024-Q2,KOR,UNE_LF_M,PT_LF_SUB,_Z,Y,_T,Y_GE15,_Z,Q,2.8,0,1,A
2024-Q3,KOR,UNE_LF_M,PT_LF_SUB,_Z,Y,_T,Y_GE15,_Z,Q,2.633333,0,1,A
2024-Q4,KOR,UNE_LF_M,PT_LF_SUB,_Z,Y,_T,Y_GE15,_Z,Q,2.9,0,1,A
2025-Q1,KOR,UNE_LF_M,PT_LF_SUB,_Z,Y,_T,Y_GE15,_Z,Q,2.8,0,1,A
2025-Q2,KOR,UNE_LF_M,PT_LF_SUB,_Z,Y,_T,Y_GE15,_Z,Q,2.7,0,1,A
2025-Q3,KOR,UNE_LF_M,PT_LF_SUB,_Z,Y,_T,Y_GE15,_Z,Q,2.733333,0,1,A
2025-Q4,KOR,UNE_LF_M,PT_LF_SUB,_Z,Y,_T,Y_GE15,_Z,Q,2.933333,0,1,A
1989-Q1,NOR,UNE_LF_M,PT_LF_SUB,_Z,Y,_T,Y_GE15,_Z,Q,4.933333,0,1,A
1989-Q2,NOR,UNE_LF_M,PT_LF_SUB,_Z,Y,_T,Y_GE15,_Z,Q,5.266667,0,1,A
1989-Q3,NOR,UNE_LF_M,PT_LF_SUB,_Z,Y,_T,Y_GE15,_Z,Q,5.5,0,1,A
1989-Q4,NOR,UNE_LF_M,PT_LF_SUB,_Z,Y,_T,Y_GE15,_Z,Q,5.866667,0,1,A
1990-Q1,NOR,UNE_LF_M,PT_LF_SUB,_Z,Y,_T,Y_GE15,_Z,Q,5.9,0,1,A
1990-Q2,NOR,UNE_LF_M,PT_LF_SUB,_Z,Y,_T,Y_GE15,_Z,Q,5.733333,0,1,A
1990-Q3,NOR,UNE_LF_M,PT_LF_SUB,_Z,Y,_T,Y_GE15,_Z,Q,5.733333,0,1,A
1990-Q4,NOR,UNE_LF_M,PT_LF_SUB,_Z,Y,_T,Y_GE15,_Z,Q,5.766667,0,1,A
1991-Q1,NOR,UNE_LF_M,PT_LF_SUB,_Z,Y,_T,Y_GE15,_Z,Q,5.833333,0,1,A
1991-Q2,NOR,UNE_LF_M,PT_LF_SUB,_Z,Y,_T,Y_GE15,_Z,Q,5.8,0,1,A
1991-Q3,NOR,UNE_LF_M,PT_LF_SUB,_Z,Y,_T,Y_GE15,_Z,Q,6,0,1,A
1991-Q4,NOR,UNE_LF_M,PT_LF_SUB,_Z,Y,_T,Y_GE15,_Z,Q,6.466667,0,1,A
1992-Q1,NOR,UNE_LF_M,PT_LF_SUB,_Z,Y,_T,Y_GE15,_Z,Q,6.4,0,1,A
1992-Q2,NOR,UNE_LF_M,PT_LF_SUB,_Z,Y,_T,Y_GE15,_Z,Q,6.533333,0,1,A
1992-Q3,NOR,UNE_LF_M,PT_LF_SUB,_Z,Y,_T,Y_GE15,_Z,Q,6.566667,0,1,A
1992-Q4,NOR,UNE_LF_M,PT_LF_SUB,_Z,Y,_T,Y_GE15,_Z,Q,6.666667,0,1,A
1993-Q1,NOR,UNE_LF_M,PT_LF_SUB,_Z,Y,_T,Y_GE15,_Z,Q,6.666667,0,1,A
1993-Q2,NOR,UNE_LF_M,PT_LF_SUB,_Z,Y,_T,Y_GE15,_Z,Q,6.666667,0,1,A
1993-Q3,NOR,UNE_LF_M,PT_LF_SUB,_Z,Y,_T,Y_GE15,_Z,Q,6.733333,0,1,A
1993-Q4,NOR,UNE_LF_M,PT_LF_SUB,_Z,Y,_T,Y_GE15,_Z,Q,6.366667,0,1,A
1994-Q1,NOR,UNE_LF_M,PT_LF_SUB,_Z,Y,_T,Y_GE15,_Z,Q,6,0,1,A
1994-Q2,NOR,UNE_LF_M,PT_LF_SUB,_Z,Y,_T,Y_GE15,_Z,Q,6.133333,0,1,A
1994-Q3,NOR,UNE_LF_M,PT_LF_SUB,_Z,Y,_T,Y_GE15,_Z,Q,5.9,0,1,A
1994-Q4,NOR,UNE_LF_M,PT_LF_SUB,_Z,Y,_T,Y_GE15,_Z,Q,5.966667,0,1,A
1995-Q1,NOR,UNE_LF_M,PT_LF_SUB,_Z,Y,_T,Y_GE15,_Z,Q,5.933333,0,1,A
1995-Q2,NOR,UNE_LF_M,PT_LF_SUB,_Z,Y,_T,Y_GE15,_Z,Q,5.533333,0,1,A
1995-Q3,NOR,UNE_LF_M,PT_LF_SUB,_Z,Y,_T,Y_GE15,_Z,Q,5.266667,0,1,A
1996-Q1,NOR,UNE_LF_M,PT_LF_SUB,_Z,Y,_T,Y_GE15,_Z,Q,4.933333,0,1,A
1996-Q2,NOR,UNE_LF_M,PT_LF_SUB,_Z,Y,_T,Y_GE15,_Z,Q,4.833333,0,1,A
1996-Q3,NOR,UNE_LF_M,PT_LF_SUB,_Z,Y,_T,Y_GE15,_Z,Q,4.733333,0,1,A
1996-Q4,NOR,UNE_LF_M,PT_LF_SUB,_Z,Y,_T,Y_GE15,_Z,Q,4.6,0,1,A
1997-Q2,NOR,UNE_LF_M,PT_LF_SUB,_Z,Y,_T,Y_GE15,_Z,Q,4.133333,0,1,A
1997-Q3,NOR,UNE_LF_M,PT_LF_SUB,_Z,Y,_T,Y_GE15,_Z,Q,3.833333,0,1,A
1997-Q4,NOR,UNE_LF_M,PT_LF_SUB,_Z,Y,_T,Y_GE15,_Z,Q,3.466667,0,1,A
1998-Q1,NOR,UNE_LF_M,PT_LF_SUB,_Z,Y,_T,Y_GE15,_Z,Q,3.266667,0,1,A
1998-Q2,NOR,UNE_LF_M,PT_LF_SUB,_Z,Y,_T,Y_GE15,_Z,Q,3.333333,0,1,A
1998-Q3,NOR,UNE_LF_M,PT_LF_SUB,_Z,Y,_T,Y_GE15,_Z,Q,3,0,1,A
1998-Q4,NOR,UNE_LF_M,PT_LF_SUB,_Z,Y,_T,Y_GE15,_Z,Q,2.8,0,1,A
1999-Q1,NOR,UNE_LF_M,PT_LF_SUB,_Z,Y,_T,Y_GE15,_Z,Q,2.766667,0,1,A
1999-Q2,NOR,UNE_LF_M,PT_LF_SUB,_Z,Y,_T,Y_GE15,_Z,Q,2.866667,0,1,A
1999-Q3,NOR,UNE_LF_M,PT_LF_SUB,_Z,Y,_T,Y_GE15,_Z,Q,3.133333,0,1,A
1999-Q4,NOR,UNE_LF_M,PT_LF_SUB,_Z,Y,_T,Y_GE15,_Z,Q,3.4,0,1,A
2000-Q1,NOR,UNE_LF_M,PT_LF_SUB,_Z,Y,_T,Y_GE15,_Z,Q,3.366667,0,1,A
2000-Q2,NOR,UNE_LF_M,PT_LF_SUB,_Z,Y,_T,Y_GE15,_Z,Q,3.066667,0,1,A
2000-Q3,NOR,UNE_LF_M,PT_LF_SUB,_Z,Y,_T,Y_GE15,_Z,Q,3.233333,0,1,A
2000-Q4,NOR,UNE_LF_M,PT_LF_SUB,_Z,Y,_T,Y_GE15,_Z,Q,3.3,0,1,A
2001-Q1,NOR,UNE_LF_M,PT_LF_SUB,_Z,Y,_T,Y_GE15,_Z,Q,3.333333,0,1,A
2001-Q2,NOR,UNE_LF_M,PT_LF_SUB,_Z,Y,_T,Y_GE15,_Z,Q,3.266667,0,1,A
2001-Q3,NOR,UNE_LF_M,PT_LF_SUB,_Z,Y,_T,Y_GE15,_Z,Q,3.466667,0,1,A
2001-Q4,NOR,UNE_LF_M,PT_LF_SUB,_Z,Y,_T,Y_GE15,_Z,Q,3.633333,0,1,A
2002-Q1,NOR,UNE_LF_M,PT_LF_SUB,_Z,Y,_T,Y_GE15,_Z,Q,3.7,0,1,A
2002-Q2,NOR,UNE_LF_M,PT_LF_SUB,_Z,Y,_T,Y_GE15,_Z,Q,3.666667,0,1,A
2002-Q3,NOR,UNE_LF_M,PT_LF_SUB,_Z,Y,_T,Y_GE15,_Z,Q,3.566667,0,1,A
2002-Q4,NOR,UNE_LF_M,PT_LF_SUB,_Z,Y,_T,Y_GE15,_Z,Q,3.8,0,1,A
2003-Q1,NOR,UNE_LF_M,PT_LF_SUB,_Z,Y,_T,Y_GE15,_Z,Q,3.966667,0,1,A
2003-Q2,NOR,UNE_LF_M,PT_LF_SUB,_Z,Y,_T,Y_GE15,_Z,Q,4.233333,0,1,A
2003-Q3,NOR,UNE_LF_M,PT_LF_SUB,_Z,Y,_T,Y_GE15,_Z,Q,4.366667,0,1,A
2003-Q4,NOR,UNE_LF_M,PT_LF_SUB,_Z,Y,_T,Y_GE15,_Z,Q,4.333333,0,1,A
2004-Q1,NOR,UNE_LF_M,PT_LF_SUB,_Z,Y,_T,Y_GE15,_Z,Q,4.166667,0,1,A
2004-Q2,NOR,UNE_LF_M,PT_LF_SUB,_Z,Y,_T,Y_GE15,_Z,Q,4.233333,0,1,A
2004-Q3,NOR,UNE_LF_M,PT_LF_SUB,_Z,Y,_T,Y_GE15,_Z,Q,4.366667,0,1,A
2004-Q4,NOR,UNE_LF_M,PT_LF_SUB,_Z,Y,_T,Y_GE15,_Z,Q,4.4,0,1,A
2005-Q1,NOR,UNE_LF_M,PT_LF_SUB,_Z,Y,_T,Y_GE15,_Z,Q,4.5,0,1,A
2005-Q2,NOR,UNE_LF_M,PT_LF_SUB,_Z,Y,_T,Y_GE15,_Z,Q,4.6,0,1,A
2005-Q3,NOR,UNE_LF_M,PT_LF_SUB,_Z,Y,_T,Y_GE15,_Z,Q,4.6,0,1,A
2006-Q2,NOR,UNE_LF_M,PT_LF_SUB,_Z,Y,_T,Y_GE15,_Z,Q,3.833333,0,1,A
2006-Q3,NOR,UNE_LF_M,PT_LF_SUB,_Z,Y,_T,Y_GE15,_Z,Q,3.433333,0,1,A
2006-Q4,NOR,UNE_LF_M,PT_LF_SUB,_Z,Y,_T,Y_GE15,_Z,Q,2.966667,0,1,A
2007-Q1,NOR,UNE_LF_M,PT_LF_SUB,_Z,Y,_T,Y_GE15,_Z,Q,2.866667,0,1,A
2007-Q2,NOR,UNE_LF_M,PT_LF_SUB,_Z,Y,_T,Y_GE15,_Z,Q,2.6,0,1,A
2007-Q3,NOR,UNE_LF_M,PT_LF_SUB,_Z,Y,_T,Y_GE15,_Z,Q,2.666667,0,1,A
2007-Q4,NOR,UNE_LF_M,PT_LF_SUB,_Z,Y,_T,Y_GE15,_Z,Q,2.666667,0,1,A
2008-Q1,NOR,UNE_LF_M,PT_LF_SUB,_Z,Y,_T,Y_GE15,_Z,Q,2.666667,0,1,A
2008-Q2,NOR,UNE_LF_M,PT_LF_SUB,_Z,Y,_T,Y_GE15,_Z,Q,2.766667,0,1,A
2008-Q3,NOR,UNE_LF_M,PT_LF_SUB,_Z,Y,_T,Y_GE15,_Z,Q,3,0,1,A
2008-Q4,NOR,UNE_LF_M,PT_LF_SUB,_Z,Y,_T,Y_GE15,_Z,Q,3.266667,0,1,A
2009-Q1,NOR,UNE_LF_M,PT_LF_SUB,_Z,Y,_T,Y_GE15,_Z,Q,3.233333,0,1,A
2009-Q2,NOR,UNE_LF_M,PT_LF_SUB,_Z,Y,_T,Y_GE15,_Z,Q,3.5,0,1,A
2009-Q3,NOR,UNE_LF_M,PT_LF_SUB,_Z,Y,_T,Y_GE15,_Z,Q,3.433333,0,1,A
2009-Q4,NOR,UNE_LF_M,PT_LF_SUB,_Z,Y,_T,Y_GE15,_Z,Q,3.633333,0,1,A
2010-Q1,NOR,UNE_LF_M,PT_LF_SUB,_Z,Y,_T,Y_GE15,_Z,Q,4.033333,0,1,A
2010-Q2,NOR,UNE_LF_M,PT_LF_SUB,_Z,Y,_T,Y_GE15,_Z,Q,4.033333,0,1,A
2010-Q3,NOR,UNE_LF_M,PT_LF_SUB,_Z,Y,_T,Y_GE15,_Z,Q,3.833333,0,1,A
2010-Q4,NOR,UNE_LF_M,PT_LF_SUB,_Z,Y,_T,Y_GE15,_Z,Q,3.9,0,1,A
2011-Q1,NOR,UNE_LF_M,PT_LF_SUB,_Z,Y,_T,Y_GE15,_Z,Q,3.366667,0,1,A
2011-Q2,NOR,UNE_LF_M,PT_LF_SUB,_Z,Y,_T,Y_GE15,_Z,Q,3.6,0,1,A
2011-Q3,NOR,UNE_LF_M,PT_LF_SUB,_Z,Y,_T,Y_GE15,_Z,Q,3.566667,0,1,A
2011-Q4,NOR,UNE_LF_M,PT_LF_SUB,_Z,Y,_T,Y_GE15,_Z,Q,3.666667,0,1,A
2012-Q1,NOR,UNE_LF_M,PT_LF_SUB,_Z,Y,_T,Y_GE15,_Z,Q,3.366667,0,1,A
2012-Q2,NOR,UNE_LF_M,PT_LF_SUB,_Z,Y,_T,Y_GE15,_Z,Q,3.4,0,1,A
2012-Q3,NOR,UNE_LF_M,PT_LF_SUB,_Z,Y,_T,Y_GE15,_Z,Q,3.366667,0,1,A
2012-Q4,NOR,UNE_LF_M,PT_LF_SUB,_Z,Y,_T,Y_GE15,_Z,Q,3.733333,0,1,A
2013-Q1,NOR,UNE_LF_M,PT_LF_SUB,_Z,Y,_T,Y_GE15,_Z,Q,3.833333,0,1,A
2013-Q3,NOR,UNE_LF_M,PT_LF_SUB,_Z,Y,_T,Y_GE15,_Z,Q,3.933333,0,1,A
2013-Q4,NOR,UNE_LF_M,PT_LF_SUB,_Z,Y,_T,Y_GE15,_Z,Q,4,0,1,A
2014-Q1,NOR,UNE_LF_M,PT_LF_SUB,_Z,Y,_T,Y_GE15,_Z,Q,3.666667,0,1,A
2014-Q2,NOR,UNE_LF_M,PT_LF_SUB,_Z,Y,_T,Y_GE15,_Z,Q,3.5,0,1,A
2014-Q3,NOR,UNE_LF_M,PT_LF_SUB,_Z,Y,_T,Y_GE15,_Z,Q,3.933333,0,1,A
2014-Q4,NOR,UNE_LF_M,PT_LF_SUB,_Z,Y,_T,Y_GE15,_Z,Q,3.966667,0,1,A
2015-Q1,NOR,UNE_LF_M,PT_LF_SUB,_Z,Y,_T,Y_GE15,_Z,Q,4.5,0,1,A
2015-Q2,NOR,UNE_LF_M,PT_LF_SUB,_Z,Y,_T,Y_GE15,_Z,Q,4.566667,0,1,A
2015-Q3,NOR,UNE_LF_M,PT_LF_SUB,_Z,Y,_T,Y_GE15,_Z,Q,4.733333,0,1,A
2015-Q4,NOR,UNE_LF_M,PT_LF_SUB,_Z,Y,_T,Y_GE15,_Z,Q,4.9,0,1,A
2016-Q1,NOR,UNE_LF_M,PT_LF_SUB,_Z,Y,_T,Y_GE15,_Z,Q,5.1,0,1,A
2016-Q2,NOR,UNE_LF_M,PT_LF_SUB,_Z,Y,_T,Y_GE15,_Z,Q,4.933333,0,1,A
2016-Q3,NOR,UNE_LF_M,PT_LF_SUB,_Z,Y,_T,Y_GE15,_Z,Q,4.9,0,1,A
2017-Q1,NOR,UNE_LF_M,PT_LF_SUB,_Z,Y,_T,Y_GE15,_Z,Q,4.466667,0,1,A
2017-Q2,NOR,UNE_LF_M,PT_LF_SUB,_Z,Y,_T,Y_GE15,_Z,Q,4.6,0,1,A
2017-Q3,NOR,UNE_LF_M,PT_LF_SUB,_Z,Y,_T,Y_GE15,_Z,Q,4.166667,0,1,A
2017-Q4,NOR,UNE_LF_M,PT_LF_SUB,_Z,Y,_T,Y_GE15,_Z,Q,4.2,0,1,A
2018-Q1,NOR,UNE_LF_M,PT_LF_SUB,_Z,Y,_T,Y_GE15,_Z,Q,4.066667,0,1,A
2018-Q2,NOR,UNE_LF_M,PT_LF_SUB,_Z,Y,_T,Y_GE15,_Z,Q,4,0,1,A
2018-Q3,NOR,UNE_LF_M,PT_LF_SUB,_Z,Y,_T,Y_GE15,_Z,Q,4.133333,0,1,A
2018-Q4,NOR,UNE_LF_M,PT_LF_SUB,_Z,Y,_T,Y_GE15,_Z,Q,3.866667,0,1,A
2019-Q1,NOR,UNE_LF_M,PT_LF_SUB,_Z,Y,_T,Y_GE15,_Z,Q,3.966667,0,1,A
2019-Q2,NOR,UNE_LF_M,PT_LF_SUB,_Z,Y,_T,Y_GE15,_Z,Q,3.5,0,1,A
2019-Q3,NOR,UNE_LF_M,PT_LF_SUB,_Z,Y,_T,Y_GE15,_Z,Q,3.9,0,1,A
2019-Q4,NOR,UNE_LF_M,PT_LF_SUB,_Z,Y,_T,Y_GE15,_Z,Q,4.133333,0,1,A
2020-Q1,NOR,UNE_LF_M,PT_LF_SUB,_Z,Y,_T,Y_GE15,_Z,Q,3.733333,0,1,A
2020-Q2,NOR,UNE_LF_M,PT_LF_SUB,_Z,Y,_T,Y_GE15,_Z,Q,4.666667,0,1,A
2020-Q3,NOR,UNE_LF_M,PT_LF_SUB,_Z,Y,_T,Y_GE15,_Z,Q,5.433333,0,1,A
2020-Q4,NOR,UNE_LF_M,PT_LF_SUB,_Z,Y,_T,Y_GE15,_Z,Q,5.166667,0,1,A
2021-Q1,NOR,UNE_LF_M,PT_LF_SUB,_Z,Y,_T,Y_GE15,_Z,Q,4.933333,0,1,A
2021-Q2,NOR,UNE_LF_M,PT_LF_SUB,_Z,Y,_T,Y_GE15,_Z,Q,5.033333,0,1,A
2021-Q3,NOR,UNE_LF_M,PT_LF_SUB,_Z,Y,_T,Y_GE15,_Z,Q,4.2,0,1,A
2021-Q4,NOR,UNE_LF_M,PT_LF_SUB,_Z,Y,_T,Y_GE15,_Z,Q,3.633333,0,1,A
2022-Q2,NOR,UNE_LF_M,PT_LF_SUB,_Z,Y,_T,Y_GE15,_Z,Q,3.166667,0,1,A
2022-Q3,NOR,UNE_LF_M,PT_LF_SUB,_Z,Y,_T,Y_GE15,_Z,Q,3.233333,0,1,A
2022-Q4,NOR,UNE_LF_M,PT_LF_SUB,_Z,Y,_T,Y_GE15,_Z,Q,3.266667,0,1,A
2023-Q1,NOR,UNE_LF_M,PT_LF_SUB,_Z,Y,_T,Y_GE15,_Z,Q,3.733333,0,1,A
2023-Q3,NOR,UNE_LF_M,PT_LF_SUB,_Z,Y,_T,Y_GE15,_Z,Q,3.566667,0,1,A
2023-Q4,NOR,UNE_LF_M,PT_LF_SUB,_Z,Y,_T,Y_GE15,_Z,Q,3.7,0,1,A
2024-Q1,NOR,UNE_LF_M,PT_LF_SUB,_Z,Y,_T,Y_GE15,_Z,Q,4,0,1,A
2024-Q2,NOR,UNE_LF_M,PT_LF_SUB,_Z,Y,_T,Y_GE15,_Z,Q,4.1,0,1,A
2024-Q3,NOR,UNE_LF_M,PT_LF_SUB,_Z,Y,_T,Y_GE15,_Z,Q,3.966667,0,1,A
2024-Q4,NOR,UNE_LF_M,PT_LF_SUB,_Z,Y,_T,Y_GE15,_Z,Q,4.033333,0,1,A
2025-Q1,NOR,UNE_LF_M,PT_LF_SUB,_Z,Y,_T,Y_GE15,_Z,Q,4.133333,0,1,A
2025-Q2,NOR,UNE_LF_M,PT_LF_SUB,_Z,Y,_T,Y_GE15,_Z,Q,4.8,0,1,A
2025-Q3,NOR,UNE_LF_M,PT_LF_SUB,_Z,Y,_T,Y_GE15,_Z,Q,4.666667,0,1,A
2025-Q4,NOR,UNE_LF_M,PT_LF_SUB,_Z,Y,_T,Y_GE15,_Z,Q,4.4,0,1,A
1991-Q1,DEU,UNE_LF_M,PT_LF_SUB,_Z,Y,_T,Y_GE15,_Z,Q,5.233333,0,1,A
1991-Q2,DEU,UNE_LF_M,PT_LF_SUB,_Z,Y,_T,Y_GE15,_Z,Q,5.333333,0,1,A
1991-Q3,DEU,UNE_LF_M,PT_LF_SUB,_Z,Y,_T,Y_GE15,_Z,Q,5.6,0,1,A
1991-Q4,DEU,UNE_LF_M,PT_LF_SUB,_Z,Y,_T,Y_GE15,_Z,Q,5.9,0,1,A
1992-Q1,DEU,UNE_LF_M,PT_LF_SUB,_Z,Y,_T,Y_GE15,_Z,Q,6.1,0,1,A
1992-Q2,DEU,UNE_LF_M,PT_LF_SUB,_Z,Y,_T,Y_GE15,_Z,Q,6.4,0,1,A
1992-Q3,DEU,UNE_LF_M,PT_LF_SUB,_Z,Y,_T,Y_GE15,_Z,Q,6.766667,0,1,A
1992-Q4,DEU,UNE_LF_M,PT_LF_SUB,_Z,Y,_T,Y_GE15,_Z,Q,7.1,0,1,A
1993-Q1,DEU,UNE_LF_M,PT_LF_SUB,_Z,Y,_T,Y_GE15,_Z,Q,7.4,0,1,A
1993-Q2,DEU,UNE_LF_M,PT_LF_SUB,_Z,Y,_T,Y_GE15,_Z,Q,7.6,0,1,A
1993-Q3,DEU,UNE_LF_M,PT_LF_SUB,_Z,Y,_T,Y_GE15,_Z,Q,7.9,0,1,A
1993-Q4,DEU,UNE_LF_M,PT_LF_SUB,_Z,Y,_T,Y_GE15,_Z,Q,8.2,0,1,A
1994-Q1,DEU,UNE_LF_M,PT_LF_SUB,_Z,Y,_T,Y_GE15,_Z,Q,8.466666,0,1,A
1994-Q2,DEU,UNE_LF_M,PT_LF_SUB,_Z,Y,_T,Y_GE15,_Z,Q,8.533334,0,1,A
1994-Q3,DEU,UNE_LF_M,PT_LF_SUB,_Z,Y,_T,Y_GE15,_Z,Q,8.433333,0,1,A
1994-Q4,DEU,UNE_LF_M,PT_LF_SUB,_Z,Y,_T,Y_GE15,_Z,Q,8.266666,0,1,A
1995-Q1,DEU,UNE_LF_M,PT_LF_SUB,_Z,Y,_T,Y_GE15,_Z,Q,8.133333,0,1,A
1995-Q2,DEU,UNE_LF_M,PT_LF_SUB,_Z,Y,_T,Y_GE15,_Z,Q,8.1,0,1,A
1995-Q3,DEU,UNE_LF_M,PT_LF_SUB,_Z,Y,_T,Y_GE15,_Z,Q,8.266666,0,1,A
1995-Q4,DEU,UNE_LF_M,PT_LF_SUB,_Z,Y,_T,Y_GE15,_Z,Q,8.433333,0,1,A
1996-Q1,DEU,UNE_LF_M,PT_LF_SUB,_Z,Y,_T,Y_GE15,_Z,Q,8.566667,0,1,A
1996-Q2,DEU,UNE_LF_M,PT_LF_SUB,_Z,Y,_T,Y_GE15,_Z,Q,8.766666,0,1,A
1996-Q3,DEU,UNE_LF_M,PT_LF_SUB,_Z,Y,_T,Y_GE15,_Z,Q,9,0,1,A
1996-Q4,DEU,UNE_LF_M,PT_LF_SUB,_Z,Y,_T,Y_GE15,_Z,Q,9.3,0,1,A
1997-Q1,DEU,UNE_LF_M,PT_LF_SUB,_Z,Y,_T,Y_GE15,_Z,Q,9.533334,0,1,A
1997-Q2,DEU,UNE_LF_M,PT_LF_SUB,_Z,Y,_T,Y_GE15,_Z,Q,9.7,0,1,A
1997-Q3,DEU,UNE_LF_M,PT_LF_SUB,_Z,Y,_T,Y_GE15,_Z,Q,9.7,0,1,A
1997-Q4,DEU,UNE_LF_M,PT_LF_SUB,_Z,Y,_T,Y_GE15,_Z,Q,9.7,0,1,A
1998-Q1,DEU,UNE_LF_M,PT_LF_SUB,_Z,Y,_T,Y_GE15,_Z,Q,9.666667,0,1,A
1998-Q2,DEU,UNE_LF_M,PT_LF_SUB,_Z,Y,_T,Y_GE15,_Z,Q,9.5,0,1,A
1998-Q3,DEU,UNE_LF_M,PT_LF_SUB,_Z,Y,_T,Y_GE15,_Z,Q,9.3,0,1,A
1998-Q4,DEU,UNE_LF_M,PT_LF_SUB,_Z,Y,_T,Y_GE15,_Z,Q,9.066667,0,1,A
1999-Q1,DEU,UNE_LF_M,PT_LF_SUB,_Z,Y,_T,Y_GE15,_Z,Q,8.833333,0,1,A
1999-Q2,DEU,UNE_LF_M,PT_LF_SUB,_Z,Y,_T,Y_GE15,_Z,Q,8.633333,0,1,A
1999-Q3,DEU,UNE_LF_M,PT_LF_SUB,_Z,Y,_T,Y_GE15,_Z,Q,8.466666,0,1,A
1999-Q4,DEU,UNE_LF_M,PT_LF_SUB,_Z,Y,_T,Y_GE15,_Z,Q,8.3,0,1,A
2000-Q1,DEU,UNE_LF_M,PT_LF_SUB,_Z,Y,_T,Y_GE15,_Z,Q,8.133333,0,1,A
2000-Q2,DEU,UNE_LF_M,PT_LF_SUB,_Z,Y,_T,Y_GE15,_Z,Q,8,0,1,A
2000-Q3,DEU,UNE_LF_M,PT_LF_SUB,_Z,Y,_T,Y_GE15,_Z,Q,7.9,0,1,A
2000-Q4,DEU,UNE_LF_M,PT_LF_SUB,_Z,Y,_T,Y_GE15,_Z,Q,7.766667,0,1,A
2001-Q1,DEU,UNE_LF_M,PT_LF_SUB,_Z,Y,_T,Y_GE15,_Z,Q,7.666667,0,1,A
2001-Q2,DEU,UNE_LF_M,PT_LF_SUB,_Z,Y,_T,Y_GE15,_Z,Q,7.666667,0,1,A
2001-Q3,DEU,UNE_LF_M,PT_LF_SUB,_Z,Y,_T,Y_GE15,_Z,Q,7.833333,0,1,A
2001-Q4,DEU,UNE_LF_M,PT_LF_SUB,_Z,Y,_T,Y_GE15,_Z,Q,8.033334,0,1,A
2002-Q1,DEU,UNE_LF_M,PT_LF_SUB,_Z,Y,_T,Y_GE15,_Z,Q,8.166667,0,1,A
2002-Q2,DEU,UNE_LF_M,PT_LF_SUB,_Z,Y,_T,Y_GE15,_Z,Q,8.4,0,1,A
2002-Q3,DEU,UNE_LF_M,PT_LF_SUB,_Z,Y,_T,Y_GE15,_Z,Q,8.733334,0,1,A
2002-Q4,DEU,UNE_LF_M,PT_LF_SUB,_Z,Y,_T,Y_GE15,_Z,Q,9.1,0,1,A
2003-Q1,DEU,UNE_LF_M,PT_LF_SUB,_Z,Y,_T,Y_GE15,_Z,Q,9.5,0,1,A
2003-Q2,DEU,UNE_LF_M,PT_LF_SUB,_Z,Y,_T,Y_GE15,_Z,Q,9.733334,0,1,A
2003-Q3,DEU,UNE_LF_M,PT_LF_SUB,_Z,Y,_T,Y_GE15,_Z,Q,9.8,0,1,A
2003-Q4,DEU,UNE_LF_M,PT_LF_SUB,_Z,Y,_T,Y_GE15,_Z,Q,9.8,0,1,A
2004-Q1,DEU,UNE_LF_M,PT_LF_SUB,_Z,Y,_T,Y_GE15,_Z,Q,10.06667,0,1,A
2004-Q2,DEU,UNE_LF_M,PT_LF_SUB,_Z,Y,_T,Y_GE15,_Z,Q,10.3,0,1,A
2004-Q3,DEU,UNE_LF_M,PT_LF_SUB,_Z,Y,_T,Y_GE15,_Z,Q,10.36667,0,1,A
2004-Q4,DEU,UNE_LF_M,PT_LF_SUB,_Z,Y,_T,Y_GE15,_Z,Q,10.6,0,1,A
2005-Q1,DEU,UNE_LF_M,PT_LF_SUB,_Z,Y,_T,Y_GE15,_Z,Q,10.83333,0,1,A
2005-Q2,DEU,UNE_LF_M,PT_LF_SUB,_Z,Y,_T,Y_GE15,_Z,Q,11.2,0,1,A
2005-Q3,DEU,UNE_LF_M,PT_LF_SUB,_Z,Y,_T,Y_GE15,_Z,Q,11.16667,0,1,A
2005-Q4,DEU,UNE_LF_M,PT_LF_SUB,_Z,Y,_T,Y_GE15,_Z,Q,10.86667,0,1,A
2006-Q1,DEU,UNE_LF_M,PT_LF_SUB,_Z,Y,_T,Y_GE15,_Z,Q,10.53333,0,1,A
2006-Q2,DEU,UNE_LF_M,PT_LF_SUB,_Z,Y,_T,Y_GE15,_Z,Q,10.2,0,1,A
2006-Q3,DEU,UNE_LF_M,PT_LF_SUB,_Z,Y,_T,Y_GE15,_Z,Q,9.9,0,1,A
2006-Q4,DEU,UNE_LF_M,PT_LF_SUB,_Z,Y,_T,Y_GE15,_Z,Q,9.566667,0,1,A
2007-Q1,DEU,UNE_LF_M,PT_LF_SUB,_Z,Y,_T,Y_GE15,_Z,Q,9.066667,0,1,A
2007-Q2,DEU,UNE_LF_M,PT_LF_SUB,_Z,Y,_T,Y_GE15,_Z,Q,8.6,0,1,A
2007-Q3,DEU,UNE_LF_M,PT_LF_SUB,_Z,Y,_T,Y_GE15,_Z,Q,8.433333,0,1,A
2007-Q4,DEU,UNE_LF_M,PT_LF_SUB,_Z,Y,_T,Y_GE15,_Z,Q,8.2,0,1,A
2008-Q1,DEU,UNE_LF_M,PT_LF_SUB,_Z,Y,_T,Y_GE15,_Z,Q,7.9,0,1,A
2008-Q2,DEU,UNE_LF_M,PT_LF_SUB,_Z,Y,_T,Y_GE15,_Z,Q,7.533333,0,1,A
2008-Q3,DEU,UNE_LF_M,PT_LF_SUB,_Z,Y,_T,Y_GE15,_Z,Q,7.133333,0,1,A
2008-Q4,DEU,UNE_LF_M,PT_LF_SUB,_Z,Y,_T,Y_GE15,_Z,Q,7.033333,0,1,A
2009-Q2,DEU,UNE_LF_M,PT_LF_SUB,_Z,Y,_T,Y_GE15,_Z,Q,7.466667,0,1,A
2009-Q3,DEU,UNE_LF_M,PT_LF_SUB,_Z,Y,_T,Y_GE15,_Z,Q,7.533333,0,1,A
2009-Q4,DEU,UNE_LF_M,PT_LF_SUB,_Z,Y,_T,Y_GE15,_Z,Q,7.266667,0,1,A
2010-Q1,DEU,UNE_LF_M,PT_LF_SUB,_Z,Y,_T,Y_GE15,_Z,Q,7,0,1,A
2010-Q2,DEU,UNE_LF_M,PT_LF_SUB,_Z,Y,_T,Y_GE15,_Z,Q,6.7,0,1,A
2010-Q3,DEU,UNE_LF_M,PT_LF_SUB,_Z,Y,_T,Y_GE15,_Z,Q,6.433333,0,1,A
2010-Q4,DEU,UNE_LF_M,PT_LF_SUB,_Z,Y,_T,Y_GE15,_Z,Q,6.2,0,1,A
2011-Q1,DEU,UNE_LF_M,PT_LF_SUB,_Z,Y,_T,Y_GE15,_Z,Q,5.866667,0,1,A
2011-Q2,DEU,UNE_LF_M,PT_LF_SUB,_Z,Y,_T,Y_GE15,_Z,Q,5.566667,0,1,A
2011-Q3,DEU,UNE_LF_M,PT_LF_SUB,_Z,Y,_T,Y_GE15,_Z,Q,5.433333,0,1,A
2011-Q4,DEU,UNE_LF_M,PT_LF_SUB,_Z,Y,_T,Y_GE15,_Z,Q,5.233333,0,1,A
2012-Q1,DEU,UNE_LF_M,PT_LF_SUB,_Z,Y,_T,Y_GE15,_Z,Q,5.1,0,1,A
2012-Q2,DEU,UNE_LF_M,PT_LF_SUB,_Z,Y,_T,Y_GE15,_Z,Q,5.1,0,1,A
2012-Q3,DEU,UNE_LF_M,PT_LF_SUB,_Z,Y,_T,Y_GE15,_Z,Q,5.033333,0,1,A
2012-Q4,DEU,UNE_LF_M,PT_LF_SUB,_Z,Y,_T,Y_GE15,_Z,Q,5,0,1,A
2013-Q1,DEU,UNE_LF_M,PT_LF_SUB,_Z,Y,_T,Y_GE15,_Z,Q,5.066667,0,1,A
2013-Q2,DEU,UNE_LF_M,PT_LF_SUB,_Z,Y,_T,Y_GE15,_Z,Q,4.966667,0,1,A
2013-Q3,DEU,UNE_LF_M,PT_LF_SUB,_Z,Y,_T,Y_GE15,_Z,Q,4.9,0,1,A
2013-Q4,DEU,UNE_LF_M,PT_LF_SUB,_Z,Y,_T,Y_GE15,_Z,Q,4.8,0,1,A
2014-Q1,DEU,UNE_LF_M,PT_LF_SUB,_Z,Y,_T,Y_GE15,_Z,Q,4.8,0,1,A
2014-Q2,DEU,UNE_LF_M,PT_LF_SUB,_Z,Y,_T,Y_GE15,_Z,Q,4.733333,0,1,A
2014-Q3,DEU,UNE_LF_M,PT_LF_SUB,_Z,Y,_T,Y_GE15,_Z,Q,4.7,0,1,A
2014-Q4,DEU,UNE_LF_M,PT_LF_SUB,_Z,Y,_T,Y_GE15,_Z,Q,4.633333,0,1,A
2015-Q1,DEU,UNE_LF_M,PT_LF_SUB,_Z,Y,_T,Y_GE15,_Z,Q,4.5,0,1,A
2015-Q2,DEU,UNE_LF_M,PT_LF_SUB,_Z,Y,_T,Y_GE15,_Z,Q,4.4,0,1,A
2015-Q3,DEU,UNE_LF_M,PT_LF_SUB,_Z,Y,_T,Y_GE15,_Z,Q,4.3,0,1,A
2015-Q4,DEU,UNE_LF_M,PT_LF_SUB,_Z,Y,_T,Y_GE15,_Z,Q,4.2,0,1,A
2016-Q1,DEU,UNE_LF_M,PT_LF_SUB,_Z,Y,_T,Y_GE15,_Z,Q,4.066667,0,1,A
2016-Q2,DEU,UNE_LF_M,PT_LF_SUB,_Z,Y,_T,Y_GE15,_Z,Q,4,0,1,A
2016-Q3,DEU,UNE_LF_M,PT_LF_SUB,_Z,Y,_T,Y_GE15,_Z,Q,3.866667,0,1,A
2016-Q4,DEU,UNE_LF_M,PT_LF_SUB,_Z,Y,_T,Y_GE15,_Z,Q,3.7,0,1,A
2017-Q1,DEU,UNE_LF_M,PT_LF_SUB,_Z,Y,_T,Y_GE15,_Z,Q,3.633333,0,1,A
2017-Q2,DEU,UNE_LF_M,PT_LF_SUB,_Z,Y,_T,Y_GE15,_Z,Q,3.566667,0,1,A
2017-Q3,DEU,UNE_LF_M,PT_LF_SUB,_Z,Y,_T,Y_GE15,_Z,Q,3.466667,0,1,A
2017-Q4,DEU,UNE_LF_M,PT_LF_SUB,_Z,Y,_T,Y_GE15,_Z,Q,3.4,0,1,A
2018-Q1,DEU,UNE_LF_M,PT_LF_SUB,_Z,Y,_T,Y_GE15,_Z,Q,3.3,0,1,A
2018-Q2,DEU,UNE_LF_M,PT_LF_SUB,_Z,Y,_T,Y_GE15,_Z,Q,3.2,0,1,A
2018-Q3,DEU,UNE_LF_M,PT_LF_SUB,_Z,Y,_T,Y_GE15,_Z,Q,3.166667,0,1,A
2018-Q4,DEU,UNE_LF_M,PT_LF_SUB,_Z,Y,_T,Y_GE15,_Z,Q,3.1,0,1,A
2019-Q1,DEU,UNE_LF_M,PT_LF_SUB,_Z,Y,_T,Y_GE15,_Z,Q,3,0,1,A
2019-Q2,DEU,UNE_LF_M,PT_LF_SUB,_Z,Y,_T,Y_GE15,_Z,Q,2.9,0,1,A
2019-Q3,DEU,UNE_LF_M,PT_LF_SUB,_Z,Y,_T,Y_GE15,_Z,Q,2.9,0,1,A
2019-Q4,DEU,UNE_LF_M,PT_LF_SUB,_Z,Y,_T,Y_GE15,_Z,Q,3,0,1,A
2020-Q1,DEU,UNE_LF_M,PT_LF_SUB,_Z,Y,_T,Y_GE15,_Z,Q,3.3,0,1,A
2020-Q2,DEU,UNE_LF_M,PT_LF_SUB,_Z,Y,_T,Y_GE15,_Z,Q,3.666667,0,1,A
2020-Q3,DEU,UNE_LF_M,PT_LF_SUB,_Z,Y,_T,Y_GE15,_Z,Q,3.833333,0,1,A
2020-Q4,DEU,UNE_LF_M,PT_LF_SUB,_Z,Y,_T,Y_GE15,_Z,Q,3.8,0,1,A
2021-Q1,DEU,UNE_LF_M,PT_LF_SUB,_Z,Y,_T,Y_GE15,_Z,Q,3.9,0,1,A
2021-Q2,DEU,UNE_LF_M,PT_LF_SUB,_Z,Y,_T,Y_GE15,_Z,Q,3.7,0,1,A
2021-Q3,DEU,UNE_LF_M,PT_LF_SUB,_Z,Y,_T,Y_GE15,_Z,Q,3.433333,0,1,A
2021-Q4,DEU,UNE_LF_M,PT_LF_SUB,_Z,Y,_T,Y_GE15,_Z,Q,3.4,0,1,A
2022-Q1,DEU,UNE_LF_M,PT_LF_SUB,_Z,Y,_T,Y_GE15,_Z,Q,3.233333,0,1,A
2022-Q2,DEU,UNE_LF_M,PT_LF_SUB,_Z,Y,_T,Y_GE15,_Z,Q,3.1,0,1,A
2022-Q3,DEU,UNE_LF_M,PT_LF_SUB,_Z,Y,_T,Y_GE15,_Z,Q,3.133333,0,1,A
2022-Q4,DEU,UNE_LF_M,PT_LF_SUB,_Z,Y,_T,Y_GE15,_Z,Q,3.1,0,1,A
2023-Q1,DEU,UNE_LF_M,PT_LF_SUB,_Z,Y,_T,Y_GE15,_Z,Q,3,0,1,A
2023-Q2,DEU,UNE_LF_M,PT_LF_SUB,_Z,Y,_T,Y_GE15,_Z,Q,3,0,1,A
2024-Q2,DEU,UNE_LF_M,PT_LF_SUB,_Z,Y,_T,Y_GE15,_Z,Q,3.4,0,1,A
2024-Q3,DEU,UNE_LF_M,PT_LF_SUB,_Z,Y,_T,Y_GE15,_Z,Q,3.4,0,1,A
2025-Q1,DEU,UNE_LF_M,PT_LF_SUB,_Z,Y,_T,Y_GE15,_Z,Q,3.566667,0,1,A
2025-Q3,DEU,UNE_LF_M,PT_LF_SUB,_Z,Y,_T,Y_GE15,_Z,Q,3.8,0,1,A
1993-Q1,CZE,UNE_LF_M,PT_LF_SUB,_Z,Y,_T,Y_GE15,_Z,Q,4.433333,0,1,A
1993-Q2,CZE,UNE_LF_M,PT_LF_SUB,_Z,Y,_T,Y_GE15,_Z,Q,4.4,0,1,A
1993-Q3,CZE,UNE_LF_M,PT_LF_SUB,_Z,Y,_T,Y_GE15,_Z,Q,4.233333,0,1,A
1993-Q4,CZE,UNE_LF_M,PT_LF_SUB,_Z,Y,_T,Y_GE15,_Z,Q,4.2,0,1,A
1994-Q1,CZE,UNE_LF_M,PT_LF_SUB,_Z,Y,_T,Y_GE15,_Z,Q,4.133333,0,1,A
1994-Q2,CZE,UNE_LF_M,PT_LF_SUB,_Z,Y,_T,Y_GE15,_Z,Q,4.333333,0,1,A
1994-Q3,CZE,UNE_LF_M,PT_LF_SUB,_Z,Y,_T,Y_GE15,_Z,Q,4.4,0,1,A
1994-Q4,CZE,UNE_LF_M,PT_LF_SUB,_Z,Y,_T,Y_GE15,_Z,Q,4.3,0,1,A
1995-Q1,CZE,UNE_LF_M,PT_LF_SUB,_Z,Y,_T,Y_GE15,_Z,Q,4.166667,0,1,A
1995-Q2,CZE,UNE_LF_M,PT_LF_SUB,_Z,Y,_T,Y_GE15,_Z,Q,4.166667,0,1,A
1995-Q3,CZE,UNE_LF_M,PT_LF_SUB,_Z,Y,_T,Y_GE15,_Z,Q,4,0,1,A
1995-Q4,CZE,UNE_LF_M,PT_LF_SUB,_Z,Y,_T,Y_GE15,_Z,Q,3.733333,0,1,A
1996-Q1,CZE,UNE_LF_M,PT_LF_SUB,_Z,Y,_T,Y_GE15,_Z,Q,3.633333,0,1,A
1996-Q2,CZE,UNE_LF_M,PT_LF_SUB,_Z,Y,_T,Y_GE15,_Z,Q,3.9,0,1,A
1996-Q3,CZE,UNE_LF_M,PT_LF_SUB,_Z,Y,_T,Y_GE15,_Z,Q,3.933333,0,1,A
1996-Q4,CZE,UNE_LF_M,PT_LF_SUB,_Z,Y,_T,Y_GE15,_Z,Q,4.1,0,1,A
1997-Q1,CZE,UNE_LF_M,PT_LF_SUB,_Z,Y,_T,Y_GE15,_Z,Q,4.133333,0,1,A
1997-Q2,CZE,UNE_LF_M,PT_LF_SUB,_Z,Y,_T,Y_GE15,_Z,Q,4.6,0,1,A
1997-Q3,CZE,UNE_LF_M,PT_LF_SUB,_Z,Y,_T,Y_GE15,_Z,Q,4.933333,0,1,A
1997-Q4,CZE,UNE_LF_M,PT_LF_SUB,_Z,Y,_T,Y_GE15,_Z,Q,5.433333,0,1,A
1998-Q1,CZE,UNE_LF_M,PT_LF_SUB,_Z,Y,_T,Y_GE15,_Z,Q,5.766667,0,1,A
1998-Q2,CZE,UNE_LF_M,PT_LF_SUB,_Z,Y,_T,Y_GE15,_Z,Q,6.066667,0,1,A
1998-Q3,CZE,UNE_LF_M,PT_LF_SUB,_Z,Y,_T,Y_GE15,_Z,Q,6.7,0,1,A
1998-Q4,CZE,UNE_LF_M,PT_LF_SUB,_Z,Y,_T,Y_GE15,_Z,Q,7.333333,0,1,A
1999-Q1,CZE,UNE_LF_M,PT_LF_SUB,_Z,Y,_T,Y_GE15,_Z,Q,8.2,0,1,A
1999-Q2,CZE,UNE_LF_M,PT_LF_SUB,_Z,Y,_T,Y_GE15,_Z,Q,8.633333,0,1,A
1999-Q3,CZE,UNE_LF_M,PT_LF_SUB,_Z,Y,_T,Y_GE15,_Z,Q,8.933333,0,1,A
1999-Q4,CZE,UNE_LF_M,PT_LF_SUB,_Z,Y,_T,Y_GE15,_Z,Q,9.066667,0,1,A
2000-Q1,CZE,UNE_LF_M,PT_LF_SUB,_Z,Y,_T,Y_GE15,_Z,Q,9.266666,0,1,A
2000-Q2,CZE,UNE_LF_M,PT_LF_SUB,_Z,Y,_T,Y_GE15,_Z,Q,8.866667,0,1,A
2000-Q3,CZE,UNE_LF_M,PT_LF_SUB,_Z,Y,_T,Y_GE15,_Z,Q,8.5,0,1,A
2000-Q4,CZE,UNE_LF_M,PT_LF_SUB,_Z,Y,_T,Y_GE15,_Z,Q,8.4,0,1,A
2001-Q1,CZE,UNE_LF_M,PT_LF_SUB,_Z,Y,_T,Y_GE15,_Z,Q,8.233334,0,1,A
2001-Q2,CZE,UNE_LF_M,PT_LF_SUB,_Z,Y,_T,Y_GE15,_Z,Q,8.133333,0,1,A
2001-Q3,CZE,UNE_LF_M,PT_LF_SUB,_Z,Y,_T,Y_GE15,_Z,Q,8.233334,0,1,A
2001-Q4,CZE,UNE_LF_M,PT_LF_SUB,_Z,Y,_T,Y_GE15,_Z,Q,7.9,0,1,A
2002-Q1,CZE,UNE_LF_M,PT_LF_SUB,_Z,Y,_T,Y_GE15,_Z,Q,7.466667,0,1,A
2002-Q2,CZE,UNE_LF_M,PT_LF_SUB,_Z,Y,_T,Y_GE15,_Z,Q,7.166667,0,1,A
2002-Q3,CZE,UNE_LF_M,PT_LF_SUB,_Z,Y,_T,Y_GE15,_Z,Q,7.2,0,1,A
2002-Q4,CZE,UNE_LF_M,PT_LF_SUB,_Z,Y,_T,Y_GE15,_Z,Q,7.3,0,1,A
2003-Q1,CZE,UNE_LF_M,PT_LF_SUB,_Z,Y,_T,Y_GE15,_Z,Q,7.333333,0,1,A
2003-Q2,CZE,UNE_LF_M,PT_LF_SUB,_Z,Y,_T,Y_GE15,_Z,Q,7.666667,0,1,A
2003-Q4,CZE,UNE_LF_M,PT_LF_SUB,_Z,Y,_T,Y_GE15,_Z,Q,8.133333,0,1,A
2004-Q1,CZE,UNE_LF_M,PT_LF_SUB,_Z,Y,_T,Y_GE15,_Z,Q,8.466666,0,1,A
2004-Q2,CZE,UNE_LF_M,PT_LF_SUB,_Z,Y,_T,Y_GE15,_Z,Q,8.366667,0,1,A
2004-Q3,CZE,UNE_LF_M,PT_LF_SUB,_Z,Y,_T,Y_GE15,_Z,Q,8.166667,0,1,A
2004-Q4,CZE,UNE_LF_M,PT_LF_SUB,_Z,Y,_T,Y_GE15,_Z,Q,8.233334,0,1,A
2005-Q1,CZE,UNE_LF_M,PT_LF_SUB,_Z,Y,_T,Y_GE15,_Z,Q,8.1,0,1,A
2005-Q2,CZE,UNE_LF_M,PT_LF_SUB,_Z,Y,_T,Y_GE15,_Z,Q,7.966667,0,1,A
2005-Q3,CZE,UNE_LF_M,PT_LF_SUB,_Z,Y,_T,Y_GE15,_Z,Q,7.8,0,1,A
2006-Q1,CZE,UNE_LF_M,PT_LF_SUB,_Z,Y,_T,Y_GE15,_Z,Q,7.733333,0,1,A
2006-Q2,CZE,UNE_LF_M,PT_LF_SUB,_Z,Y,_T,Y_GE15,_Z,Q,7.233333,0,1,A
2006-Q3,CZE,UNE_LF_M,PT_LF_SUB,_Z,Y,_T,Y_GE15,_Z,Q,7,0,1,A
2006-Q4,CZE,UNE_LF_M,PT_LF_SUB,_Z,Y,_T,Y_GE15,_Z,Q,6.6,0,1,A
2007-Q1,CZE,UNE_LF_M,PT_LF_SUB,_Z,Y,_T,Y_GE15,_Z,Q,5.833333,0,1,A
2007-Q2,CZE,UNE_LF_M,PT_LF_SUB,_Z,Y,_T,Y_GE15,_Z,Q,5.433333,0,1,A
2007-Q3,CZE,UNE_LF_M,PT_LF_SUB,_Z,Y,_T,Y_GE15,_Z,Q,5.133333,0,1,A
2007-Q4,CZE,UNE_LF_M,PT_LF_SUB,_Z,Y,_T,Y_GE15,_Z,Q,4.933333,0,1,A
2008-Q1,CZE,UNE_LF_M,PT_LF_SUB,_Z,Y,_T,Y_GE15,_Z,Q,4.533333,0,1,A
2008-Q2,CZE,UNE_LF_M,PT_LF_SUB,_Z,Y,_T,Y_GE15,_Z,Q,4.366667,0,1,A
2008-Q3,CZE,UNE_LF_M,PT_LF_SUB,_Z,Y,_T,Y_GE15,_Z,Q,4.266667,0,1,A
2008-Q4,CZE,UNE_LF_M,PT_LF_SUB,_Z,Y,_T,Y_GE15,_Z,Q,4.466667,0,1,A
2009-Q1,CZE,UNE_LF_M,PT_LF_SUB,_Z,Y,_T,Y_GE15,_Z,Q,5.6,0,1,A
2009-Q2,CZE,UNE_LF_M,PT_LF_SUB,_Z,Y,_T,Y_GE15,_Z,Q,6.466667,0,1,A
2009-Q3,CZE,UNE_LF_M,PT_LF_SUB,_Z,Y,_T,Y_GE15,_Z,Q,7.333333,0,1,A
2009-Q4,CZE,UNE_LF_M,PT_LF_SUB,_Z,Y,_T,Y_GE15,_Z,Q,7.366667,0,1,A
2010-Q1,CZE,UNE_LF_M,PT_LF_SUB,_Z,Y,_T,Y_GE15,_Z,Q,7.8,0,1,A
2010-Q2,CZE,UNE_LF_M,PT_LF_SUB,_Z,Y,_T,Y_GE15,_Z,Q,7.3,0,1,A
2010-Q3,CZE,UNE_LF_M,PT_LF_SUB,_Z,Y,_T,Y_GE15,_Z,Q,7.1,0,1,A
2010-Q4,CZE,UNE_LF_M,PT_LF_SUB,_Z,Y,_T,Y_GE15,_Z,Q,7,0,1,A
2011-Q1,CZE,UNE_LF_M,PT_LF_SUB,_Z,Y,_T,Y_GE15,_Z,Q,6.933333,0,1,A
2011-Q2,CZE,UNE_LF_M,PT_LF_SUB,_Z,Y,_T,Y_GE15,_Z,Q,6.833333,0,1,A
2011-Q3,CZE,UNE_LF_M,PT_LF_SUB,_Z,Y,_T,Y_GE15,_Z,Q,6.533333,0,1,A
2011-Q4,CZE,UNE_LF_M,PT_LF_SUB,_Z,Y,_T,Y_GE15,_Z,Q,6.533333,0,1,A
2012-Q1,CZE,UNE_LF_M,PT_LF_SUB,_Z,Y,_T,Y_GE15,_Z,Q,6.866667,0,1,A
2012-Q2,CZE,UNE_LF_M,PT_LF_SUB,_Z,Y,_T,Y_GE15,_Z,Q,6.866667,0,1,A
2012-Q3,CZE,UNE_LF_M,PT_LF_SUB,_Z,Y,_T,Y_GE15,_Z,Q,6.966667,0,1,A
2012-Q4,CZE,UNE_LF_M,PT_LF_SUB,_Z,Y,_T,Y_GE15,_Z,Q,7.3,0,1,A
2013-Q1,CZE,UNE_LF_M,PT_LF_SUB,_Z,Y,_T,Y_GE15,_Z,Q,7.2,0,1,A
2013-Q2,CZE,UNE_LF_M,PT_LF_SUB,_Z,Y,_T,Y_GE15,_Z,Q,6.933333,0,1,A
2013-Q3,CZE,UNE_LF_M,PT_LF_SUB,_Z,Y,_T,Y_GE15,_Z,Q,6.966667,0,1,A
2013-Q4,CZE,UNE_LF_M,PT_LF_SUB,_Z,Y,_T,Y_GE15,_Z,Q,6.8,0,1,A
2014-Q1,CZE,UNE_LF_M,PT_LF_SUB,_Z,Y,_T,Y_GE15,_Z,Q,6.566667,0,1,A
2014-Q2,CZE,UNE_LF_M,PT_LF_SUB,_Z,Y,_T,Y_GE15,_Z,Q,6.166667,0,1,A
2014-Q3,CZE,UNE_LF_M,PT_LF_SUB,_Z,Y,_T,Y_GE15,_Z,Q,5.9,0,1,A
2014-Q4,CZE,UNE_LF_M,PT_LF_SUB,_Z,Y,_T,Y_GE15,_Z,Q,5.866667,0,1,A
2015-Q1,CZE,UNE_LF_M,PT_LF_SUB,_Z,Y,_T,Y_GE15,_Z,Q,5.8,0,1,A
2015-Q2,CZE,UNE_LF_M,PT_LF_SUB,_Z,Y,_T,Y_GE15,_Z,Q,5.033333,0,1,A
2015-Q3,CZE,UNE_LF_M,PT_LF_SUB,_Z,Y,_T,Y_GE15,_Z,Q,4.833333,0,1,A
2015-Q4,CZE,UNE_LF_M,PT_LF_SUB,_Z,Y,_T,Y_GE15,_Z,Q,4.6,0,1,A
2016-Q1,CZE,UNE_LF_M,PT_LF_SUB,_Z,Y,_T,Y_GE15,_Z,Q,4.2,0,1,A
2016-Q2,CZE,UNE_LF_M,PT_LF_SUB,_Z,Y,_T,Y_GE15,_Z,Q,4.033333,0,1,A
2016-Q3,CZE,UNE_LF_M,PT_LF_SUB,_Z,Y,_T,Y_GE15,_Z,Q,3.933333,0,1,A
2016-Q4,CZE,UNE_LF_M,PT_LF_SUB,_Z,Y,_T,Y_GE15,_Z,Q,3.666667,0,1,A
2017-Q1,CZE,UNE_LF_M,PT_LF_SUB,_Z,Y,_T,Y_GE15,_Z,Q,3.333333,0,1,A
2017-Q2,CZE,UNE_LF_M,PT_LF_SUB,_Z,Y,_T,Y_GE15,_Z,Q,3.033333,0,1,A
2017-Q3,CZE,UNE_LF_M,PT_LF_SUB,_Z,Y,_T,Y_GE15,_Z,Q,2.733333,0,1,A
2017-Q4,CZE,UNE_LF_M,PT_LF_SUB,_Z,Y,_T,Y_GE15,_Z,Q,2.466667,0,1,A
2018-Q1,CZE,UNE_LF_M,PT_LF_SUB,_Z,Y,_T,Y_GE15,_Z,Q,2.333333,0,1,A
2018-Q2,CZE,UNE_LF_M,PT_LF_SUB,_Z,Y,_T,Y_GE15,_Z,Q,2.266667,0,1,A
2018-Q3,CZE,UNE_LF_M,PT_LF_SUB,_Z,Y,_T,Y_GE15,_Z,Q,2.333333,0,1,A
2018-Q4,CZE,UNE_LF_M,PT_LF_SUB,_Z,Y,_T,Y_GE15,_Z,Q,2.1,0,1,A
2019-Q1,CZE,UNE_LF_M,PT_LF_SUB,_Z,Y,_T,Y_GE15,_Z,Q,1.966667,0,1,A
2019-Q2,CZE,UNE_LF_M,PT_LF_SUB,_Z,Y,_T,Y_GE15,_Z,Q,1.966667,0,1,A
2019-Q3,CZE,UNE_LF_M,PT_LF_SUB,_Z,Y,_T,Y_GE15,_Z,Q,2.066667,0,1,A
2019-Q4,CZE,UNE_LF_M,PT_LF_SUB,_Z,Y,_T,Y_GE15,_Z,Q,2.1,0,1,A
2020-Q1,CZE,UNE_LF_M,PT_LF_SUB,_Z,Y,_T,Y_GE15,_Z,Q,1.866667,0,1,A
2020-Q2,CZE,UNE_LF_M,PT_LF_SUB,_Z,Y,_T,Y_GE15,_Z,Q,2.433333,0,1,A
2020-Q3,CZE,UNE_LF_M,PT_LF_SUB,_Z,Y,_T,Y_GE15,_Z,Q,2.833333,0,1,A
2020-Q4,CZE,UNE_LF_M,PT_LF_SUB,_Z,Y,_T,Y_GE15,_Z,Q,3.1,0,1,A
2021-Q1,CZE,UNE_LF_M,PT_LF_SUB,_Z,Y,_T,Y_GE15,_Z,Q,3.233333,0,1,A
2021-Q2,CZE,UNE_LF_M,PT_LF_SUB,_Z,Y,_T,Y_GE15,_Z,Q,3.033333,0,1,A
2021-Q3,CZE,UNE_LF_M,PT_LF_SUB,_Z,Y,_T,Y_GE15,_Z,Q,2.666667,0,1,A
2021-Q4,CZE,UNE_LF_M,PT_LF_SUB,_Z,Y,_T,Y_GE15,_Z,Q,2.3,0,1,A
2022-Q1,CZE,UNE_LF_M,PT_LF_SUB,_Z,Y,_T,Y_GE15,_Z,Q,2.366667,0,1,A
2022-Q2,CZE,UNE_LF_M,PT_LF_SUB,_Z,Y,_T,Y_GE15,_Z,Q,2.433333,0,1,A
2022-Q3,CZE,UNE_LF_M,PT_LF_SUB,_Z,Y,_T,Y_GE15,_Z,Q,2.3,0,1,A
2022-Q4,CZE,UNE_LF_M,PT_LF_SUB,_Z,Y,_T,Y_GE15,_Z,Q,2.433333,0,1,A
2023-Q1,CZE,UNE_LF_M,PT_LF_SUB,_Z,Y,_T,Y_GE15,_Z,Q,2.5,0,1,A
2023-Q2,CZE,UNE_LF_M,PT_LF_SUB,_Z,Y,_T,Y_GE15,_Z,Q,2.566667,0,1,A
2023-Q3,CZE,UNE_LF_M,PT_LF_SUB,_Z,Y,_T,Y_GE15,_Z,Q,2.666667,0,1,A
2023-Q4,CZE,UNE_LF_M,PT_LF_SUB,_Z,Y,_T,Y_GE15,_Z,Q,2.733333,0,1,A
2024-Q1,CZE,UNE_LF_M,PT_LF_SUB,_Z,Y,_T,Y_GE15,_Z,Q,2.833333,0,1,A
2024-Q2,CZE,UNE_LF_M,PT_LF_SUB,_Z,Y,_T,Y_GE15,_Z,Q,2.766667,0,1,A
2024-Q3,CZE,UNE_LF_M,PT_LF_SUB,_Z,Y,_T,Y_GE15,_Z,Q,2.7,0,1,A
2024-Q4,CZE,UNE_LF_M,PT_LF_SUB,_Z,Y,_T,Y_GE15,_Z,Q,2.7,0,1,A
2025-Q1,CZE,UNE_LF_M,PT_LF_SUB,_Z,Y,_T,Y_GE15,_Z,Q,2.6,0,1,A
2025-Q2,CZE,UNE_LF_M,PT_LF_SUB,_Z,Y,_T,Y_GE15,_Z,Q,2.866667,0,1,A
2025-Q3,CZE,UNE_LF_M,PT_LF_SUB,_Z,Y,_T,Y_GE15,_Z,Q,2.966667,0,1,A
2025-Q4,CZE,UNE_LF_M,PT_LF_SUB,_Z,Y,_T,Y_GE15,_Z,Q,3.166667,0,1,A
1995-Q1,ISR,UNE_LF_M,PT_LF_SUB,_Z,Y,_T,Y_GE15,_Z,Q,7.228455,0,1,A
1995-Q2,ISR,UNE_LF_M,PT_LF_SUB,_Z,Y,_T,Y_GE15,_Z,Q,6.569006,0,1,A
1995-Q3,ISR,UNE_LF_M,PT_LF_SUB,_Z,Y,_T,Y_GE15,_Z,Q,6.703467,0,1,A
1995-Q4,ISR,UNE_LF_M,PT_LF_SUB,_Z,Y,_T,Y_GE15,_Z,Q,6.825059,0,1,A
1996-Q1,ISR,UNE_LF_M,PT_LF_SUB,_Z,Y,_T,Y_GE15,_Z,Q,6.495702,0,1,A
1996-Q2,ISR,UNE_LF_M,PT_LF_SUB,_Z,Y,_T,Y_GE15,_Z,Q,6.313071,0,1,A
1996-Q3,ISR,UNE_LF_M,PT_LF_SUB,_Z,Y,_T,Y_GE15,_Z,Q,6.654221,0,1,A
1996-Q4,ISR,UNE_LF_M,PT_LF_SUB,_Z,Y,_T,Y_GE15,_Z,Q,7.070201,0,1,A
1997-Q1,ISR,UNE_LF_M,PT_LF_SUB,_Z,Y,_T,Y_GE15,_Z,Q,7.222445,0,1,A
1997-Q2,ISR,UNE_LF_M,PT_LF_SUB,_Z,Y,_T,Y_GE15,_Z,Q,7.664562,0,1,A
1997-Q3,ISR,UNE_LF_M,PT_LF_SUB,_Z,Y,_T,Y_GE15,_Z,Q,7.954044,0,1,A
1997-Q4,ISR,UNE_LF_M,PT_LF_SUB,_Z,Y,_T,Y_GE15,_Z,Q,8.72161,0,1,A
1998-Q1,ISR,UNE_LF_M,PT_LF_SUB,_Z,Y,_T,Y_GE15,_Z,Q,8.72161,0,1,A
1998-Q2,ISR,UNE_LF_M,PT_LF_SUB,_Z,Y,_T,Y_GE15,_Z,Q,9.085989,0,1,A
1998-Q3,ISR,UNE_LF_M,PT_LF_SUB,_Z,Y,_T,Y_GE15,_Z,Q,8.202369,0,1,A
1998-Q4,ISR,UNE_LF_M,PT_LF_SUB,_Z,Y,_T,Y_GE15,_Z,Q,8.051729,0,1,A
1999-Q1,ISR,UNE_LF_M,PT_LF_SUB,_Z,Y,_T,Y_GE15,_Z,Q,8.646311,0,1,A
1999-Q2,ISR,UNE_LF_M,PT_LF_SUB,_Z,Y,_T,Y_GE15,_Z,Q,8.978733,0,1,A
1999-Q3,ISR,UNE_LF_M,PT_LF_SUB,_Z,Y,_T,Y_GE15,_Z,Q,8.850125,0,1,A
1999-Q4,ISR,UNE_LF_M,PT_LF_SUB,_Z,Y,_T,Y_GE15,_Z,Q,8.731811,0,1,A
2000-Q1,ISR,UNE_LF_M,PT_LF_SUB,_Z,Y,_T,Y_GE15,_Z,Q,8.583014,0,1,A
2000-Q2,ISR,UNE_LF_M,PT_LF_SUB,_Z,Y,_T,Y_GE15,_Z,Q,8.730902,0,1,A
2000-Q3,ISR,UNE_LF_M,PT_LF_SUB,_Z,Y,_T,Y_GE15,_Z,Q,8.886909,0,1,A
2000-Q4,ISR,UNE_LF_M,PT_LF_SUB,_Z,Y,_T,Y_GE15,_Z,Q,8.840213,0,1,A
2001-Q1,ISR,UNE_LF_M,PT_LF_SUB,_Z,Y,_T,Y_GE15,_Z,Q,8.610055,0,1,A
2001-Q2,ISR,UNE_LF_M,PT_LF_SUB,_Z,Y,_T,Y_GE15,_Z,Q,8.88157,0,1,A
2001-Q3,ISR,UNE_LF_M,PT_LF_SUB,_Z,Y,_T,Y_GE15,_Z,Q,9.51546,0,1,A
2001-Q4,ISR,UNE_LF_M,PT_LF_SUB,_Z,Y,_T,Y_GE15,_Z,Q,10.1992,0,1,A
2002-Q1,ISR,UNE_LF_M,PT_LF_SUB,_Z,Y,_T,Y_GE15,_Z,Q,10.36528,0,1,A
2002-Q2,ISR,UNE_LF_M,PT_LF_SUB,_Z,Y,_T,Y_GE15,_Z,Q,10.33716,0,1,A
2002-Q3,ISR,UNE_LF_M,PT_LF_SUB,_Z,Y,_T,Y_GE15,_Z,Q,10.27996,0,1,A
2002-Q4,ISR,UNE_LF_M,PT_LF_SUB,_Z,Y,_T,Y_GE15,_Z,Q,10.14563,0,1,A
2003-Q1,ISR,UNE_LF_M,PT_LF_SUB,_Z,Y,_T,Y_GE15,_Z,Q,10.65303,0,1,A
2003-Q2,ISR,UNE_LF_M,PT_LF_SUB,_Z,Y,_T,Y_GE15,_Z,Q,10.32521,0,1,A
2003-Q3,ISR,UNE_LF_M,PT_LF_SUB,_Z,Y,_T,Y_GE15,_Z,Q,10.82036,0,1,A
2003-Q4,ISR,UNE_LF_M,PT_LF_SUB,_Z,Y,_T,Y_GE15,_Z,Q,10.8832,0,1,A
2004-Q1,ISR,UNE_LF_M,PT_LF_SUB,_Z,Y,_T,Y_GE15,_Z,Q,10.9159,0,1,A
2004-Q2,ISR,UNE_LF_M,PT_LF_SUB,_Z,Y,_T,Y_GE15,_Z,Q,10.44074,0,1,A
2004-Q3,ISR,UNE_LF_M,PT_LF_SUB,_Z,Y,_T,Y_GE15,_Z,Q,10.12025,0,1,A
2004-Q4,ISR,UNE_LF_M,PT_LF_SUB,_Z,Y,_T,Y_GE15,_Z,Q,9.746686,0,1,A
2005-Q1,ISR,UNE_LF_M,PT_LF_SUB,_Z,Y,_T,Y_GE15,_Z,Q,9.399911,0,1,A
2005-Q2,ISR,UNE_LF_M,PT_LF_SUB,_Z,Y,_T,Y_GE15,_Z,Q,9.02829,0,1,A
2005-Q3,ISR,UNE_LF_M,PT_LF_SUB,_Z,Y,_T,Y_GE15,_Z,Q,8.807969,0,1,A
2005-Q4,ISR,UNE_LF_M,PT_LF_SUB,_Z,Y,_T,Y_GE15,_Z,Q,8.952209,0,1,A
2006-Q1,ISR,UNE_LF_M,PT_LF_SUB,_Z,Y,_T,Y_GE15,_Z,Q,8.693213,0,1,A
2006-Q2,ISR,UNE_LF_M,PT_LF_SUB,_Z,Y,_T,Y_GE15,_Z,Q,8.640979,0,1,A
2006-Q3,ISR,UNE_LF_M,PT_LF_SUB,_Z,Y,_T,Y_GE15,_Z,Q,8.334103,0,1,A
2006-Q4,ISR,UNE_LF_M,PT_LF_SUB,_Z,Y,_T,Y_GE15,_Z,Q,7.822766,0,1,A
2007-Q1,ISR,UNE_LF_M,PT_LF_SUB,_Z,Y,_T,Y_GE15,_Z,Q,7.663089,0,1,A
2007-Q2,ISR,UNE_LF_M,PT_LF_SUB,_Z,Y,_T,Y_GE15,_Z,Q,7.552183,0,1,A
2007-Q3,ISR,UNE_LF_M,PT_LF_SUB,_Z,Y,_T,Y_GE15,_Z,Q,7.181745,0,1,A
2007-Q4,ISR,UNE_LF_M,PT_LF_SUB,_Z,Y,_T,Y_GE15,_Z,Q,6.713046,0,1,A
2008-Q1,ISR,UNE_LF_M,PT_LF_SUB,_Z,Y,_T,Y_GE15,_Z,Q,6.197748,0,1,A
2008-Q2,ISR,UNE_LF_M,PT_LF_SUB,_Z,Y,_T,Y_GE15,_Z,Q,5.995101,0,1,A
2008-Q3,ISR,UNE_LF_M,PT_LF_SUB,_Z,Y,_T,Y_GE15,_Z,Q,5.965548,0,1,A
2008-Q4,ISR,UNE_LF_M,PT_LF_SUB,_Z,Y,_T,Y_GE15,_Z,Q,6.399819,0,1,A
2009-Q1,ISR,UNE_LF_M,PT_LF_SUB,_Z,Y,_T,Y_GE15,_Z,Q,7.469288,0,1,A
2009-Q2,ISR,UNE_LF_M,PT_LF_SUB,_Z,Y,_T,Y_GE15,_Z,Q,7.922165,0,1,A
2009-Q3,ISR,UNE_LF_M,PT_LF_SUB,_Z,Y,_T,Y_GE15,_Z,Q,7.67085,0,1,A
2009-Q4,ISR,UNE_LF_M,PT_LF_SUB,_Z,Y,_T,Y_GE15,_Z,Q,7.204072,0,1,A
2010-Q1,ISR,UNE_LF_M,PT_LF_SUB,_Z,Y,_T,Y_GE15,_Z,Q,6.863624,0,1,A
2010-Q2,ISR,UNE_LF_M,PT_LF_SUB,_Z,Y,_T,Y_GE15,_Z,Q,6.548932,0,1,A
2010-Q3,ISR,UNE_LF_M,PT_LF_SUB,_Z,Y,_T,Y_GE15,_Z,Q,6.644068,0,1,A
2010-Q4,ISR,UNE_LF_M,PT_LF_SUB,_Z,Y,_T,Y_GE15,_Z,Q,6.461596,0,1,A
2011-Q1,ISR,UNE_LF_M,PT_LF_SUB,_Z,Y,_T,Y_GE15,_Z,Q,5.953878,0,1,A
2011-Q2,ISR,UNE_LF_M,PT_LF_SUB,_Z,Y,_T,Y_GE15,_Z,Q,5.463726,0,1,A
2011-Q3,ISR,UNE_LF_M,PT_LF_SUB,_Z,Y,_T,Y_GE15,_Z,Q,5.6,0,1,A
2012-Q1,ISR,UNE_LF_M,PT_LF_SUB,_Z,Y,_T,Y_GE15,_Z,Q,7.023344,0,1,A
2012-Q2,ISR,UNE_LF_M,PT_LF_SUB,_Z,Y,_T,Y_GE15,_Z,Q,6.951167,0,1,A
2012-Q3,ISR,UNE_LF_M,PT_LF_SUB,_Z,Y,_T,Y_GE15,_Z,Q,6.660133,0,1,A
2012-Q4,ISR,UNE_LF_M,PT_LF_SUB,_Z,Y,_T,Y_GE15,_Z,Q,6.869794,0,1,A
2013-Q1,ISR,UNE_LF_M,PT_LF_SUB,_Z,Y,_T,Y_GE15,_Z,Q,6.704144,0,1,A
2013-Q2,ISR,UNE_LF_M,PT_LF_SUB,_Z,Y,_T,Y_GE15,_Z,Q,6.53153,0,1,A
2013-Q3,ISR,UNE_LF_M,PT_LF_SUB,_Z,Y,_T,Y_GE15,_Z,Q,5.913466,0,1,A
2013-Q4,ISR,UNE_LF_M,PT_LF_SUB,_Z,Y,_T,Y_GE15,_Z,Q,5.699246,0,1,A
2014-Q1,ISR,UNE_LF_M,PT_LF_SUB,_Z,Y,_T,Y_GE15,_Z,Q,5.805157,0,1,A
2014-Q2,ISR,UNE_LF_M,PT_LF_SUB,_Z,Y,_T,Y_GE15,_Z,Q,5.931104,0,1,A
2014-Q3,ISR,UNE_LF_M,PT_LF_SUB,_Z,Y,_T,Y_GE15,_Z,Q,6.094486,0,1,A
2014-Q4,ISR,UNE_LF_M,PT_LF_SUB,_Z,Y,_T,Y_GE15,_Z,Q,5.694867,0,1,A
2015-Q1,ISR,UNE_LF_M,PT_LF_SUB,_Z,Y,_T,Y_GE15,_Z,Q,5.420909,0,1,A
2015-Q2,ISR,UNE_LF_M,PT_LF_SUB,_Z,Y,_T,Y_GE15,_Z,Q,5.159172,0,1,A
2015-Q3,ISR,UNE_LF_M,PT_LF_SUB,_Z,Y,_T,Y_GE15,_Z,Q,5.168797,0,1,A
2015-Q4,ISR,UNE_LF_M,PT_LF_SUB,_Z,Y,_T,Y_GE15,_Z,Q,5.199335,0,1,A
2016-Q1,ISR,UNE_LF_M,PT_LF_SUB,_Z,Y,_T,Y_GE15,_Z,Q,5.22964,0,1,A
2016-Q2,ISR,UNE_LF_M,PT_LF_SUB,_Z,Y,_T,Y_GE15,_Z,Q,4.824649,0,1,A
2016-Q3,ISR,UNE_LF_M,PT_LF_SUB,_Z,Y,_T,Y_GE15,_Z,Q,4.754269,0,1,A
2016-Q4,ISR,UNE_LF_M,PT_LF_SUB,_Z,Y,_T,Y_GE15,_Z,Q,4.523556,0,1,A
2017-Q1,ISR,UNE_LF_M,PT_LF_SUB,_Z,Y,_T,Y_GE15,_Z,Q,4.391475,0,1,A
2017-Q2,ISR,UNE_LF_M,PT_LF_SUB,_Z,Y,_T,Y_GE15,_Z,Q,4.413105,0,1,A
2017-Q3,ISR,UNE_LF_M,PT_LF_SUB,_Z,Y,_T,Y_GE15,_Z,Q,4.011312,0,1,A
2017-Q4,ISR,UNE_LF_M,PT_LF_SUB,_Z,Y,_T,Y_GE15,_Z,Q,4.094908,0,1,A
2018-Q1,ISR,UNE_LF_M,PT_LF_SUB,_Z,Y,_T,Y_GE15,_Z,Q,3.765377,0,1,A
2018-Q2,ISR,UNE_LF_M,PT_LF_SUB,_Z,Y,_T,Y_GE15,_Z,Q,4.026855,0,1,A
2018-Q3,ISR,UNE_LF_M,PT_LF_SUB,_Z,Y,_T,Y_GE15,_Z,Q,4.06148,0,1,A
2018-Q4,ISR,UNE_LF_M,PT_LF_SUB,_Z,Y,_T,Y_GE15,_Z,Q,4.076319,0,1,A
2019-Q1,ISR,UNE_LF_M,PT_LF_SUB,_Z,Y,_T,Y_GE15,_Z,Q,4.037218,0,1,A
2019-Q2,ISR,UNE_LF_M,PT_LF_SUB,_Z,Y,_T,Y_GE15,_Z,Q,3.881735,0,1,A
2019-Q3,ISR,UNE_LF_M,PT_LF_SUB,_Z,Y,_T,Y_GE15,_Z,Q,3.650215,0,1,A
2019-Q4,ISR,UNE_LF_M,PT_LF_SUB,_Z,Y,_T,Y_GE15,_Z,Q,3.705642,0,1,A
2020-Q1,ISR,UNE_LF_M,PT_LF_SUB,_Z,Y,_T,Y_GE15,_Z,Q,3.508418,0,1,A
2020-Q2,ISR,UNE_LF_M,PT_LF_SUB,_Z,Y,_T,Y_GE15,_Z,Q,4.174122,0,1,A
2020-Q3,ISR,UNE_LF_M,PT_LF_SUB,_Z,Y,_T,Y_GE15,_Z,Q,4.758237,0,1,A
2020-Q4,ISR,UNE_LF_M,PT_LF_SUB,_Z,Y,_T,Y_GE15,_Z,Q,4.733887,0,1,A
2021-Q1,ISR,UNE_LF_M,PT_LF_SUB,_Z,Y,_T,Y_GE15,_Z,Q,5.034403,0,1,A
2021-Q2,ISR,UNE_LF_M,PT_LF_SUB,_Z,Y,_T,Y_GE15,_Z,Q,5.356627,0,1,A
2021-Q3,ISR,UNE_LF_M,PT_LF_SUB,_Z,Y,_T,Y_GE15,_Z,Q,5.078491,0,1,A
2021-Q4,ISR,UNE_LF_M,PT_LF_SUB,_Z,Y,_T,Y_GE15,_Z,Q,4.576724,0,1,A
2022-Q1,ISR,UNE_LF_M,PT_LF_SUB,_Z,Y,_T,Y_GE15,_Z,Q,3.752127,0,1,A
2022-Q2,ISR,UNE_LF_M,PT_LF_SUB,_Z,Y,_T,Y_GE15,_Z,Q,3.481739,0,1,A
2022-Q3,ISR,UNE_LF_M,PT_LF_SUB,_Z,Y,_T,Y_GE15,_Z,Q,3.704342,0,1,A
2022-Q4,ISR,UNE_LF_M,PT_LF_SUB,_Z,Y,_T,Y_GE15,_Z,Q,4.12901,0,1,A
2023-Q1,ISR,UNE_LF_M,PT_LF_SUB,_Z,Y,_T,Y_GE15,_Z,Q,3.892102,0,1,A
2023-Q2,ISR,UNE_LF_M,PT_LF_SUB,_Z,Y,_T,Y_GE15,_Z,Q,3.513898,0,1,A
2023-Q3,ISR,UNE_LF_M,PT_LF_SUB,_Z,Y,_T,Y_GE15,_Z,Q,3.296038,0,1,A
2023-Q4,ISR,UNE_LF_M,PT_LF_SUB,_Z,Y,_T,Y_GE15,_Z,Q,3.075178,0,1,A
2024-Q1,ISR,UNE_LF_M,PT_LF_SUB,_Z,Y,_T,Y_GE15,_Z,Q,3.297034,0,1,A
2024-Q2,ISR,UNE_LF_M,PT_LF_SUB,_Z,Y,_T,Y_GE15,_Z,Q,3.213335,0,1,A
2024-Q3,ISR,UNE_LF_M,PT_LF_SUB,_Z,Y,_T,Y_GE15,_Z,Q,2.69561,0,1,A
2025-Q1,ISR,UNE_LF_M,PT_LF_SUB,_Z,Y,_T,Y_GE15,_Z,Q,2.789357,0,1,A
2025-Q2,ISR,UNE_LF_M,PT_LF_SUB,_Z,Y,_T,Y_GE15,_Z,Q,2.924596,0,1,A
2025-Q3,ISR,UNE_LF_M,PT_LF_SUB,_Z,Y,_T,Y_GE15,_Z,Q,2.994217,0,1,A
2025-Q4,ISR,UNE_LF_M,PT_LF_SUB,_Z,Y,_T,Y_GE15,_Z,Q,3.058602,0,1,A
1993-Q1,AUT,UNE_LF_M,PT_LF_SUB,_Z,Y,_T,Y_GE15,_Z,Q,3.833333,0,1,A
1993-Q2,AUT,UNE_LF_M,PT_LF_SUB,_Z,Y,_T,Y_GE15,_Z,Q,3.966667,0,1,A
1993-Q3,AUT,UNE_LF_M,PT_LF_SUB,_Z,Y,_T,Y_GE15,_Z,Q,4.033333,0,1,A
1993-Q4,AUT,UNE_LF_M,PT_LF_SUB,_Z,Y,_T,Y_GE15,_Z,Q,4,0,1,A
1994-Q1,AUT,UNE_LF_M,PT_LF_SUB,_Z,Y,_T,Y_GE15,_Z,Q,3.9,0,1,A
1994-Q2,AUT,UNE_LF_M,PT_LF_SUB,_Z,Y,_T,Y_GE15,_Z,Q,3.833333,0,1,A
1994-Q3,AUT,UNE_LF_M,PT_LF_SUB,_Z,Y,_T,Y_GE15,_Z,Q,3.8,0,1,A
1994-Q4,AUT,UNE_LF_M,PT_LF_SUB,_Z,Y,_T,Y_GE15,_Z,Q,3.8,0,1,A
1995-Q1,AUT,UNE_LF_M,PT_LF_SUB,_Z,Y,_T,Y_GE15,_Z,Q,3.933333,0,1,A
1995-Q2,AUT,UNE_LF_M,PT_LF_SUB,_Z,Y,_T,Y_GE15,_Z,Q,4.1,0,1,A
1995-Q3,AUT,UNE_LF_M,PT_LF_SUB,_Z,Y,_T,Y_GE15,_Z,Q,4.366667,0,1,A
1995-Q4,AUT,UNE_LF_M,PT_LF_SUB,_Z,Y,_T,Y_GE15,_Z,Q,4.566667,0,1,A
1996-Q1,AUT,UNE_LF_M,PT_LF_SUB,_Z,Y,_T,Y_GE15,_Z,Q,4.766667,0,1,A
1996-Q2,AUT,UNE_LF_M,PT_LF_SUB,_Z,Y,_T,Y_GE15,_Z,Q,4.8,0,1,A
1996-Q3,AUT,UNE_LF_M,PT_LF_SUB,_Z,Y,_T,Y_GE15,_Z,Q,4.7,0,1,A
1996-Q4,AUT,UNE_LF_M,PT_LF_SUB,_Z,Y,_T,Y_GE15,_Z,Q,4.6,0,1,A
1997-Q1,AUT,UNE_LF_M,PT_LF_SUB,_Z,Y,_T,Y_GE15,_Z,Q,4.666667,0,1,A
1997-Q2,AUT,UNE_LF_M,PT_LF_SUB,_Z,Y,_T,Y_GE15,_Z,Q,4.7,0,1,A
1997-Q3,AUT,UNE_LF_M,PT_LF_SUB,_Z,Y,_T,Y_GE15,_Z,Q,4.8,0,1,A
1997-Q4,AUT,UNE_LF_M,PT_LF_SUB,_Z,Y,_T,Y_GE15,_Z,Q,4.866667,0,1,A
1998-Q1,AUT,UNE_LF_M,PT_LF_SUB,_Z,Y,_T,Y_GE15,_Z,Q,4.933333,0,1,A
1998-Q2,AUT,UNE_LF_M,PT_LF_SUB,_Z,Y,_T,Y_GE15,_Z,Q,4.833333,0,1,A
1998-Q3,AUT,UNE_LF_M,PT_LF_SUB,_Z,Y,_T,Y_GE15,_Z,Q,4.666667,0,1,A
1998-Q4,AUT,UNE_LF_M,PT_LF_SUB,_Z,Y,_T,Y_GE15,_Z,Q,4.4,0,1,A
1999-Q1,AUT,UNE_LF_M,PT_LF_SUB,_Z,Y,_T,Y_GE15,_Z,Q,4.233333,0,1,A
1999-Q2,AUT,UNE_LF_M,PT_LF_SUB,_Z,Y,_T,Y_GE15,_Z,Q,4.2,0,1,A
1999-Q3,AUT,UNE_LF_M,PT_LF_SUB,_Z,Y,_T,Y_GE15,_Z,Q,4.033333,0,1,A
1999-Q4,AUT,UNE_LF_M,PT_LF_SUB,_Z,Y,_T,Y_GE15,_Z,Q,4.1,0,1,A
2000-Q1,AUT,UNE_LF_M,PT_LF_SUB,_Z,Y,_T,Y_GE15,_Z,Q,4.233333,0,1,A
2000-Q2,AUT,UNE_LF_M,PT_LF_SUB,_Z,Y,_T,Y_GE15,_Z,Q,3.7,0,1,A
2000-Q3,AUT,UNE_LF_M,PT_LF_SUB,_Z,Y,_T,Y_GE15,_Z,Q,3.833333,0,1,A
2000-Q4,AUT,UNE_LF_M,PT_LF_SUB,_Z,Y,_T,Y_GE15,_Z,Q,3.766667,0,1,A
2001-Q1,AUT,UNE_LF_M,PT_LF_SUB,_Z,Y,_T,Y_GE15,_Z,Q,3.633333,0,1,A
2001-Q2,AUT,UNE_LF_M,PT_LF_SUB,_Z,Y,_T,Y_GE15,_Z,Q,4,0,1,A
2001-Q3,AUT,UNE_LF_M,PT_LF_SUB,_Z,Y,_T,Y_GE15,_Z,Q,4.1,0,1,A
2001-Q4,AUT,UNE_LF_M,PT_LF_SUB,_Z,Y,_T,Y_GE15,_Z,Q,4.3,0,1,A
2002-Q1,AUT,UNE_LF_M,PT_LF_SUB,_Z,Y,_T,Y_GE15,_Z,Q,4.5,0,1,A
2002-Q2,AUT,UNE_LF_M,PT_LF_SUB,_Z,Y,_T,Y_GE15,_Z,Q,4.233333,0,1,A
2002-Q3,AUT,UNE_LF_M,PT_LF_SUB,_Z,Y,_T,Y_GE15,_Z,Q,4.4,0,1,A
2002-Q4,AUT,UNE_LF_M,PT_LF_SUB,_Z,Y,_T,Y_GE15,_Z,Q,4.433333,0,1,A
2003-Q1,AUT,UNE_LF_M,PT_LF_SUB,_Z,Y,_T,Y_GE15,_Z,Q,4.533333,0,1,A
2003-Q2,AUT,UNE_LF_M,PT_LF_SUB,_Z,Y,_T,Y_GE15,_Z,Q,4.8,0,1,A
2003-Q3,AUT,UNE_LF_M,PT_LF_SUB,_Z,Y,_T,Y_GE15,_Z,Q,4.8,0,1,A
2004-Q2,AUT,UNE_LF_M,PT_LF_SUB,_Z,Y,_T,Y_GE15,_Z,Q,5.8,0,1,A
2004-Q3,AUT,UNE_LF_M,PT_LF_SUB,_Z,Y,_T,Y_GE15,_Z,Q,5.766667,0,1,A
2004-Q4,AUT,UNE_LF_M,PT_LF_SUB,_Z,Y,_T,Y_GE15,_Z,Q,5.933333,0,1,A
2005-Q1,AUT,UNE_LF_M,PT_LF_SUB,_Z,Y,_T,Y_GE15,_Z,Q,5.8,0,1,A
2005-Q3,AUT,UNE_LF_M,PT_LF_SUB,_Z,Y,_T,Y_GE15,_Z,Q,6.033333,0,1,A
2005-Q4,AUT,UNE_LF_M,PT_LF_SUB,_Z,Y,_T,Y_GE15,_Z,Q,6.133333,0,1,A
2006-Q1,AUT,UNE_LF_M,PT_LF_SUB,_Z,Y,_T,Y_GE15,_Z,Q,6.066667,0,1,A
2006-Q2,AUT,UNE_LF_M,PT_LF_SUB,_Z,Y,_T,Y_GE15,_Z,Q,5.7,0,1,A
2006-Q3,AUT,UNE_LF_M,PT_LF_SUB,_Z,Y,_T,Y_GE15,_Z,Q,5.3,0,1,A
2006-Q4,AUT,UNE_LF_M,PT_LF_SUB,_Z,Y,_T,Y_GE15,_Z,Q,5.333333,0,1,A
2007-Q1,AUT,UNE_LF_M,PT_LF_SUB,_Z,Y,_T,Y_GE15,_Z,Q,5.233333,0,1,A
2007-Q2,AUT,UNE_LF_M,PT_LF_SUB,_Z,Y,_T,Y_GE15,_Z,Q,5.433333,0,1,A
2007-Q3,AUT,UNE_LF_M,PT_LF_SUB,_Z,Y,_T,Y_GE15,_Z,Q,5.266667,0,1,A
2007-Q4,AUT,UNE_LF_M,PT_LF_SUB,_Z,Y,_T,Y_GE15,_Z,Q,4.833333,0,1,A
2008-Q1,AUT,UNE_LF_M,PT_LF_SUB,_Z,Y,_T,Y_GE15,_Z,Q,4.533333,0,1,A
2008-Q2,AUT,UNE_LF_M,PT_LF_SUB,_Z,Y,_T,Y_GE15,_Z,Q,4.1,0,1,A
2008-Q3,AUT,UNE_LF_M,PT_LF_SUB,_Z,Y,_T,Y_GE15,_Z,Q,4.333333,0,1,A
2008-Q4,AUT,UNE_LF_M,PT_LF_SUB,_Z,Y,_T,Y_GE15,_Z,Q,4.7,0,1,A
2009-Q1,AUT,UNE_LF_M,PT_LF_SUB,_Z,Y,_T,Y_GE15,_Z,Q,5.133333,0,1,A
2009-Q2,AUT,UNE_LF_M,PT_LF_SUB,_Z,Y,_T,Y_GE15,_Z,Q,5.733333,0,1,A
2009-Q3,AUT,UNE_LF_M,PT_LF_SUB,_Z,Y,_T,Y_GE15,_Z,Q,6.133333,0,1,A
2009-Q4,AUT,UNE_LF_M,PT_LF_SUB,_Z,Y,_T,Y_GE15,_Z,Q,5.766667,0,1,A
2010-Q1,AUT,UNE_LF_M,PT_LF_SUB,_Z,Y,_T,Y_GE15,_Z,Q,5.4,0,1,A
2010-Q2,AUT,UNE_LF_M,PT_LF_SUB,_Z,Y,_T,Y_GE15,_Z,Q,5.333333,0,1,A
2010-Q3,AUT,UNE_LF_M,PT_LF_SUB,_Z,Y,_T,Y_GE15,_Z,Q,5.166667,0,1,A
2010-Q4,AUT,UNE_LF_M,PT_LF_SUB,_Z,Y,_T,Y_GE15,_Z,Q,4.866667,0,1,A
2011-Q1,AUT,UNE_LF_M,PT_LF_SUB,_Z,Y,_T,Y_GE15,_Z,Q,5.133333,0,1,A
2011-Q2,AUT,UNE_LF_M,PT_LF_SUB,_Z,Y,_T,Y_GE15,_Z,Q,4.8,0,1,A
2011-Q3,AUT,UNE_LF_M,PT_LF_SUB,_Z,Y,_T,Y_GE15,_Z,Q,4.333333,0,1,A
2011-Q4,AUT,UNE_LF_M,PT_LF_SUB,_Z,Y,_T,Y_GE15,_Z,Q,5.233333,0,1,A
2012-Q1,AUT,UNE_LF_M,PT_LF_SUB,_Z,Y,_T,Y_GE15,_Z,Q,4.866667,0,1,A
2012-Q2,AUT,UNE_LF_M,PT_LF_SUB,_Z,Y,_T,Y_GE15,_Z,Q,5.2,0,1,A
2012-Q3,AUT,UNE_LF_M,PT_LF_SUB,_Z,Y,_T,Y_GE15,_Z,Q,5.5,0,1,A
2012-Q4,AUT,UNE_LF_M,PT_LF_SUB,_Z,Y,_T,Y_GE15,_Z,Q,5.4,0,1,A
2013-Q1,AUT,UNE_LF_M,PT_LF_SUB,_Z,Y,_T,Y_GE15,_Z,Q,5.866667,0,1,A
2013-Q2,AUT,UNE_LF_M,PT_LF_SUB,_Z,Y,_T,Y_GE15,_Z,Q,5.433333,0,1,A
2013-Q3,AUT,UNE_LF_M,PT_LF_SUB,_Z,Y,_T,Y_GE15,_Z,Q,5.7,0,1,A
2013-Q4,AUT,UNE_LF_M,PT_LF_SUB,_Z,Y,_T,Y_GE15,_Z,Q,5.866667,0,1,A
2014-Q1,AUT,UNE_LF_M,PT_LF_SUB,_Z,Y,_T,Y_GE15,_Z,Q,6.1,0,1,A
2014-Q2,AUT,UNE_LF_M,PT_LF_SUB,_Z,Y,_T,Y_GE15,_Z,Q,5.866667,0,1,A
2014-Q3,AUT,UNE_LF_M,PT_LF_SUB,_Z,Y,_T,Y_GE15,_Z,Q,6.066667,0,1,A
2014-Q4,AUT,UNE_LF_M,PT_LF_SUB,_Z,Y,_T,Y_GE15,_Z,Q,6.1,0,1,A
2015-Q1,AUT,UNE_LF_M,PT_LF_SUB,_Z,Y,_T,Y_GE15,_Z,Q,6,0,1,A
2015-Q2,AUT,UNE_LF_M,PT_LF_SUB,_Z,Y,_T,Y_GE15,_Z,Q,6.266667,0,1,A
2015-Q4,AUT,UNE_LF_M,PT_LF_SUB,_Z,Y,_T,Y_GE15,_Z,Q,6.3,0,1,A
2016-Q2,AUT,UNE_LF_M,PT_LF_SUB,_Z,Y,_T,Y_GE15,_Z,Q,6.6,0,1,A
2016-Q3,AUT,UNE_LF_M,PT_LF_SUB,_Z,Y,_T,Y_GE15,_Z,Q,6.633333,0,1,A
2016-Q4,AUT,UNE_LF_M,PT_LF_SUB,_Z,Y,_T,Y_GE15,_Z,Q,6.2,0,1,A
2017-Q1,AUT,UNE_LF_M,PT_LF_SUB,_Z,Y,_T,Y_GE15,_Z,Q,6.166667,0,1,A
2017-Q2,AUT,UNE_LF_M,PT_LF_SUB,_Z,Y,_T,Y_GE15,_Z,Q,5.9,0,1,A
2017-Q3,AUT,UNE_LF_M,PT_LF_SUB,_Z,Y,_T,Y_GE15,_Z,Q,5.9,0,1,A
2017-Q4,AUT,UNE_LF_M,PT_LF_SUB,_Z,Y,_T,Y_GE15,_Z,Q,5.833333,0,1,A
2018-Q1,AUT,UNE_LF_M,PT_LF_SUB,_Z,Y,_T,Y_GE15,_Z,Q,5.433333,0,1,A
2018-Q2,AUT,UNE_LF_M,PT_LF_SUB,_Z,Y,_T,Y_GE15,_Z,Q,5,0,1,A
2018-Q3,AUT,UNE_LF_M,PT_LF_SUB,_Z,Y,_T,Y_GE15,_Z,Q,5.366667,0,1,A
2018-Q4,AUT,UNE_LF_M,PT_LF_SUB,_Z,Y,_T,Y_GE15,_Z,Q,5.1,0,1,A
2019-Q1,AUT,UNE_LF_M,PT_LF_SUB,_Z,Y,_T,Y_GE15,_Z,Q,5.066667,0,1,A
2019-Q2,AUT,UNE_LF_M,PT_LF_SUB,_Z,Y,_T,Y_GE15,_Z,Q,4.866667,0,1,A
2019-Q4,AUT,UNE_LF_M,PT_LF_SUB,_Z,Y,_T,Y_GE15,_Z,Q,4.533333,0,1,A
2020-Q1,AUT,UNE_LF_M,PT_LF_SUB,_Z,Y,_T,Y_GE15,_Z,Q,4.666667,0,1,A
2020-Q2,AUT,UNE_LF_M,PT_LF_SUB,_Z,Y,_T,Y_GE15,_Z,Q,7,0,1,A
2020-Q3,AUT,UNE_LF_M,PT_LF_SUB,_Z,Y,_T,Y_GE15,_Z,Q,6.433333,0,1,A
2021-Q2,AUT,UNE_LF_M,PT_LF_SUB,_Z,Y,_T,Y_GE15,_Z,Q,6.733333,0,1,A
2021-Q3,AUT,UNE_LF_M,PT_LF_SUB,_Z,Y,_T,Y_GE15,_Z,Q,5.566667,0,1,A
2021-Q4,AUT,UNE_LF_M,PT_LF_SUB,_Z,Y,_T,Y_GE15,_Z,Q,5.2,0,1,A
2022-Q1,AUT,UNE_LF_M,PT_LF_SUB,_Z,Y,_T,Y_GE15,_Z,Q,4.633333,0,1,A
2022-Q2,AUT,UNE_LF_M,PT_LF_SUB,_Z,Y,_T,Y_GE15,_Z,Q,4.466667,0,1,A
2022-Q3,AUT,UNE_LF_M,PT_LF_SUB,_Z,Y,_T,Y_GE15,_Z,Q,4.9,0,1,A
2022-Q4,AUT,UNE_LF_M,PT_LF_SUB,_Z,Y,_T,Y_GE15,_Z,Q,4.933333,0,1,A
2023-Q2,AUT,UNE_LF_M,PT_LF_SUB,_Z,Y,_T,Y_GE15,_Z,Q,5,0,1,A
2023-Q3,AUT,UNE_LF_M,PT_LF_SUB,_Z,Y,_T,Y_GE15,_Z,Q,5.433333,0,1,A
2023-Q4,AUT,UNE_LF_M,PT_LF_SUB,_Z,Y,_T,Y_GE15,_Z,Q,5.166667,0,1,A
2024-Q1,AUT,UNE_LF_M,PT_LF_SUB,_Z,Y,_T,Y_GE15,_Z,Q,4.866667,0,1,A
2024-Q2,AUT,UNE_LF_M,PT_LF_SUB,_Z,Y,_T,Y_GE15,_Z,Q,5.133333,0,1,A
2024-Q3,AUT,UNE_LF_M,PT_LF_SUB,_Z,Y,_T,Y_GE15,_Z,Q,5.333333,0,1,A
2024-Q4,AUT,UNE_LF_M,PT_LF_SUB,_Z,Y,_T,Y_GE15,_Z,Q,5.366667,0,1,A
2025-Q1,AUT,UNE_LF_M,PT_LF_SUB,_Z,Y,_T,Y_GE15,_Z,Q,5.466667,0,1,A
2025-Q2,AUT,UNE_LF_M,PT_LF_SUB,_Z,Y,_T,Y_GE15,_Z,Q,5.733333,0,1,A
1996-Q1,HUN,UNE_LF_M,PT_LF_SUB,_Z,Y,_T,Y_GE15,_Z,Q,10.13333,0,1,A
1996-Q2,HUN,UNE_LF_M,PT_LF_SUB,_Z,Y,_T,Y_GE15,_Z,Q,10,0,1,A
1996-Q3,HUN,UNE_LF_M,PT_LF_SUB,_Z,Y,_T,Y_GE15,_Z,Q,9.8,0,1,A
1996-Q4,HUN,UNE_LF_M,PT_LF_SUB,_Z,Y,_T,Y_GE15,_Z,Q,9.433333,0,1,A
1997-Q1,HUN,UNE_LF_M,PT_LF_SUB,_Z,Y,_T,Y_GE15,_Z,Q,9.133333,0,1,A
1997-Q2,HUN,UNE_LF_M,PT_LF_SUB,_Z,Y,_T,Y_GE15,_Z,Q,9.033334,0,1,A
1997-Q3,HUN,UNE_LF_M,PT_LF_SUB,_Z,Y,_T,Y_GE15,_Z,Q,9,0,1,A
1997-Q4,HUN,UNE_LF_M,PT_LF_SUB,_Z,Y,_T,Y_GE15,_Z,Q,9.066667,0,1,A
1998-Q1,HUN,UNE_LF_M,PT_LF_SUB,_Z,Y,_T,Y_GE15,_Z,Q,9.1,0,1,A
1998-Q2,HUN,UNE_LF_M,PT_LF_SUB,_Z,Y,_T,Y_GE15,_Z,Q,8.9,0,1,A
1998-Q3,HUN,UNE_LF_M,PT_LF_SUB,_Z,Y,_T,Y_GE15,_Z,Q,8.566667,0,1,A
1998-Q4,HUN,UNE_LF_M,PT_LF_SUB,_Z,Y,_T,Y_GE15,_Z,Q,8.066667,0,1,A
1999-Q1,HUN,UNE_LF_M,PT_LF_SUB,_Z,Y,_T,Y_GE15,_Z,Q,7.166667,0,1,A
1999-Q2,HUN,UNE_LF_M,PT_LF_SUB,_Z,Y,_T,Y_GE15,_Z,Q,6.933333,0,1,A
1999-Q3,HUN,UNE_LF_M,PT_LF_SUB,_Z,Y,_T,Y_GE15,_Z,Q,6.733333,0,1,A
1999-Q4,HUN,UNE_LF_M,PT_LF_SUB,_Z,Y,_T,Y_GE15,_Z,Q,6.666667,0,1,A
2000-Q1,HUN,UNE_LF_M,PT_LF_SUB,_Z,Y,_T,Y_GE15,_Z,Q,6.566667,0,1,A
2000-Q2,HUN,UNE_LF_M,PT_LF_SUB,_Z,Y,_T,Y_GE15,_Z,Q,6.4,0,1,A
2000-Q3,HUN,UNE_LF_M,PT_LF_SUB,_Z,Y,_T,Y_GE15,_Z,Q,6.1,0,1,A
2000-Q4,HUN,UNE_LF_M,PT_LF_SUB,_Z,Y,_T,Y_GE15,_Z,Q,5.9,0,1,A
2001-Q1,HUN,UNE_LF_M,PT_LF_SUB,_Z,Y,_T,Y_GE15,_Z,Q,5.666667,0,1,A
2001-Q2,HUN,UNE_LF_M,PT_LF_SUB,_Z,Y,_T,Y_GE15,_Z,Q,5.6,0,1,A
2001-Q3,HUN,UNE_LF_M,PT_LF_SUB,_Z,Y,_T,Y_GE15,_Z,Q,5.533333,0,1,A
2001-Q4,HUN,UNE_LF_M,PT_LF_SUB,_Z,Y,_T,Y_GE15,_Z,Q,5.5,0,1,A
2002-Q1,HUN,UNE_LF_M,PT_LF_SUB,_Z,Y,_T,Y_GE15,_Z,Q,5.5,0,1,A
2002-Q2,HUN,UNE_LF_M,PT_LF_SUB,_Z,Y,_T,Y_GE15,_Z,Q,5.533333,0,1,A
2002-Q3,HUN,UNE_LF_M,PT_LF_SUB,_Z,Y,_T,Y_GE15,_Z,Q,5.633333,0,1,A
2002-Q4,HUN,UNE_LF_M,PT_LF_SUB,_Z,Y,_T,Y_GE15,_Z,Q,5.7,0,1,A
2003-Q1,HUN,UNE_LF_M,PT_LF_SUB,_Z,Y,_T,Y_GE15,_Z,Q,5.7,0,1,A
2003-Q2,HUN,UNE_LF_M,PT_LF_SUB,_Z,Y,_T,Y_GE15,_Z,Q,5.8,0,1,A
2003-Q3,HUN,UNE_LF_M,PT_LF_SUB,_Z,Y,_T,Y_GE15,_Z,Q,5.7,0,1,A
2003-Q4,HUN,UNE_LF_M,PT_LF_SUB,_Z,Y,_T,Y_GE15,_Z,Q,5.7,0,1,A
2004-Q1,HUN,UNE_LF_M,PT_LF_SUB,_Z,Y,_T,Y_GE15,_Z,Q,5.766667,0,1,A
2004-Q2,HUN,UNE_LF_M,PT_LF_SUB,_Z,Y,_T,Y_GE15,_Z,Q,5.9,0,1,A
2004-Q3,HUN,UNE_LF_M,PT_LF_SUB,_Z,Y,_T,Y_GE15,_Z,Q,6.166667,0,1,A
2004-Q4,HUN,UNE_LF_M,PT_LF_SUB,_Z,Y,_T,Y_GE15,_Z,Q,6.433333,0,1,A
2005-Q1,HUN,UNE_LF_M,PT_LF_SUB,_Z,Y,_T,Y_GE15,_Z,Q,6.766667,0,1,A
2005-Q2,HUN,UNE_LF_M,PT_LF_SUB,_Z,Y,_T,Y_GE15,_Z,Q,7.166667,0,1,A
2005-Q3,HUN,UNE_LF_M,PT_LF_SUB,_Z,Y,_T,Y_GE15,_Z,Q,7.366667,0,1,A
2005-Q4,HUN,UNE_LF_M,PT_LF_SUB,_Z,Y,_T,Y_GE15,_Z,Q,7.4,0,1,A
2006-Q1,HUN,UNE_LF_M,PT_LF_SUB,_Z,Y,_T,Y_GE15,_Z,Q,7.366667,0,1,A
2006-Q2,HUN,UNE_LF_M,PT_LF_SUB,_Z,Y,_T,Y_GE15,_Z,Q,7.333333,0,1,A
2006-Q3,HUN,UNE_LF_M,PT_LF_SUB,_Z,Y,_T,Y_GE15,_Z,Q,7.566667,0,1,A
2006-Q4,HUN,UNE_LF_M,PT_LF_SUB,_Z,Y,_T,Y_GE15,_Z,Q,7.566667,0,1,A
2007-Q1,HUN,UNE_LF_M,PT_LF_SUB,_Z,Y,_T,Y_GE15,_Z,Q,7.133333,0,1,A
2007-Q2,HUN,UNE_LF_M,PT_LF_SUB,_Z,Y,_T,Y_GE15,_Z,Q,7.133333,0,1,A
2007-Q3,HUN,UNE_LF_M,PT_LF_SUB,_Z,Y,_T,Y_GE15,_Z,Q,7.366667,0,1,A
2007-Q4,HUN,UNE_LF_M,PT_LF_SUB,_Z,Y,_T,Y_GE15,_Z,Q,7.833333,0,1,A
2008-Q1,HUN,UNE_LF_M,PT_LF_SUB,_Z,Y,_T,Y_GE15,_Z,Q,7.633333,0,1,A
2008-Q2,HUN,UNE_LF_M,PT_LF_SUB,_Z,Y,_T,Y_GE15,_Z,Q,7.633333,0,1,A
2008-Q3,HUN,UNE_LF_M,PT_LF_SUB,_Z,Y,_T,Y_GE15,_Z,Q,7.766667,0,1,A
2009-Q1,HUN,UNE_LF_M,PT_LF_SUB,_Z,Y,_T,Y_GE15,_Z,Q,8.9,0,1,A
2009-Q2,HUN,UNE_LF_M,PT_LF_SUB,_Z,Y,_T,Y_GE15,_Z,Q,9.366667,0,1,A
2009-Q3,HUN,UNE_LF_M,PT_LF_SUB,_Z,Y,_T,Y_GE15,_Z,Q,10.16667,0,1,A
2009-Q4,HUN,UNE_LF_M,PT_LF_SUB,_Z,Y,_T,Y_GE15,_Z,Q,10.33333,0,1,A
2010-Q1,HUN,UNE_LF_M,PT_LF_SUB,_Z,Y,_T,Y_GE15,_Z,Q,10.76667,0,1,A
2010-Q2,HUN,UNE_LF_M,PT_LF_SUB,_Z,Y,_T,Y_GE15,_Z,Q,10.9,0,1,A
2010-Q3,HUN,UNE_LF_M,PT_LF_SUB,_Z,Y,_T,Y_GE15,_Z,Q,10.73333,0,1,A
2010-Q4,HUN,UNE_LF_M,PT_LF_SUB,_Z,Y,_T,Y_GE15,_Z,Q,10.76667,0,1,A
2011-Q1,HUN,UNE_LF_M,PT_LF_SUB,_Z,Y,_T,Y_GE15,_Z,Q,10.83333,0,1,A
2011-Q2,HUN,UNE_LF_M,PT_LF_SUB,_Z,Y,_T,Y_GE15,_Z,Q,10.53333,0,1,A
2011-Q3,HUN,UNE_LF_M,PT_LF_SUB,_Z,Y,_T,Y_GE15,_Z,Q,10.6,0,1,A
2011-Q4,HUN,UNE_LF_M,PT_LF_SUB,_Z,Y,_T,Y_GE15,_Z,Q,10.63333,0,1,A
2012-Q1,HUN,UNE_LF_M,PT_LF_SUB,_Z,Y,_T,Y_GE15,_Z,Q,10.86667,0,1,A
2012-Q2,HUN,UNE_LF_M,PT_LF_SUB,_Z,Y,_T,Y_GE15,_Z,Q,10.6,0,1,A
2012-Q3,HUN,UNE_LF_M,PT_LF_SUB,_Z,Y,_T,Y_GE15,_Z,Q,10.3,0,1,A
2012-Q4,HUN,UNE_LF_M,PT_LF_SUB,_Z,Y,_T,Y_GE15,_Z,Q,10.56667,0,1,A
2013-Q1,HUN,UNE_LF_M,PT_LF_SUB,_Z,Y,_T,Y_GE15,_Z,Q,10.83333,0,1,A
2013-Q2,HUN,UNE_LF_M,PT_LF_SUB,_Z,Y,_T,Y_GE15,_Z,Q,10.13333,0,1,A
2013-Q3,HUN,UNE_LF_M,PT_LF_SUB,_Z,Y,_T,Y_GE15,_Z,Q,9.766666,0,1,A
2013-Q4,HUN,UNE_LF_M,PT_LF_SUB,_Z,Y,_T,Y_GE15,_Z,Q,8.933333,0,1,A
2014-Q1,HUN,UNE_LF_M,PT_LF_SUB,_Z,Y,_T,Y_GE15,_Z,Q,7.766667,0,1,A
2014-Q2,HUN,UNE_LF_M,PT_LF_SUB,_Z,Y,_T,Y_GE15,_Z,Q,7.9,0,1,A
2014-Q3,HUN,UNE_LF_M,PT_LF_SUB,_Z,Y,_T,Y_GE15,_Z,Q,7.233333,0,1,A
2014-Q4,HUN,UNE_LF_M,PT_LF_SUB,_Z,Y,_T,Y_GE15,_Z,Q,7.2,0,1,A
2015-Q1,HUN,UNE_LF_M,PT_LF_SUB,_Z,Y,_T,Y_GE15,_Z,Q,7.166667,0,1,A
2015-Q2,HUN,UNE_LF_M,PT_LF_SUB,_Z,Y,_T,Y_GE15,_Z,Q,6.766667,0,1,A
2015-Q3,HUN,UNE_LF_M,PT_LF_SUB,_Z,Y,_T,Y_GE15,_Z,Q,6.2,0,1,A
2015-Q4,HUN,UNE_LF_M,PT_LF_SUB,_Z,Y,_T,Y_GE15,_Z,Q,6,0,1,A
2016-Q1,HUN,UNE_LF_M,PT_LF_SUB,_Z,Y,_T,Y_GE15,_Z,Q,5.633333,0,1,A
2016-Q2,HUN,UNE_LF_M,PT_LF_SUB,_Z,Y,_T,Y_GE15,_Z,Q,4.966667,0,1,A
2016-Q3,HUN,UNE_LF_M,PT_LF_SUB,_Z,Y,_T,Y_GE15,_Z,Q,4.6,0,1,A
2016-Q4,HUN,UNE_LF_M,PT_LF_SUB,_Z,Y,_T,Y_GE15,_Z,Q,4.3,0,1,A
2017-Q1,HUN,UNE_LF_M,PT_LF_SUB,_Z,Y,_T,Y_GE15,_Z,Q,4.266667,0,1,A
2017-Q2,HUN,UNE_LF_M,PT_LF_SUB,_Z,Y,_T,Y_GE15,_Z,Q,4.233333,0,1,A
2017-Q3,HUN,UNE_LF_M,PT_LF_SUB,_Z,Y,_T,Y_GE15,_Z,Q,3.933333,0,1,A
2017-Q4,HUN,UNE_LF_M,PT_LF_SUB,_Z,Y,_T,Y_GE15,_Z,Q,3.7,0,1,A
2018-Q1,HUN,UNE_LF_M,PT_LF_SUB,_Z,Y,_T,Y_GE15,_Z,Q,3.633333,0,1,A
2018-Q2,HUN,UNE_LF_M,PT_LF_SUB,_Z,Y,_T,Y_GE15,_Z,Q,3.333333,0,1,A
2018-Q3,HUN,UNE_LF_M,PT_LF_SUB,_Z,Y,_T,Y_GE15,_Z,Q,3.566667,0,1,A
2018-Q4,HUN,UNE_LF_M,PT_LF_SUB,_Z,Y,_T,Y_GE15,_Z,Q,3.4,0,1,A
2019-Q1,HUN,UNE_LF_M,PT_LF_SUB,_Z,Y,_T,Y_GE15,_Z,Q,3.366667,0,1,A
2019-Q2,HUN,UNE_LF_M,PT_LF_SUB,_Z,Y,_T,Y_GE15,_Z,Q,3.266667,0,1,A
2019-Q3,HUN,UNE_LF_M,PT_LF_SUB,_Z,Y,_T,Y_GE15,_Z,Q,3.3,0,1,A
2019-Q4,HUN,UNE_LF_M,PT_LF_SUB,_Z,Y,_T,Y_GE15,_Z,Q,3.1,0,1,A
2020-Q1,HUN,UNE_LF_M,PT_LF_SUB,_Z,Y,_T,Y_GE15,_Z,Q,3.233333,0,1,A
2020-Q2,HUN,UNE_LF_M,PT_LF_SUB,_Z,Y,_T,Y_GE15,_Z,Q,4.6,0,1,A
2020-Q3,HUN,UNE_LF_M,PT_LF_SUB,_Z,Y,_T,Y_GE15,_Z,Q,4.4,0,1,A
2020-Q4,HUN,UNE_LF_M,PT_LF_SUB,_Z,Y,_T,Y_GE15,_Z,Q,4.3,0,1,A
2021-Q1,HUN,UNE_LF_M,PT_LF_SUB,_Z,Y,_T,Y_GE15,_Z,Q,4.233333,0,1,A
2021-Q2,HUN,UNE_LF_M,PT_LF_SUB,_Z,Y,_T,Y_GE15,_Z,Q,4.1,0,1,A
2021-Q3,HUN,UNE_LF_M,PT_LF_SUB,_Z,Y,_T,Y_GE15,_Z,Q,3.966667,0,1,A
2021-Q4,HUN,UNE_LF_M,PT_LF_SUB,_Z,Y,_T,Y_GE15,_Z,Q,3.866667,0,1,A
2022-Q1,HUN,UNE_LF_M,PT_LF_SUB,_Z,Y,_T,Y_GE15,_Z,Q,3.566667,0,1,A
2022-Q2,HUN,UNE_LF_M,PT_LF_SUB,_Z,Y,_T,Y_GE15,_Z,Q,3.5,0,1,A
2022-Q3,HUN,UNE_LF_M,PT_LF_SUB,_Z,Y,_T,Y_GE15,_Z,Q,3.7,0,1,A
2022-Q4,HUN,UNE_LF_M,PT_LF_SUB,_Z,Y,_T,Y_GE15,_Z,Q,3.9,0,1,A
2023-Q1,HUN,UNE_LF_M,PT_LF_SUB,_Z,Y,_T,Y_GE15,_Z,Q,3.9,0,1,A
2023-Q2,HUN,UNE_LF_M,PT_LF_SUB,_Z,Y,_T,Y_GE15,_Z,Q,4,0,1,A
2023-Q3,HUN,UNE_LF_M,PT_LF_SUB,_Z,Y,_T,Y_GE15,_Z,Q,4.1,0,1,A
2023-Q4,HUN,UNE_LF_M,PT_LF_SUB,_Z,Y,_T,Y_GE15,_Z,Q,4.3,0,1,A
2024-Q1,HUN,UNE_LF_M,PT_LF_SUB,_Z,Y,_T,Y_GE15,_Z,Q,4.3,0,1,A
2024-Q2,HUN,UNE_LF_M,PT_LF_SUB,_Z,Y,_T,Y_GE15,_Z,Q,4.3,0,1,A
2024-Q3,HUN,UNE_LF_M,PT_LF_SUB,_Z,Y,_T,Y_GE15,_Z,Q,4.4,0,1,A
2024-Q4,HUN,UNE_LF_M,PT_LF_SUB,_Z,Y,_T,Y_GE15,_Z,Q,4.466667,0,1,A
2025-Q1,HUN,UNE_LF_M,PT_LF_SUB,_Z,Y,_T,Y_GE15,_Z,Q,4.266667,0,1,A
2025-Q2,HUN,UNE_LF_M,PT_LF_SUB,_Z,Y,_T,Y_GE15,_Z,Q,4.333333,0,1,A
2025-Q3,HUN,UNE_LF_M,PT_LF_SUB,_Z,Y,_T,Y_GE15,_Z,Q,4.366667,0,1,A
2025-Q4,HUN,UNE_LF_M,PT_LF_SUB,_Z,Y,_T,Y_GE15,_Z,Q,4.466667,0,1,A
1992-Q1,ITA,UNE_LF_M,PT_LF_SUB,_Z,Y,_T,Y_GE15,_Z,Q,8.666667,0,1,A
1992-Q2,ITA,UNE_LF_M,PT_LF_SUB,_Z,Y,_T,Y_GE15,_Z,Q,8.666667,0,1,A
1992-Q3,ITA,UNE_LF_M,PT_LF_SUB,_Z,Y,_T,Y_GE15,_Z,Q,9,0,1,A
1992-Q4,ITA,UNE_LF_M,PT_LF_SUB,_Z,Y,_T,Y_GE15,_Z,Q,8.9,0,1,A
1993-Q1,ITA,UNE_LF_M,PT_LF_SUB,_Z,Y,_T,Y_GE15,_Z,Q,9.133333,0,1,A
1993-Q2,ITA,UNE_LF_M,PT_LF_SUB,_Z,Y,_T,Y_GE15,_Z,Q,9.8,0,1,A
1993-Q3,ITA,UNE_LF_M,PT_LF_SUB,_Z,Y,_T,Y_GE15,_Z,Q,9.966666,0,1,A
1993-Q4,ITA,UNE_LF_M,PT_LF_SUB,_Z,Y,_T,Y_GE15,_Z,Q,10.43333,0,1,A
1994-Q1,ITA,UNE_LF_M,PT_LF_SUB,_Z,Y,_T,Y_GE15,_Z,Q,10.43333,0,1,A
1994-Q2,ITA,UNE_LF_M,PT_LF_SUB,_Z,Y,_T,Y_GE15,_Z,Q,10.56667,0,1,A
1994-Q3,ITA,UNE_LF_M,PT_LF_SUB,_Z,Y,_T,Y_GE15,_Z,Q,10.4,0,1,A
1994-Q4,ITA,UNE_LF_M,PT_LF_SUB,_Z,Y,_T,Y_GE15,_Z,Q,11.13333,0,1,A
1995-Q1,ITA,UNE_LF_M,PT_LF_SUB,_Z,Y,_T,Y_GE15,_Z,Q,11.23333,0,1,A
1995-Q2,ITA,UNE_LF_M,PT_LF_SUB,_Z,Y,_T,Y_GE15,_Z,Q,11.1,0,1,A
1995-Q3,ITA,UNE_LF_M,PT_LF_SUB,_Z,Y,_T,Y_GE15,_Z,Q,11.16667,0,1,A
1995-Q4,ITA,UNE_LF_M,PT_LF_SUB,_Z,Y,_T,Y_GE15,_Z,Q,11.1,0,1,A
1996-Q1,ITA,UNE_LF_M,PT_LF_SUB,_Z,Y,_T,Y_GE15,_Z,Q,11,0,1,A
1996-Q2,ITA,UNE_LF_M,PT_LF_SUB,_Z,Y,_T,Y_GE15,_Z,Q,11.3,0,1,A
1996-Q3,ITA,UNE_LF_M,PT_LF_SUB,_Z,Y,_T,Y_GE15,_Z,Q,11.1,0,1,A
1996-Q4,ITA,UNE_LF_M,PT_LF_SUB,_Z,Y,_T,Y_GE15,_Z,Q,11.2,0,1,A
1997-Q1,ITA,UNE_LF_M,PT_LF_SUB,_Z,Y,_T,Y_GE15,_Z,Q,11.26667,0,1,A
1997-Q2,ITA,UNE_LF_M,PT_LF_SUB,_Z,Y,_T,Y_GE15,_Z,Q,11.4,0,1,A
1997-Q3,ITA,UNE_LF_M,PT_LF_SUB,_Z,Y,_T,Y_GE15,_Z,Q,11,0,1,A
1997-Q4,ITA,UNE_LF_M,PT_LF_SUB,_Z,Y,_T,Y_GE15,_Z,Q,11.3,0,1,A
1998-Q1,ITA,UNE_LF_M,PT_LF_SUB,_Z,Y,_T,Y_GE15,_Z,Q,11.1,0,1,A
1998-Q2,ITA,UNE_LF_M,PT_LF_SUB,_Z,Y,_T,Y_GE15,_Z,Q,11.5,0,1,A
1998-Q3,ITA,UNE_LF_M,PT_LF_SUB,_Z,Y,_T,Y_GE15,_Z,Q,11.3,0,1,A
1998-Q4,ITA,UNE_LF_M,PT_LF_SUB,_Z,Y,_T,Y_GE15,_Z,Q,11.43333,0,1,A
1999-Q1,ITA,UNE_LF_M,PT_LF_SUB,_Z,Y,_T,Y_GE15,_Z,Q,11.1,0,1,A
1999-Q2,ITA,UNE_LF_M,PT_LF_SUB,_Z,Y,_T,Y_GE15,_Z,Q,11.06667,0,1,A
1999-Q3,ITA,UNE_LF_M,PT_LF_SUB,_Z,Y,_T,Y_GE15,_Z,Q,10.93333,0,1,A
1999-Q4,ITA,UNE_LF_M,PT_LF_SUB,_Z,Y,_T,Y_GE15,_Z,Q,10.66667,0,1,A
2000-Q1,ITA,UNE_LF_M,PT_LF_SUB,_Z,Y,_T,Y_GE15,_Z,Q,10.56667,0,1,A
2000-Q2,ITA,UNE_LF_M,PT_LF_SUB,_Z,Y,_T,Y_GE15,_Z,Q,10.26667,0,1,A
2000-Q3,ITA,UNE_LF_M,PT_LF_SUB,_Z,Y,_T,Y_GE15,_Z,Q,9.966666,0,1,A
2000-Q4,ITA,UNE_LF_M,PT_LF_SUB,_Z,Y,_T,Y_GE15,_Z,Q,9.6,0,1,A
2001-Q1,ITA,UNE_LF_M,PT_LF_SUB,_Z,Y,_T,Y_GE15,_Z,Q,9.366667,0,1,A
2001-Q2,ITA,UNE_LF_M,PT_LF_SUB,_Z,Y,_T,Y_GE15,_Z,Q,9.133333,0,1,A
2001-Q3,ITA,UNE_LF_M,PT_LF_SUB,_Z,Y,_T,Y_GE15,_Z,Q,9.033334,0,1,A
2001-Q4,ITA,UNE_LF_M,PT_LF_SUB,_Z,Y,_T,Y_GE15,_Z,Q,8.866667,0,1,A
2002-Q1,ITA,UNE_LF_M,PT_LF_SUB,_Z,Y,_T,Y_GE15,_Z,Q,8.533334,0,1,A
2002-Q2,ITA,UNE_LF_M,PT_LF_SUB,_Z,Y,_T,Y_GE15,_Z,Q,8.833333,0,1,A
2002-Q3,ITA,UNE_LF_M,PT_LF_SUB,_Z,Y,_T,Y_GE15,_Z,Q,8.6,0,1,A
2002-Q4,ITA,UNE_LF_M,PT_LF_SUB,_Z,Y,_T,Y_GE15,_Z,Q,8.466666,0,1,A
2003-Q1,ITA,UNE_LF_M,PT_LF_SUB,_Z,Y,_T,Y_GE15,_Z,Q,8.733334,0,1,A
2003-Q2,ITA,UNE_LF_M,PT_LF_SUB,_Z,Y,_T,Y_GE15,_Z,Q,8.466666,0,1,A
2003-Q3,ITA,UNE_LF_M,PT_LF_SUB,_Z,Y,_T,Y_GE15,_Z,Q,8.4,0,1,A
2004-Q2,ITA,UNE_LF_M,PT_LF_SUB,_Z,Y,_T,Y_GE15,_Z,Q,8.033334,0,1,A
2004-Q4,ITA,UNE_LF_M,PT_LF_SUB,_Z,Y,_T,Y_GE15,_Z,Q,8,0,1,A
2005-Q1,ITA,UNE_LF_M,PT_LF_SUB,_Z,Y,_T,Y_GE15,_Z,Q,7.9,0,1,A
2005-Q2,ITA,UNE_LF_M,PT_LF_SUB,_Z,Y,_T,Y_GE15,_Z,Q,7.8,0,1,A
2005-Q3,ITA,UNE_LF_M,PT_LF_SUB,_Z,Y,_T,Y_GE15,_Z,Q,7.666667,0,1,A
2005-Q4,ITA,UNE_LF_M,PT_LF_SUB,_Z,Y,_T,Y_GE15,_Z,Q,7.7,0,1,A
2006-Q1,ITA,UNE_LF_M,PT_LF_SUB,_Z,Y,_T,Y_GE15,_Z,Q,7.333333,0,1,A
2006-Q2,ITA,UNE_LF_M,PT_LF_SUB,_Z,Y,_T,Y_GE15,_Z,Q,6.933333,0,1,A
2006-Q3,ITA,UNE_LF_M,PT_LF_SUB,_Z,Y,_T,Y_GE15,_Z,Q,6.666667,0,1,A
2006-Q4,ITA,UNE_LF_M,PT_LF_SUB,_Z,Y,_T,Y_GE15,_Z,Q,6.533333,0,1,A
2007-Q1,ITA,UNE_LF_M,PT_LF_SUB,_Z,Y,_T,Y_GE15,_Z,Q,6.166667,0,1,A
2007-Q2,ITA,UNE_LF_M,PT_LF_SUB,_Z,Y,_T,Y_GE15,_Z,Q,6,0,1,A
2007-Q3,ITA,UNE_LF_M,PT_LF_SUB,_Z,Y,_T,Y_GE15,_Z,Q,6.233333,0,1,A
2008-Q3,ITA,UNE_LF_M,PT_LF_SUB,_Z,Y,_T,Y_GE15,_Z,Q,6.733333,0,1,A
2008-Q4,ITA,UNE_LF_M,PT_LF_SUB,_Z,Y,_T,Y_GE15,_Z,Q,6.966667,0,1,A
2009-Q1,ITA,UNE_LF_M,PT_LF_SUB,_Z,Y,_T,Y_GE15,_Z,Q,7.466667,0,1,A
2009-Q3,ITA,UNE_LF_M,PT_LF_SUB,_Z,Y,_T,Y_GE15,_Z,Q,8.033334,0,1,A
2010-Q1,ITA,UNE_LF_M,PT_LF_SUB,_Z,Y,_T,Y_GE15,_Z,Q,8.6,0,1,A
2010-Q2,ITA,UNE_LF_M,PT_LF_SUB,_Z,Y,_T,Y_GE15,_Z,Q,8.666667,0,1,A
2010-Q4,ITA,UNE_LF_M,PT_LF_SUB,_Z,Y,_T,Y_GE15,_Z,Q,8.4,0,1,A
2011-Q2,ITA,UNE_LF_M,PT_LF_SUB,_Z,Y,_T,Y_GE15,_Z,Q,8.166667,0,1,A
2011-Q3,ITA,UNE_LF_M,PT_LF_SUB,_Z,Y,_T,Y_GE15,_Z,Q,8.633333,0,1,A
2011-Q4,ITA,UNE_LF_M,PT_LF_SUB,_Z,Y,_T,Y_GE15,_Z,Q,9.366667,0,1,A
2012-Q2,ITA,UNE_LF_M,PT_LF_SUB,_Z,Y,_T,Y_GE15,_Z,Q,10.73333,0,1,A
2012-Q3,ITA,UNE_LF_M,PT_LF_SUB,_Z,Y,_T,Y_GE15,_Z,Q,11.03333,0,1,A
2013-Q2,ITA,UNE_LF_M,PT_LF_SUB,_Z,Y,_T,Y_GE15,_Z,Q,12.33333,0,1,A
2013-Q3,ITA,UNE_LF_M,PT_LF_SUB,_Z,Y,_T,Y_GE15,_Z,Q,12.43333,0,1,A
2014-Q2,ITA,UNE_LF_M,PT_LF_SUB,_Z,Y,_T,Y_GE15,_Z,Q,12.56667,0,1,A
2014-Q3,ITA,UNE_LF_M,PT_LF_SUB,_Z,Y,_T,Y_GE15,_Z,Q,12.76667,0,1,A
2014-Q4,ITA,UNE_LF_M,PT_LF_SUB,_Z,Y,_T,Y_GE15,_Z,Q,12.9,0,1,A
2015-Q2,ITA,UNE_LF_M,PT_LF_SUB,_Z,Y,_T,Y_GE15,_Z,Q,12.33333,0,1,A
2015-Q3,ITA,UNE_LF_M,PT_LF_SUB,_Z,Y,_T,Y_GE15,_Z,Q,11.63333,0,1,A
2015-Q4,ITA,UNE_LF_M,PT_LF_SUB,_Z,Y,_T,Y_GE15,_Z,Q,11.66667,0,1,A
2016-Q1,ITA,UNE_LF_M,PT_LF_SUB,_Z,Y,_T,Y_GE15,_Z,Q,11.63333,0,1,A
2016-Q2,ITA,UNE_LF_M,PT_LF_SUB,_Z,Y,_T,Y_GE15,_Z,Q,11.7,0,1,A
2016-Q3,ITA,UNE_LF_M,PT_LF_SUB,_Z,Y,_T,Y_GE15,_Z,Q,11.7,0,1,A
2016-Q4,ITA,UNE_LF_M,PT_LF_SUB,_Z,Y,_T,Y_GE15,_Z,Q,11.83333,0,1,A
2017-Q1,ITA,UNE_LF_M,PT_LF_SUB,_Z,Y,_T,Y_GE15,_Z,Q,11.6,0,1,A
2017-Q2,ITA,UNE_LF_M,PT_LF_SUB,_Z,Y,_T,Y_GE15,_Z,Q,11.26667,0,1,A
2017-Q3,ITA,UNE_LF_M,PT_LF_SUB,_Z,Y,_T,Y_GE15,_Z,Q,11.3,0,1,A
2017-Q4,ITA,UNE_LF_M,PT_LF_SUB,_Z,Y,_T,Y_GE15,_Z,Q,11,0,1,A
2018-Q2,ITA,UNE_LF_M,PT_LF_SUB,_Z,Y,_T,Y_GE15,_Z,Q,10.76667,0,1,A
2018-Q3,ITA,UNE_LF_M,PT_LF_SUB,_Z,Y,_T,Y_GE15,_Z,Q,10.23333,0,1,A
2018-Q4,ITA,UNE_LF_M,PT_LF_SUB,_Z,Y,_T,Y_GE15,_Z,Q,10.5,0,1,A
2020-Q3,ITA,UNE_LF_M,PT_LF_SUB,_Z,Y,_T,Y_GE15,_Z,Q,10.13333,0,1,A
2020-Q4,ITA,UNE_LF_M,PT_LF_SUB,_Z,Y,_T,Y_GE15,_Z,Q,9.733334,0,1,A
2021-Q1,ITA,UNE_LF_M,PT_LF_SUB,_Z,Y,_T,Y_GE15,_Z,Q,10.16667,0,1,A
2021-Q3,ITA,UNE_LF_M,PT_LF_SUB,_Z,Y,_T,Y_GE15,_Z,Q,9.1,0,1,A
2022-Q1,ITA,UNE_LF_M,PT_LF_SUB,_Z,Y,_T,Y_GE15,_Z,Q,8.433333,0,1,A
2022-Q2,ITA,UNE_LF_M,PT_LF_SUB,_Z,Y,_T,Y_GE15,_Z,Q,8.133333,0,1,A
2023-Q1,ITA,UNE_LF_M,PT_LF_SUB,_Z,Y,_T,Y_GE15,_Z,Q,7.866667,0,1,A
2023-Q2,ITA,UNE_LF_M,PT_LF_SUB,_Z,Y,_T,Y_GE15,_Z,Q,7.7,0,1,A
2023-Q3,ITA,UNE_LF_M,PT_LF_SUB,_Z,Y,_T,Y_GE15,_Z,Q,7.7,0,1,A
2023-Q4,ITA,UNE_LF_M,PT_LF_SUB,_Z,Y,_T,Y_GE15,_Z,Q,7.466667,0,1,A
2024-Q1,ITA,UNE_LF_M,PT_LF_SUB,_Z,Y,_T,Y_GE15,_Z,Q,7.1,0,1,A
2024-Q2,ITA,UNE_LF_M,PT_LF_SUB,_Z,Y,_T,Y_GE15,_Z,Q,6.666667,0,1,A
2024-Q3,ITA,UNE_LF_M,PT_LF_SUB,_Z,Y,_T,Y_GE15,_Z,Q,6.266667,0,1,A
2025-Q2,ITA,UNE_LF_M,PT_LF_SUB,_Z,Y,_T,Y_GE15,_Z,Q,6.266667,0,1,A
2025-Q3,ITA,UNE_LF_M,PT_LF_SUB,_Z,Y,_T,Y_GE15,_Z,Q,5.966667,0,1,A
1998-Q2,LTU,UNE_LF_M,PT_LF_SUB,_Z,Y,_T,Y_GE15,_Z,Q,13.56667,0,1,A
1998-Q3,LTU,UNE_LF_M,PT_LF_SUB,_Z,Y,_T,Y_GE15,_Z,Q,12.43333,0,1,A
1998-Q4,LTU,UNE_LF_M,PT_LF_SUB,_Z,Y,_T,Y_GE15,_Z,Q,13.06667,0,1,A
1999-Q1,LTU,UNE_LF_M,PT_LF_SUB,_Z,Y,_T,Y_GE15,_Z,Q,13.53333,0,1,A
1999-Q2,LTU,UNE_LF_M,PT_LF_SUB,_Z,Y,_T,Y_GE15,_Z,Q,13.86667,0,1,A
1999-Q3,LTU,UNE_LF_M,PT_LF_SUB,_Z,Y,_T,Y_GE15,_Z,Q,15.23333,0,1,A
1999-Q4,LTU,UNE_LF_M,PT_LF_SUB,_Z,Y,_T,Y_GE15,_Z,Q,15.86667,0,1,A
2000-Q1,LTU,UNE_LF_M,PT_LF_SUB,_Z,Y,_T,Y_GE15,_Z,Q,15.63333,0,1,A
2000-Q2,LTU,UNE_LF_M,PT_LF_SUB,_Z,Y,_T,Y_GE15,_Z,Q,16.5,0,1,A
2000-Q3,LTU,UNE_LF_M,PT_LF_SUB,_Z,Y,_T,Y_GE15,_Z,Q,16.96667,0,1,A
2000-Q4,LTU,UNE_LF_M,PT_LF_SUB,_Z,Y,_T,Y_GE15,_Z,Q,16.6,0,1,A
2001-Q1,LTU,UNE_LF_M,PT_LF_SUB,_Z,Y,_T,Y_GE15,_Z,Q,17.73333,0,1,A
2001-Q2,LTU,UNE_LF_M,PT_LF_SUB,_Z,Y,_T,Y_GE15,_Z,Q,17.53333,0,1,A
2001-Q3,LTU,UNE_LF_M,PT_LF_SUB,_Z,Y,_T,Y_GE15,_Z,Q,16.8,0,1,A
2001-Q4,LTU,UNE_LF_M,PT_LF_SUB,_Z,Y,_T,Y_GE15,_Z,Q,17.5,0,1,A
2002-Q1,LTU,UNE_LF_M,PT_LF_SUB,_Z,Y,_T,Y_GE15,_Z,Q,15.93333,0,1,A
2002-Q2,LTU,UNE_LF_M,PT_LF_SUB,_Z,Y,_T,Y_GE15,_Z,Q,13.46667,0,1,A
2002-Q3,LTU,UNE_LF_M,PT_LF_SUB,_Z,Y,_T,Y_GE15,_Z,Q,12.9,0,1,A
2002-Q4,LTU,UNE_LF_M,PT_LF_SUB,_Z,Y,_T,Y_GE15,_Z,Q,12.8,0,1,A
2003-Q1,LTU,UNE_LF_M,PT_LF_SUB,_Z,Y,_T,Y_GE15,_Z,Q,12.46667,0,1,A
2003-Q2,LTU,UNE_LF_M,PT_LF_SUB,_Z,Y,_T,Y_GE15,_Z,Q,13,0,1,A
2003-Q3,LTU,UNE_LF_M,PT_LF_SUB,_Z,Y,_T,Y_GE15,_Z,Q,12.43333,0,1,A
2003-Q4,LTU,UNE_LF_M,PT_LF_SUB,_Z,Y,_T,Y_GE15,_Z,Q,11.86667,0,1,A
2004-Q1,LTU,UNE_LF_M,PT_LF_SUB,_Z,Y,_T,Y_GE15,_Z,Q,11.4,0,1,A
2004-Q2,LTU,UNE_LF_M,PT_LF_SUB,_Z,Y,_T,Y_GE15,_Z,Q,10.9,0,1,A
2004-Q3,LTU,UNE_LF_M,PT_LF_SUB,_Z,Y,_T,Y_GE15,_Z,Q,10.76667,0,1,A
2004-Q4,LTU,UNE_LF_M,PT_LF_SUB,_Z,Y,_T,Y_GE15,_Z,Q,10.5,0,1,A
2005-Q1,LTU,UNE_LF_M,PT_LF_SUB,_Z,Y,_T,Y_GE15,_Z,Q,9.533334,0,1,A
2005-Q2,LTU,UNE_LF_M,PT_LF_SUB,_Z,Y,_T,Y_GE15,_Z,Q,8.966666,0,1,A
2005-Q3,LTU,UNE_LF_M,PT_LF_SUB,_Z,Y,_T,Y_GE15,_Z,Q,7.733333,0,1,A
2005-Q4,LTU,UNE_LF_M,PT_LF_SUB,_Z,Y,_T,Y_GE15,_Z,Q,7.033333,0,1,A
2006-Q1,LTU,UNE_LF_M,PT_LF_SUB,_Z,Y,_T,Y_GE15,_Z,Q,6.433333,0,1,A
2006-Q2,LTU,UNE_LF_M,PT_LF_SUB,_Z,Y,_T,Y_GE15,_Z,Q,5.833333,0,1,A
2006-Q3,LTU,UNE_LF_M,PT_LF_SUB,_Z,Y,_T,Y_GE15,_Z,Q,5.766667,0,1,A
2006-Q4,LTU,UNE_LF_M,PT_LF_SUB,_Z,Y,_T,Y_GE15,_Z,Q,5.1,0,1,A
2007-Q1,LTU,UNE_LF_M,PT_LF_SUB,_Z,Y,_T,Y_GE15,_Z,Q,4.366667,0,1,A
2007-Q2,LTU,UNE_LF_M,PT_LF_SUB,_Z,Y,_T,Y_GE15,_Z,Q,4.333333,0,1,A
2007-Q3,LTU,UNE_LF_M,PT_LF_SUB,_Z,Y,_T,Y_GE15,_Z,Q,4.233333,0,1,A
2007-Q4,LTU,UNE_LF_M,PT_LF_SUB,_Z,Y,_T,Y_GE15,_Z,Q,4.066667,0,1,A
2008-Q1,LTU,UNE_LF_M,PT_LF_SUB,_Z,Y,_T,Y_GE15,_Z,Q,4.166667,0,1,A
2008-Q2,LTU,UNE_LF_M,PT_LF_SUB,_Z,Y,_T,Y_GE15,_Z,Q,4.4,0,1,A
2008-Q3,LTU,UNE_LF_M,PT_LF_SUB,_Z,Y,_T,Y_GE15,_Z,Q,6.366667,0,1,A
2008-Q4,LTU,UNE_LF_M,PT_LF_SUB,_Z,Y,_T,Y_GE15,_Z,Q,8.333333,0,1,A
2009-Q1,LTU,UNE_LF_M,PT_LF_SUB,_Z,Y,_T,Y_GE15,_Z,Q,10.7,0,1,A
2009-Q2,LTU,UNE_LF_M,PT_LF_SUB,_Z,Y,_T,Y_GE15,_Z,Q,13.33333,0,1,A
2009-Q3,LTU,UNE_LF_M,PT_LF_SUB,_Z,Y,_T,Y_GE15,_Z,Q,14.9,0,1,A
2009-Q4,LTU,UNE_LF_M,PT_LF_SUB,_Z,Y,_T,Y_GE15,_Z,Q,16.26667,0,1,A
2010-Q1,LTU,UNE_LF_M,PT_LF_SUB,_Z,Y,_T,Y_GE15,_Z,Q,17.33333,0,1,A
2010-Q2,LTU,UNE_LF_M,PT_LF_SUB,_Z,Y,_T,Y_GE15,_Z,Q,18.2,0,1,A
2010-Q3,LTU,UNE_LF_M,PT_LF_SUB,_Z,Y,_T,Y_GE15,_Z,Q,18.16667,0,1,A
2010-Q4,LTU,UNE_LF_M,PT_LF_SUB,_Z,Y,_T,Y_GE15,_Z,Q,17.63333,0,1,A
2011-Q1,LTU,UNE_LF_M,PT_LF_SUB,_Z,Y,_T,Y_GE15,_Z,Q,16.83333,0,1,A
2011-Q2,LTU,UNE_LF_M,PT_LF_SUB,_Z,Y,_T,Y_GE15,_Z,Q,15.8,0,1,A
2011-Q3,LTU,UNE_LF_M,PT_LF_SUB,_Z,Y,_T,Y_GE15,_Z,Q,15.3,0,1,A
2011-Q4,LTU,UNE_LF_M,PT_LF_SUB,_Z,Y,_T,Y_GE15,_Z,Q,13.66667,0,1,A
2012-Q1,LTU,UNE_LF_M,PT_LF_SUB,_Z,Y,_T,Y_GE15,_Z,Q,14,0,1,A
2012-Q2,LTU,UNE_LF_M,PT_LF_SUB,_Z,Y,_T,Y_GE15,_Z,Q,13.5,0,1,A
2012-Q3,LTU,UNE_LF_M,PT_LF_SUB,_Z,Y,_T,Y_GE15,_Z,Q,13.1,0,1,A
2012-Q4,LTU,UNE_LF_M,PT_LF_SUB,_Z,Y,_T,Y_GE15,_Z,Q,13,0,1,A
2013-Q1,LTU,UNE_LF_M,PT_LF_SUB,_Z,Y,_T,Y_GE15,_Z,Q,12.06667,0,1,A
2013-Q2,LTU,UNE_LF_M,PT_LF_SUB,_Z,Y,_T,Y_GE15,_Z,Q,11.73333,0,1,A
2013-Q3,LTU,UNE_LF_M,PT_LF_SUB,_Z,Y,_T,Y_GE15,_Z,Q,11.73333,0,1,A
2013-Q4,LTU,UNE_LF_M,PT_LF_SUB,_Z,Y,_T,Y_GE15,_Z,Q,11.66667,0,1,A
2014-Q1,LTU,UNE_LF_M,PT_LF_SUB,_Z,Y,_T,Y_GE15,_Z,Q,11.3,0,1,A
2014-Q2,LTU,UNE_LF_M,PT_LF_SUB,_Z,Y,_T,Y_GE15,_Z,Q,11.06667,0,1,A
2014-Q3,LTU,UNE_LF_M,PT_LF_SUB,_Z,Y,_T,Y_GE15,_Z,Q,10.23333,0,1,A
2014-Q4,LTU,UNE_LF_M,PT_LF_SUB,_Z,Y,_T,Y_GE15,_Z,Q,10.33333,0,1,A
2015-Q1,LTU,UNE_LF_M,PT_LF_SUB,_Z,Y,_T,Y_GE15,_Z,Q,9.3,0,1,A
2015-Q2,LTU,UNE_LF_M,PT_LF_SUB,_Z,Y,_T,Y_GE15,_Z,Q,9.266666,0,1,A
2015-Q3,LTU,UNE_LF_M,PT_LF_SUB,_Z,Y,_T,Y_GE15,_Z,Q,9.166667,0,1,A
2015-Q4,LTU,UNE_LF_M,PT_LF_SUB,_Z,Y,_T,Y_GE15,_Z,Q,8.833333,0,1,A
2016-Q1,LTU,UNE_LF_M,PT_LF_SUB,_Z,Y,_T,Y_GE15,_Z,Q,8.066667,0,1,A
2016-Q2,LTU,UNE_LF_M,PT_LF_SUB,_Z,Y,_T,Y_GE15,_Z,Q,8.1,0,1,A
2016-Q3,LTU,UNE_LF_M,PT_LF_SUB,_Z,Y,_T,Y_GE15,_Z,Q,7.9,0,1,A
2016-Q4,LTU,UNE_LF_M,PT_LF_SUB,_Z,Y,_T,Y_GE15,_Z,Q,7.6,0,1,A
2017-Q1,LTU,UNE_LF_M,PT_LF_SUB,_Z,Y,_T,Y_GE15,_Z,Q,7.733333,0,1,A
2017-Q2,LTU,UNE_LF_M,PT_LF_SUB,_Z,Y,_T,Y_GE15,_Z,Q,7.2,0,1,A
2017-Q3,LTU,UNE_LF_M,PT_LF_SUB,_Z,Y,_T,Y_GE15,_Z,Q,6.7,0,1,A
2017-Q4,LTU,UNE_LF_M,PT_LF_SUB,_Z,Y,_T,Y_GE15,_Z,Q,6.8,0,1,A
2018-Q1,LTU,UNE_LF_M,PT_LF_SUB,_Z,Y,_T,Y_GE15,_Z,Q,6.766667,0,1,A
2018-Q2,LTU,UNE_LF_M,PT_LF_SUB,_Z,Y,_T,Y_GE15,_Z,Q,6.066667,0,1,A
2018-Q3,LTU,UNE_LF_M,PT_LF_SUB,_Z,Y,_T,Y_GE15,_Z,Q,5.966667,0,1,A
2018-Q4,LTU,UNE_LF_M,PT_LF_SUB,_Z,Y,_T,Y_GE15,_Z,Q,5.966667,0,1,A
2019-Q1,LTU,UNE_LF_M,PT_LF_SUB,_Z,Y,_T,Y_GE15,_Z,Q,6.166667,0,1,A
2019-Q2,LTU,UNE_LF_M,PT_LF_SUB,_Z,Y,_T,Y_GE15,_Z,Q,6.033333,0,1,A
2019-Q3,LTU,UNE_LF_M,PT_LF_SUB,_Z,Y,_T,Y_GE15,_Z,Q,6.3,0,1,A
2019-Q4,LTU,UNE_LF_M,PT_LF_SUB,_Z,Y,_T,Y_GE15,_Z,Q,6.6,0,1,A
2020-Q1,LTU,UNE_LF_M,PT_LF_SUB,_Z,Y,_T,Y_GE15,_Z,Q,7.4,0,1,A
2020-Q2,LTU,UNE_LF_M,PT_LF_SUB,_Z,Y,_T,Y_GE15,_Z,Q,8.5,0,1,A
2020-Q3,LTU,UNE_LF_M,PT_LF_SUB,_Z,Y,_T,Y_GE15,_Z,Q,9.133333,0,1,A
2020-Q4,LTU,UNE_LF_M,PT_LF_SUB,_Z,Y,_T,Y_GE15,_Z,Q,9.066667,0,1,A
2021-Q1,LTU,UNE_LF_M,PT_LF_SUB,_Z,Y,_T,Y_GE15,_Z,Q,7.633333,0,1,A
2021-Q2,LTU,UNE_LF_M,PT_LF_SUB,_Z,Y,_T,Y_GE15,_Z,Q,7.666667,0,1,A
2021-Q3,LTU,UNE_LF_M,PT_LF_SUB,_Z,Y,_T,Y_GE15,_Z,Q,6.766667,0,1,A
2021-Q4,LTU,UNE_LF_M,PT_LF_SUB,_Z,Y,_T,Y_GE15,_Z,Q,6.5,0,1,A
2022-Q3,LTU,UNE_LF_M,PT_LF_SUB,_Z,Y,_T,Y_GE15,_Z,Q,6.1,0,1,A
1996-Q1,SVN,UNE_LF_M,PT_LF_SUB,_Z,Y,_T,Y_GE15,_Z,Q,7.1,0,1,A
1996-Q2,SVN,UNE_LF_M,PT_LF_SUB,_Z,Y,_T,Y_GE15,_Z,Q,6.966667,0,1,A
1996-Q3,SVN,UNE_LF_M,PT_LF_SUB,_Z,Y,_T,Y_GE15,_Z,Q,6.766667,0,1,A
1996-Q4,SVN,UNE_LF_M,PT_LF_SUB,_Z,Y,_T,Y_GE15,_Z,Q,6.8,0,1,A
1997-Q1,SVN,UNE_LF_M,PT_LF_SUB,_Z,Y,_T,Y_GE15,_Z,Q,6.733333,0,1,A
1997-Q2,SVN,UNE_LF_M,PT_LF_SUB,_Z,Y,_T,Y_GE15,_Z,Q,6.8,0,1,A
1997-Q3,SVN,UNE_LF_M,PT_LF_SUB,_Z,Y,_T,Y_GE15,_Z,Q,7.066667,0,1,A
1997-Q4,SVN,UNE_LF_M,PT_LF_SUB,_Z,Y,_T,Y_GE15,_Z,Q,7.133333,0,1,A
1998-Q1,SVN,UNE_LF_M,PT_LF_SUB,_Z,Y,_T,Y_GE15,_Z,Q,7.333333,0,1,A
1998-Q2,SVN,UNE_LF_M,PT_LF_SUB,_Z,Y,_T,Y_GE15,_Z,Q,7.4,0,1,A
1998-Q3,SVN,UNE_LF_M,PT_LF_SUB,_Z,Y,_T,Y_GE15,_Z,Q,7.4,0,1,A
1998-Q4,SVN,UNE_LF_M,PT_LF_SUB,_Z,Y,_T,Y_GE15,_Z,Q,7.4,0,1,A
1999-Q1,SVN,UNE_LF_M,PT_LF_SUB,_Z,Y,_T,Y_GE15,_Z,Q,7.233333,0,1,A
1999-Q2,SVN,UNE_LF_M,PT_LF_SUB,_Z,Y,_T,Y_GE15,_Z,Q,7.533333,0,1,A
1999-Q3,SVN,UNE_LF_M,PT_LF_SUB,_Z,Y,_T,Y_GE15,_Z,Q,7.6,0,1,A
1999-Q4,SVN,UNE_LF_M,PT_LF_SUB,_Z,Y,_T,Y_GE15,_Z,Q,7.333333,0,1,A
2000-Q1,SVN,UNE_LF_M,PT_LF_SUB,_Z,Y,_T,Y_GE15,_Z,Q,6.8,0,1,A
2000-Q2,SVN,UNE_LF_M,PT_LF_SUB,_Z,Y,_T,Y_GE15,_Z,Q,7.166667,0,1,A
2000-Q3,SVN,UNE_LF_M,PT_LF_SUB,_Z,Y,_T,Y_GE15,_Z,Q,6.8,0,1,A
2000-Q4,SVN,UNE_LF_M,PT_LF_SUB,_Z,Y,_T,Y_GE15,_Z,Q,6.233333,0,1,A
2001-Q1,SVN,UNE_LF_M,PT_LF_SUB,_Z,Y,_T,Y_GE15,_Z,Q,6.066667,0,1,A
2001-Q2,SVN,UNE_LF_M,PT_LF_SUB,_Z,Y,_T,Y_GE15,_Z,Q,5.933333,0,1,A
2001-Q3,SVN,UNE_LF_M,PT_LF_SUB,_Z,Y,_T,Y_GE15,_Z,Q,6.066667,0,1,A
2001-Q4,SVN,UNE_LF_M,PT_LF_SUB,_Z,Y,_T,Y_GE15,_Z,Q,6.7,0,1,A
2002-Q1,SVN,UNE_LF_M,PT_LF_SUB,_Z,Y,_T,Y_GE15,_Z,Q,6.566667,0,1,A
2002-Q2,SVN,UNE_LF_M,PT_LF_SUB,_Z,Y,_T,Y_GE15,_Z,Q,6.233333,0,1,A
2002-Q3,SVN,UNE_LF_M,PT_LF_SUB,_Z,Y,_T,Y_GE15,_Z,Q,6.233333,0,1,A
2002-Q4,SVN,UNE_LF_M,PT_LF_SUB,_Z,Y,_T,Y_GE15,_Z,Q,6.333333,0,1,A
2003-Q1,SVN,UNE_LF_M,PT_LF_SUB,_Z,Y,_T,Y_GE15,_Z,Q,6.666667,0,1,A
2003-Q2,SVN,UNE_LF_M,PT_LF_SUB,_Z,Y,_T,Y_GE15,_Z,Q,6.8,0,1,A
2003-Q3,SVN,UNE_LF_M,PT_LF_SUB,_Z,Y,_T,Y_GE15,_Z,Q,6.8,0,1,A
2003-Q4,SVN,UNE_LF_M,PT_LF_SUB,_Z,Y,_T,Y_GE15,_Z,Q,6.533333,0,1,A
2004-Q1,SVN,UNE_LF_M,PT_LF_SUB,_Z,Y,_T,Y_GE15,_Z,Q,6.5,0,1,A
2004-Q2,SVN,UNE_LF_M,PT_LF_SUB,_Z,Y,_T,Y_GE15,_Z,Q,6.333333,0,1,A
2004-Q3,SVN,UNE_LF_M,PT_LF_SUB,_Z,Y,_T,Y_GE15,_Z,Q,6.166667,0,1,A
2004-Q4,SVN,UNE_LF_M,PT_LF_SUB,_Z,Y,_T,Y_GE15,_Z,Q,6.3,0,1,A
2005-Q1,SVN,UNE_LF_M,PT_LF_SUB,_Z,Y,_T,Y_GE15,_Z,Q,6.433333,0,1,A
2005-Q2,SVN,UNE_LF_M,PT_LF_SUB,_Z,Y,_T,Y_GE15,_Z,Q,6.033333,0,1,A
2005-Q3,SVN,UNE_LF_M,PT_LF_SUB,_Z,Y,_T,Y_GE15,_Z,Q,6.566667,0,1,A
2005-Q4,SVN,UNE_LF_M,PT_LF_SUB,_Z,Y,_T,Y_GE15,_Z,Q,7.1,0,1,A
2006-Q1,SVN,UNE_LF_M,PT_LF_SUB,_Z,Y,_T,Y_GE15,_Z,Q,6.533333,0,1,A
2006-Q2,SVN,UNE_LF_M,PT_LF_SUB,_Z,Y,_T,Y_GE15,_Z,Q,6.166667,0,1,A
2006-Q3,SVN,UNE_LF_M,PT_LF_SUB,_Z,Y,_T,Y_GE15,_Z,Q,5.733333,0,1,A
2006-Q4,SVN,UNE_LF_M,PT_LF_SUB,_Z,Y,_T,Y_GE15,_Z,Q,5.466667,0,1,A
2007-Q1,SVN,UNE_LF_M,PT_LF_SUB,_Z,Y,_T,Y_GE15,_Z,Q,5.266667,0,1,A
2007-Q2,SVN,UNE_LF_M,PT_LF_SUB,_Z,Y,_T,Y_GE15,_Z,Q,4.833333,0,1,A
2007-Q3,SVN,UNE_LF_M,PT_LF_SUB,_Z,Y,_T,Y_GE15,_Z,Q,4.6,0,1,A
2007-Q4,SVN,UNE_LF_M,PT_LF_SUB,_Z,Y,_T,Y_GE15,_Z,Q,4.666667,0,1,A
2008-Q1,SVN,UNE_LF_M,PT_LF_SUB,_Z,Y,_T,Y_GE15,_Z,Q,4.7,0,1,A
2008-Q2,SVN,UNE_LF_M,PT_LF_SUB,_Z,Y,_T,Y_GE15,_Z,Q,4.366667,0,1,A
2008-Q3,SVN,UNE_LF_M,PT_LF_SUB,_Z,Y,_T,Y_GE15,_Z,Q,4.266667,0,1,A
2008-Q4,SVN,UNE_LF_M,PT_LF_SUB,_Z,Y,_T,Y_GE15,_Z,Q,4.266667,0,1,A
2009-Q3,SVN,UNE_LF_M,PT_LF_SUB,_Z,Y,_T,Y_GE15,_Z,Q,6.3,0,1,A
2009-Q4,SVN,UNE_LF_M,PT_LF_SUB,_Z,Y,_T,Y_GE15,_Z,Q,6.4,0,1,A
2010-Q2,SVN,UNE_LF_M,PT_LF_SUB,_Z,Y,_T,Y_GE15,_Z,Q,7.266667,0,1,A
2010-Q3,SVN,UNE_LF_M,PT_LF_SUB,_Z,Y,_T,Y_GE15,_Z,Q,7.233333,0,1,A
2010-Q4,SVN,UNE_LF_M,PT_LF_SUB,_Z,Y,_T,Y_GE15,_Z,Q,7.766667,0,1,A
2011-Q1,SVN,UNE_LF_M,PT_LF_SUB,_Z,Y,_T,Y_GE15,_Z,Q,8.033334,0,1,A
2011-Q2,SVN,UNE_LF_M,PT_LF_SUB,_Z,Y,_T,Y_GE15,_Z,Q,7.933333,0,1,A
2011-Q3,SVN,UNE_LF_M,PT_LF_SUB,_Z,Y,_T,Y_GE15,_Z,Q,8.066667,0,1,A
2011-Q4,SVN,UNE_LF_M,PT_LF_SUB,_Z,Y,_T,Y_GE15,_Z,Q,8.666667,0,1,A
2012-Q1,SVN,UNE_LF_M,PT_LF_SUB,_Z,Y,_T,Y_GE15,_Z,Q,8.133333,0,1,A
2012-Q4,SVN,UNE_LF_M,PT_LF_SUB,_Z,Y,_T,Y_GE15,_Z,Q,9.566667,0,1,A
2013-Q2,SVN,UNE_LF_M,PT_LF_SUB,_Z,Y,_T,Y_GE15,_Z,Q,10.53333,0,1,A
2013-Q4,SVN,UNE_LF_M,PT_LF_SUB,_Z,Y,_T,Y_GE15,_Z,Q,9.733334,0,1,A
2014-Q1,SVN,UNE_LF_M,PT_LF_SUB,_Z,Y,_T,Y_GE15,_Z,Q,10.2,0,1,A
2014-Q3,SVN,UNE_LF_M,PT_LF_SUB,_Z,Y,_T,Y_GE15,_Z,Q,9.5,0,1,A
2015-Q2,SVN,UNE_LF_M,PT_LF_SUB,_Z,Y,_T,Y_GE15,_Z,Q,9.366667,0,1,A
2015-Q3,SVN,UNE_LF_M,PT_LF_SUB,_Z,Y,_T,Y_GE15,_Z,Q,8.8,0,1,A
2016-Q2,SVN,UNE_LF_M,PT_LF_SUB,_Z,Y,_T,Y_GE15,_Z,Q,7.966667,0,1,A
2016-Q3,SVN,UNE_LF_M,PT_LF_SUB,_Z,Y,_T,Y_GE15,_Z,Q,7.5,0,1,A
2017-Q2,SVN,UNE_LF_M,PT_LF_SUB,_Z,Y,_T,Y_GE15,_Z,Q,6.6,0,1,A
2017-Q3,SVN,UNE_LF_M,PT_LF_SUB,_Z,Y,_T,Y_GE15,_Z,Q,6.366667,0,1,A
2017-Q4,SVN,UNE_LF_M,PT_LF_SUB,_Z,Y,_T,Y_GE15,_Z,Q,5.9,0,1,A
2018-Q1,SVN,UNE_LF_M,PT_LF_SUB,_Z,Y,_T,Y_GE15,_Z,Q,5.6,0,1,A
2018-Q3,SVN,UNE_LF_M,PT_LF_SUB,_Z,Y,_T,Y_GE15,_Z,Q,4.966667,0,1,A
2018-Q4,SVN,UNE_LF_M,PT_LF_SUB,_Z,Y,_T,Y_GE15,_Z,Q,4.5,0,1,A
2019-Q1,SVN,UNE_LF_M,PT_LF_SUB,_Z,Y,_T,Y_GE15,_Z,Q,4.566667,0,1,A
2019-Q2,SVN,UNE_LF_M,PT_LF_SUB,_Z,Y,_T,Y_GE15,_Z,Q,4.333333,0,1,A
2019-Q3,SVN,UNE_LF_M,PT_LF_SUB,_Z,Y,_T,Y_GE15,_Z,Q,4.7,0,1,A
2019-Q4,SVN,UNE_LF_M,PT_LF_SUB,_Z,Y,_T,Y_GE15,_Z,Q,4.133333,0,1,A
2020-Q1,SVN,UNE_LF_M,PT_LF_SUB,_Z,Y,_T,Y_GE15,_Z,Q,4.333333,0,1,A
2020-Q2,SVN,UNE_LF_M,PT_LF_SUB,_Z,Y,_T,Y_GE15,_Z,Q,5.333333,0,1,A
2020-Q4,SVN,UNE_LF_M,PT_LF_SUB,_Z,Y,_T,Y_GE15,_Z,Q,5.233333,0,1,A
2021-Q2,SVN,UNE_LF_M,PT_LF_SUB,_Z,Y,_T,Y_GE15,_Z,Q,4.6,0,1,A
2021-Q3,SVN,UNE_LF_M,PT_LF_SUB,_Z,Y,_T,Y_GE15,_Z,Q,4.4,0,1,A
2021-Q4,SVN,UNE_LF_M,PT_LF_SUB,_Z,Y,_T,Y_GE15,_Z,Q,4.633333,0,1,A
2023-Q1,SVN,UNE_LF_M,PT_LF_SUB,_Z,Y,_T,Y_GE15,_Z,Q,3.6,0,1,A
2023-Q2,SVN,UNE_LF_M,PT_LF_SUB,_Z,Y,_T,Y_GE15,_Z,Q,3.8,0,1,A
2024-Q2,SVN,UNE_LF_M,PT_LF_SUB,_Z,Y,_T,Y_GE15,_Z,Q,3.633333,0,1,A
1997-Q1,POL,UNE_LF_M,PT_LF_SUB,_Z,Y,_T,Y_GE15,_Z,Q,11.53333,0,1,A
1997-Q2,POL,UNE_LF_M,PT_LF_SUB,_Z,Y,_T,Y_GE15,_Z,Q,10.96667,0,1,A
1997-Q3,POL,UNE_LF_M,PT_LF_SUB,_Z,Y,_T,Y_GE15,_Z,Q,10.66667,0,1,A
1997-Q4,POL,UNE_LF_M,PT_LF_SUB,_Z,Y,_T,Y_GE15,_Z,Q,10.23333,0,1,A
1998-Q1,POL,UNE_LF_M,PT_LF_SUB,_Z,Y,_T,Y_GE15,_Z,Q,9.9,0,1,A
1998-Q2,POL,UNE_LF_M,PT_LF_SUB,_Z,Y,_T,Y_GE15,_Z,Q,9.9,0,1,A
1998-Q3,POL,UNE_LF_M,PT_LF_SUB,_Z,Y,_T,Y_GE15,_Z,Q,10.23333,0,1,A
1998-Q4,POL,UNE_LF_M,PT_LF_SUB,_Z,Y,_T,Y_GE15,_Z,Q,10.8,0,1,A
1999-Q1,POL,UNE_LF_M,PT_LF_SUB,_Z,Y,_T,Y_GE15,_Z,Q,11.93333,0,1,A
1999-Q2,POL,UNE_LF_M,PT_LF_SUB,_Z,Y,_T,Y_GE15,_Z,Q,12.93333,0,1,A
1999-Q3,POL,UNE_LF_M,PT_LF_SUB,_Z,Y,_T,Y_GE15,_Z,Q,13.83333,0,1,A
1999-Q4,POL,UNE_LF_M,PT_LF_SUB,_Z,Y,_T,Y_GE15,_Z,Q,14.8,0,1,A
2000-Q1,POL,UNE_LF_M,PT_LF_SUB,_Z,Y,_T,Y_GE15,_Z,Q,15.8,0,1,A
2000-Q2,POL,UNE_LF_M,PT_LF_SUB,_Z,Y,_T,Y_GE15,_Z,Q,16.2,0,1,A
2000-Q3,POL,UNE_LF_M,PT_LF_SUB,_Z,Y,_T,Y_GE15,_Z,Q,15.96667,0,1,A
2000-Q4,POL,UNE_LF_M,PT_LF_SUB,_Z,Y,_T,Y_GE15,_Z,Q,16.5,0,1,A
2001-Q1,POL,UNE_LF_M,PT_LF_SUB,_Z,Y,_T,Y_GE15,_Z,Q,17.4,0,1,A
2001-Q2,POL,UNE_LF_M,PT_LF_SUB,_Z,Y,_T,Y_GE15,_Z,Q,18.33333,0,1,A
2001-Q3,POL,UNE_LF_M,PT_LF_SUB,_Z,Y,_T,Y_GE15,_Z,Q,18.46667,0,1,A
2001-Q4,POL,UNE_LF_M,PT_LF_SUB,_Z,Y,_T,Y_GE15,_Z,Q,19.03333,0,1,A
2002-Q1,POL,UNE_LF_M,PT_LF_SUB,_Z,Y,_T,Y_GE15,_Z,Q,19.46667,0,1,A
2002-Q2,POL,UNE_LF_M,PT_LF_SUB,_Z,Y,_T,Y_GE15,_Z,Q,19.96667,0,1,A
2002-Q3,POL,UNE_LF_M,PT_LF_SUB,_Z,Y,_T,Y_GE15,_Z,Q,20.46667,0,1,A
2002-Q4,POL,UNE_LF_M,PT_LF_SUB,_Z,Y,_T,Y_GE15,_Z,Q,20.26667,0,1,A
2003-Q1,POL,UNE_LF_M,PT_LF_SUB,_Z,Y,_T,Y_GE15,_Z,Q,19.76667,0,1,A
2003-Q2,POL,UNE_LF_M,PT_LF_SUB,_Z,Y,_T,Y_GE15,_Z,Q,19.56667,0,1,A
2003-Q3,POL,UNE_LF_M,PT_LF_SUB,_Z,Y,_T,Y_GE15,_Z,Q,19.93333,0,1,A
2003-Q4,POL,UNE_LF_M,PT_LF_SUB,_Z,Y,_T,Y_GE15,_Z,Q,19.76667,0,1,A
2004-Q1,POL,UNE_LF_M,PT_LF_SUB,_Z,Y,_T,Y_GE15,_Z,Q,19.9,0,1,A
2004-Q2,POL,UNE_LF_M,PT_LF_SUB,_Z,Y,_T,Y_GE15,_Z,Q,19.33333,0,1,A
2004-Q3,POL,UNE_LF_M,PT_LF_SUB,_Z,Y,_T,Y_GE15,_Z,Q,18.86667,0,1,A
2004-Q4,POL,UNE_LF_M,PT_LF_SUB,_Z,Y,_T,Y_GE15,_Z,Q,18.43333,0,1,A
2005-Q1,POL,UNE_LF_M,PT_LF_SUB,_Z,Y,_T,Y_GE15,_Z,Q,18.2,0,1,A
2005-Q2,POL,UNE_LF_M,PT_LF_SUB,_Z,Y,_T,Y_GE15,_Z,Q,18.4,0,1,A
2005-Q3,POL,UNE_LF_M,PT_LF_SUB,_Z,Y,_T,Y_GE15,_Z,Q,18,0,1,A
2005-Q4,POL,UNE_LF_M,PT_LF_SUB,_Z,Y,_T,Y_GE15,_Z,Q,17.06667,0,1,A
2006-Q1,POL,UNE_LF_M,PT_LF_SUB,_Z,Y,_T,Y_GE15,_Z,Q,15.5,0,1,A
2006-Q2,POL,UNE_LF_M,PT_LF_SUB,_Z,Y,_T,Y_GE15,_Z,Q,14.36667,0,1,A
2006-Q3,POL,UNE_LF_M,PT_LF_SUB,_Z,Y,_T,Y_GE15,_Z,Q,13.5,0,1,A
2006-Q4,POL,UNE_LF_M,PT_LF_SUB,_Z,Y,_T,Y_GE15,_Z,Q,12.4,0,1,A
2007-Q1,POL,UNE_LF_M,PT_LF_SUB,_Z,Y,_T,Y_GE15,_Z,Q,10.76667,0,1,A
2007-Q2,POL,UNE_LF_M,PT_LF_SUB,_Z,Y,_T,Y_GE15,_Z,Q,9.733334,0,1,A
2007-Q3,POL,UNE_LF_M,PT_LF_SUB,_Z,Y,_T,Y_GE15,_Z,Q,9.3,0,1,A
2007-Q4,POL,UNE_LF_M,PT_LF_SUB,_Z,Y,_T,Y_GE15,_Z,Q,8.633333,0,1,A
2008-Q1,POL,UNE_LF_M,PT_LF_SUB,_Z,Y,_T,Y_GE15,_Z,Q,7.533333,0,1,A
2008-Q2,POL,UNE_LF_M,PT_LF_SUB,_Z,Y,_T,Y_GE15,_Z,Q,7.133333,0,1,A
2008-Q3,POL,UNE_LF_M,PT_LF_SUB,_Z,Y,_T,Y_GE15,_Z,Q,6.8,0,1,A
2009-Q2,POL,UNE_LF_M,PT_LF_SUB,_Z,Y,_T,Y_GE15,_Z,Q,7.933333,0,1,A
2009-Q3,POL,UNE_LF_M,PT_LF_SUB,_Z,Y,_T,Y_GE15,_Z,Q,8.366667,0,1,A
2009-Q4,POL,UNE_LF_M,PT_LF_SUB,_Z,Y,_T,Y_GE15,_Z,Q,8.733334,0,1,A
2010-Q1,POL,UNE_LF_M,PT_LF_SUB,_Z,Y,_T,Y_GE15,_Z,Q,10.3,0,1,A
2010-Q2,POL,UNE_LF_M,PT_LF_SUB,_Z,Y,_T,Y_GE15,_Z,Q,10,0,1,A
2010-Q3,POL,UNE_LF_M,PT_LF_SUB,_Z,Y,_T,Y_GE15,_Z,Q,9.8,0,1,A
2010-Q4,POL,UNE_LF_M,PT_LF_SUB,_Z,Y,_T,Y_GE15,_Z,Q,9.8,0,1,A
2011-Q2,POL,UNE_LF_M,PT_LF_SUB,_Z,Y,_T,Y_GE15,_Z,Q,9.9,0,1,A
2012-Q1,POL,UNE_LF_M,PT_LF_SUB,_Z,Y,_T,Y_GE15,_Z,Q,10.2,0,1,A
2012-Q2,POL,UNE_LF_M,PT_LF_SUB,_Z,Y,_T,Y_GE15,_Z,Q,10.3,0,1,A
2013-Q2,POL,UNE_LF_M,PT_LF_SUB,_Z,Y,_T,Y_GE15,_Z,Q,10.86667,0,1,A
2013-Q4,POL,UNE_LF_M,PT_LF_SUB,_Z,Y,_T,Y_GE15,_Z,Q,10.2,0,1,A
2014-Q1,POL,UNE_LF_M,PT_LF_SUB,_Z,Y,_T,Y_GE15,_Z,Q,10.26667,0,1,A
2014-Q2,POL,UNE_LF_M,PT_LF_SUB,_Z,Y,_T,Y_GE15,_Z,Q,9.5,0,1,A
2014-Q4,POL,UNE_LF_M,PT_LF_SUB,_Z,Y,_T,Y_GE15,_Z,Q,8.4,0,1,A
2015-Q1,POL,UNE_LF_M,PT_LF_SUB,_Z,Y,_T,Y_GE15,_Z,Q,8.266666,0,1,A
2015-Q2,POL,UNE_LF_M,PT_LF_SUB,_Z,Y,_T,Y_GE15,_Z,Q,7.733333,0,1,A
2015-Q3,POL,UNE_LF_M,PT_LF_SUB,_Z,Y,_T,Y_GE15,_Z,Q,7.466667,0,1,A
2015-Q4,POL,UNE_LF_M,PT_LF_SUB,_Z,Y,_T,Y_GE15,_Z,Q,7.166667,0,1,A
2016-Q3,POL,UNE_LF_M,PT_LF_SUB,_Z,Y,_T,Y_GE15,_Z,Q,6.2,0,1,A
2016-Q4,POL,UNE_LF_M,PT_LF_SUB,_Z,Y,_T,Y_GE15,_Z,Q,5.7,0,1,A
2017-Q1,POL,UNE_LF_M,PT_LF_SUB,_Z,Y,_T,Y_GE15,_Z,Q,5.166667,0,1,A
2017-Q2,POL,UNE_LF_M,PT_LF_SUB,_Z,Y,_T,Y_GE15,_Z,Q,5.166667,0,1,A
2017-Q3,POL,UNE_LF_M,PT_LF_SUB,_Z,Y,_T,Y_GE15,_Z,Q,4.866667,0,1,A
2017-Q4,POL,UNE_LF_M,PT_LF_SUB,_Z,Y,_T,Y_GE15,_Z,Q,4.566667,0,1,A
2019-Q1,POL,UNE_LF_M,PT_LF_SUB,_Z,Y,_T,Y_GE15,_Z,Q,3.6,0,1,A
2019-Q2,POL,UNE_LF_M,PT_LF_SUB,_Z,Y,_T,Y_GE15,_Z,Q,3.3,0,1,A
2019-Q3,POL,UNE_LF_M,PT_LF_SUB,_Z,Y,_T,Y_GE15,_Z,Q,3.133333,0,1,A
2019-Q4,POL,UNE_LF_M,PT_LF_SUB,_Z,Y,_T,Y_GE15,_Z,Q,2.966667,0,1,A
2020-Q1,POL,UNE_LF_M,PT_LF_SUB,_Z,Y,_T,Y_GE15,_Z,Q,2.866667,0,1,A
2020-Q2,POL,UNE_LF_M,PT_LF_SUB,_Z,Y,_T,Y_GE15,_Z,Q,3.266667,0,1,A
2020-Q4,POL,UNE_LF_M,PT_LF_SUB,_Z,Y,_T,Y_GE15,_Z,Q,3.233333,0,1,A
2021-Q3,POL,UNE_LF_M,PT_LF_SUB,_Z,Y,_T,Y_GE15,_Z,Q,3.133333,0,1,A
2022-Q2,POL,UNE_LF_M,PT_LF_SUB,_Z,Y,_T,Y_GE15,_Z,Q,2.8,0,1,A
2022-Q4,POL,UNE_LF_M,PT_LF_SUB,_Z,Y,_T,Y_GE15,_Z,Q,2.9,0,1,A
2023-Q3,POL,UNE_LF_M,PT_LF_SUB,_Z,Y,_T,Y_GE15,_Z,Q,2.833333,0,1,A
2024-Q1,POL,UNE_LF_M,PT_LF_SUB,_Z,Y,_T,Y_GE15,_Z,Q,2.866667,0,1,A
2024-Q2,POL,UNE_LF_M,PT_LF_SUB,_Z,Y,_T,Y_GE15,_Z,Q,2.866667,0,1,A
2024-Q3,POL,UNE_LF_M,PT_LF_SUB,_Z,Y,_T,Y_GE15,_Z,Q,3,0,1,A
2025-Q2,POL,UNE_LF_M,PT_LF_SUB,_Z,Y,_T,Y_GE15,_Z,Q,3.066667,0,1,A
2025-Q3,POL,UNE_LF_M,PT_LF_SUB,_Z,Y,_T,Y_GE15,_Z,Q,3.2,0,1,A
2025-Q4,POL,UNE_LF_M,PT_LF_SUB,_Z,Y,_T,Y_GE15,_Z,Q,3.2,0,1,A
2000-Q1,EU27_2020,UNE_LF_M,PT_LF_SUB,_Z,Y,_T,Y_GE15,_Z,Q,9.2,0,1,A
2000-Q2,EU27_2020,UNE_LF_M,PT_LF_SUB,_Z,Y,_T,Y_GE15,_Z,Q,9.066667,0,1,A
2000-Q3,EU27_2020,UNE_LF_M,PT_LF_SUB,_Z,Y,_T,Y_GE15,_Z,Q,8.933333,0,1,A
2000-Q4,EU27_2020,UNE_LF_M,PT_LF_SUB,_Z,Y,_T,Y_GE15,_Z,Q,8.766666,0,1,A
2001-Q1,EU27_2020,UNE_LF_M,PT_LF_SUB,_Z,Y,_T,Y_GE15,_Z,Q,8.7,0,1,A
2001-Q2,EU27_2020,UNE_LF_M,PT_LF_SUB,_Z,Y,_T,Y_GE15,_Z,Q,8.7,0,1,A
2001-Q3,EU27_2020,UNE_LF_M,PT_LF_SUB,_Z,Y,_T,Y_GE15,_Z,Q,8.733334,0,1,A
2001-Q4,EU27_2020,UNE_LF_M,PT_LF_SUB,_Z,Y,_T,Y_GE15,_Z,Q,8.866667,0,1,A
2002-Q1,EU27_2020,UNE_LF_M,PT_LF_SUB,_Z,Y,_T,Y_GE15,_Z,Q,8.966666,0,1,A
2002-Q2,EU27_2020,UNE_LF_M,PT_LF_SUB,_Z,Y,_T,Y_GE15,_Z,Q,9.033334,0,1,A
2002-Q3,EU27_2020,UNE_LF_M,PT_LF_SUB,_Z,Y,_T,Y_GE15,_Z,Q,9.1,0,1,A
2002-Q4,EU27_2020,UNE_LF_M,PT_LF_SUB,_Z,Y,_T,Y_GE15,_Z,Q,9.1,0,1,A
2003-Q1,EU27_2020,UNE_LF_M,PT_LF_SUB,_Z,Y,_T,Y_GE15,_Z,Q,9.8,0,1,A
2003-Q2,EU27_2020,UNE_LF_M,PT_LF_SUB,_Z,Y,_T,Y_GE15,_Z,Q,9.833333,0,1,A
2003-Q3,EU27_2020,UNE_LF_M,PT_LF_SUB,_Z,Y,_T,Y_GE15,_Z,Q,9.9,0,1,A
2003-Q4,EU27_2020,UNE_LF_M,PT_LF_SUB,_Z,Y,_T,Y_GE15,_Z,Q,9.933333,0,1,A
2004-Q1,EU27_2020,UNE_LF_M,PT_LF_SUB,_Z,Y,_T,Y_GE15,_Z,Q,10.06667,0,1,A
2004-Q2,EU27_2020,UNE_LF_M,PT_LF_SUB,_Z,Y,_T,Y_GE15,_Z,Q,10,0,1,A
2004-Q3,EU27_2020,UNE_LF_M,PT_LF_SUB,_Z,Y,_T,Y_GE15,_Z,Q,9.933333,0,1,A
2004-Q4,EU27_2020,UNE_LF_M,PT_LF_SUB,_Z,Y,_T,Y_GE15,_Z,Q,9.966666,0,1,A
2005-Q1,EU27_2020,UNE_LF_M,PT_LF_SUB,_Z,Y,_T,Y_GE15,_Z,Q,9.8,0,1,A
2005-Q2,EU27_2020,UNE_LF_M,PT_LF_SUB,_Z,Y,_T,Y_GE15,_Z,Q,9.8,0,1,A
2005-Q3,EU27_2020,UNE_LF_M,PT_LF_SUB,_Z,Y,_T,Y_GE15,_Z,Q,9.633333,0,1,A
2005-Q4,EU27_2020,UNE_LF_M,PT_LF_SUB,_Z,Y,_T,Y_GE15,_Z,Q,9.5,0,1,A
2006-Q1,EU27_2020,UNE_LF_M,PT_LF_SUB,_Z,Y,_T,Y_GE15,_Z,Q,9.2,0,1,A
2006-Q2,EU27_2020,UNE_LF_M,PT_LF_SUB,_Z,Y,_T,Y_GE15,_Z,Q,8.866667,0,1,A
2006-Q4,EU27_2020,UNE_LF_M,PT_LF_SUB,_Z,Y,_T,Y_GE15,_Z,Q,8.3,0,1,A
2007-Q1,EU27_2020,UNE_LF_M,PT_LF_SUB,_Z,Y,_T,Y_GE15,_Z,Q,7.9,0,1,A
2007-Q2,EU27_2020,UNE_LF_M,PT_LF_SUB,_Z,Y,_T,Y_GE15,_Z,Q,7.6,0,1,A
2007-Q4,EU27_2020,UNE_LF_M,PT_LF_SUB,_Z,Y,_T,Y_GE15,_Z,Q,7.333333,0,1,A
2008-Q1,EU27_2020,UNE_LF_M,PT_LF_SUB,_Z,Y,_T,Y_GE15,_Z,Q,7.133333,0,1,A
2008-Q2,EU27_2020,UNE_LF_M,PT_LF_SUB,_Z,Y,_T,Y_GE15,_Z,Q,7.2,0,1,A
2008-Q3,EU27_2020,UNE_LF_M,PT_LF_SUB,_Z,Y,_T,Y_GE15,_Z,Q,7.266667,0,1,A
2008-Q4,EU27_2020,UNE_LF_M,PT_LF_SUB,_Z,Y,_T,Y_GE15,_Z,Q,7.666667,0,1,A
2009-Q1,EU27_2020,UNE_LF_M,PT_LF_SUB,_Z,Y,_T,Y_GE15,_Z,Q,8.666667,0,1,A
2009-Q2,EU27_2020,UNE_LF_M,PT_LF_SUB,_Z,Y,_T,Y_GE15,_Z,Q,9.2,0,1,A
2009-Q4,EU27_2020,UNE_LF_M,PT_LF_SUB,_Z,Y,_T,Y_GE15,_Z,Q,9.8,0,1,A
2010-Q1,EU27_2020,UNE_LF_M,PT_LF_SUB,_Z,Y,_T,Y_GE15,_Z,Q,10.1,0,1,A
2010-Q3,EU27_2020,UNE_LF_M,PT_LF_SUB,_Z,Y,_T,Y_GE15,_Z,Q,10,0,1,A
2010-Q4,EU27_2020,UNE_LF_M,PT_LF_SUB,_Z,Y,_T,Y_GE15,_Z,Q,10.03333,0,1,A
2011-Q1,EU27_2020,UNE_LF_M,PT_LF_SUB,_Z,Y,_T,Y_GE15,_Z,Q,9.933333,0,1,A
2011-Q2,EU27_2020,UNE_LF_M,PT_LF_SUB,_Z,Y,_T,Y_GE15,_Z,Q,9.9,0,1,A
2011-Q3,EU27_2020,UNE_LF_M,PT_LF_SUB,_Z,Y,_T,Y_GE15,_Z,Q,10.1,0,1,A
2011-Q4,EU27_2020,UNE_LF_M,PT_LF_SUB,_Z,Y,_T,Y_GE15,_Z,Q,10.4,0,1,A
2012-Q1,EU27_2020,UNE_LF_M,PT_LF_SUB,_Z,Y,_T,Y_GE15,_Z,Q,10.7,0,1,A
2012-Q2,EU27_2020,UNE_LF_M,PT_LF_SUB,_Z,Y,_T,Y_GE15,_Z,Q,10.96667,0,1,A
2013-Q1,EU27_2020,UNE_LF_M,PT_LF_SUB,_Z,Y,_T,Y_GE15,_Z,Q,11.7,0,1,A
2013-Q2,EU27_2020,UNE_LF_M,PT_LF_SUB,_Z,Y,_T,Y_GE15,_Z,Q,11.66667,0,1,A
2013-Q4,EU27_2020,UNE_LF_M,PT_LF_SUB,_Z,Y,_T,Y_GE15,_Z,Q,11.46667,0,1,A
2014-Q1,EU27_2020,UNE_LF_M,PT_LF_SUB,_Z,Y,_T,Y_GE15,_Z,Q,11.36667,0,1,A
2014-Q2,EU27_2020,UNE_LF_M,PT_LF_SUB,_Z,Y,_T,Y_GE15,_Z,Q,11.06667,0,1,A
2014-Q3,EU27_2020,UNE_LF_M,PT_LF_SUB,_Z,Y,_T,Y_GE15,_Z,Q,10.83333,0,1,A
2014-Q4,EU27_2020,UNE_LF_M,PT_LF_SUB,_Z,Y,_T,Y_GE15,_Z,Q,10.8,0,1,A
2015-Q1,EU27_2020,UNE_LF_M,PT_LF_SUB,_Z,Y,_T,Y_GE15,_Z,Q,10.6,0,1,A
2015-Q2,EU27_2020,UNE_LF_M,PT_LF_SUB,_Z,Y,_T,Y_GE15,_Z,Q,10.33333,0,1,A
2015-Q3,EU27_2020,UNE_LF_M,PT_LF_SUB,_Z,Y,_T,Y_GE15,_Z,Q,10,0,1,A
2015-Q4,EU27_2020,UNE_LF_M,PT_LF_SUB,_Z,Y,_T,Y_GE15,_Z,Q,9.833333,0,1,A
2016-Q1,EU27_2020,UNE_LF_M,PT_LF_SUB,_Z,Y,_T,Y_GE15,_Z,Q,9.566667,0,1,A
2016-Q2,EU27_2020,UNE_LF_M,PT_LF_SUB,_Z,Y,_T,Y_GE15,_Z,Q,9.4,0,1,A
2016-Q3,EU27_2020,UNE_LF_M,PT_LF_SUB,_Z,Y,_T,Y_GE15,_Z,Q,9.133333,0,1,A
2016-Q4,EU27_2020,UNE_LF_M,PT_LF_SUB,_Z,Y,_T,Y_GE15,_Z,Q,8.966666,0,1,A
2017-Q1,EU27_2020,UNE_LF_M,PT_LF_SUB,_Z,Y,_T,Y_GE15,_Z,Q,8.633333,0,1,A
2017-Q2,EU27_2020,UNE_LF_M,PT_LF_SUB,_Z,Y,_T,Y_GE15,_Z,Q,8.366667,0,1,A
2017-Q3,EU27_2020,UNE_LF_M,PT_LF_SUB,_Z,Y,_T,Y_GE15,_Z,Q,8.166667,0,1,A
2018-Q1,EU27_2020,UNE_LF_M,PT_LF_SUB,_Z,Y,_T,Y_GE15,_Z,Q,7.7,0,1,A
2018-Q2,EU27_2020,UNE_LF_M,PT_LF_SUB,_Z,Y,_T,Y_GE15,_Z,Q,7.466667,0,1,A
2018-Q3,EU27_2020,UNE_LF_M,PT_LF_SUB,_Z,Y,_T,Y_GE15,_Z,Q,7.233333,0,1,A
2018-Q4,EU27_2020,UNE_LF_M,PT_LF_SUB,_Z,Y,_T,Y_GE15,_Z,Q,7.133333,0,1,A
2019-Q1,EU27_2020,UNE_LF_M,PT_LF_SUB,_Z,Y,_T,Y_GE15,_Z,Q,7.033333,0,1,A
2019-Q2,EU27_2020,UNE_LF_M,PT_LF_SUB,_Z,Y,_T,Y_GE15,_Z,Q,6.8,0,1,A
2019-Q3,EU27_2020,UNE_LF_M,PT_LF_SUB,_Z,Y,_T,Y_GE15,_Z,Q,6.733333,0,1,A
2019-Q4,EU27_2020,UNE_LF_M,PT_LF_SUB,_Z,Y,_T,Y_GE15,_Z,Q,6.7,0,1,A
2020-Q1,EU27_2020,UNE_LF_M,PT_LF_SUB,_Z,Y,_T,Y_GE15,_Z,Q,6.6,0,1,A
2020-Q2,EU27_2020,UNE_LF_M,PT_LF_SUB,_Z,Y,_T,Y_GE15,_Z,Q,7.066667,0,1,A
2020-Q3,EU27_2020,UNE_LF_M,PT_LF_SUB,_Z,Y,_T,Y_GE15,_Z,Q,7.733333,0,1,A
2020-Q4,EU27_2020,UNE_LF_M,PT_LF_SUB,_Z,Y,_T,Y_GE15,_Z,Q,7.5,0,1,A
2021-Q1,EU27_2020,UNE_LF_M,PT_LF_SUB,_Z,Y,_T,Y_GE15,_Z,Q,7.5,0,1,A
2021-Q3,EU27_2020,UNE_LF_M,PT_LF_SUB,_Z,Y,_T,Y_GE15,_Z,Q,6.866667,0,1,A
2021-Q4,EU27_2020,UNE_LF_M,PT_LF_SUB,_Z,Y,_T,Y_GE15,_Z,Q,6.5,0,1,A
2022-Q1,EU27_2020,UNE_LF_M,PT_LF_SUB,_Z,Y,_T,Y_GE15,_Z,Q,6.3,0,1,A
2022-Q2,EU27_2020,UNE_LF_M,PT_LF_SUB,_Z,Y,_T,Y_GE15,_Z,Q,6.2,0,1,A
2023-Q1,EU27_2020,UNE_LF_M,PT_LF_SUB,_Z,Y,_T,Y_GE15,_Z,Q,6.066667,0,1,A
2023-Q2,EU27_2020,UNE_LF_M,PT_LF_SUB,_Z,Y,_T,Y_GE15,_Z,Q,6,0,1,A
2023-Q4,EU27_2020,UNE_LF_M,PT_LF_SUB,_Z,Y,_T,Y_GE15,_Z,Q,6.1,0,1,A
2024-Q1,EU27_2020,UNE_LF_M,PT_LF_SUB,_Z,Y,_T,Y_GE15,_Z,Q,6.066667,0,1,A
2024-Q2,EU27_2020,UNE_LF_M,PT_LF_SUB,_Z,Y,_T,Y_GE15,_Z,Q,6,0,1,A
2024-Q3,EU27_2020,UNE_LF_M,PT_LF_SUB,_Z,Y,_T,Y_GE15,_Z,Q,5.933333,0,1,A
2024-Q4,EU27_2020,UNE_LF_M,PT_LF_SUB,_Z,Y,_T,Y_GE15,_Z,Q,5.833333,0,1,A
2025-Q3,EU27_2020,UNE_LF_M,PT_LF_SUB,_Z,Y,_T,Y_GE15,_Z,Q,6,0,1,A
2000-Q1,BGR,UNE_LF_M,PT_LF_SUB,_Z,Y,_T,Y_GE15,_Z,Q,14.73333,0,1,A
2000-Q2,BGR,UNE_LF_M,PT_LF_SUB,_Z,Y,_T,Y_GE15,_Z,Q,16,0,1,A
2000-Q3,BGR,UNE_LF_M,PT_LF_SUB,_Z,Y,_T,Y_GE15,_Z,Q,17.16667,0,1,A
2000-Q4,BGR,UNE_LF_M,PT_LF_SUB,_Z,Y,_T,Y_GE15,_Z,Q,17.9,0,1,A
2001-Q1,BGR,UNE_LF_M,PT_LF_SUB,_Z,Y,_T,Y_GE15,_Z,Q,18.83333,0,1,A
2001-Q2,BGR,UNE_LF_M,PT_LF_SUB,_Z,Y,_T,Y_GE15,_Z,Q,20.03333,0,1,A
2001-Q3,BGR,UNE_LF_M,PT_LF_SUB,_Z,Y,_T,Y_GE15,_Z,Q,19.9,0,1,A
2001-Q4,BGR,UNE_LF_M,PT_LF_SUB,_Z,Y,_T,Y_GE15,_Z,Q,19.8,0,1,A
2002-Q1,BGR,UNE_LF_M,PT_LF_SUB,_Z,Y,_T,Y_GE15,_Z,Q,19.2,0,1,A
2002-Q2,BGR,UNE_LF_M,PT_LF_SUB,_Z,Y,_T,Y_GE15,_Z,Q,18.5,0,1,A
2002-Q3,BGR,UNE_LF_M,PT_LF_SUB,_Z,Y,_T,Y_GE15,_Z,Q,18.23333,0,1,A
2002-Q4,BGR,UNE_LF_M,PT_LF_SUB,_Z,Y,_T,Y_GE15,_Z,Q,16.86667,0,1,A
2003-Q1,BGR,UNE_LF_M,PT_LF_SUB,_Z,Y,_T,Y_GE15,_Z,Q,15.03333,0,1,A
2003-Q2,BGR,UNE_LF_M,PT_LF_SUB,_Z,Y,_T,Y_GE15,_Z,Q,14.13333,0,1,A
2003-Q3,BGR,UNE_LF_M,PT_LF_SUB,_Z,Y,_T,Y_GE15,_Z,Q,13.3,0,1,A
2003-Q4,BGR,UNE_LF_M,PT_LF_SUB,_Z,Y,_T,Y_GE15,_Z,Q,12.7,0,1,A
2004-Q1,BGR,UNE_LF_M,PT_LF_SUB,_Z,Y,_T,Y_GE15,_Z,Q,12.76667,0,1,A
2004-Q2,BGR,UNE_LF_M,PT_LF_SUB,_Z,Y,_T,Y_GE15,_Z,Q,12.3,0,1,A
2004-Q3,BGR,UNE_LF_M,PT_LF_SUB,_Z,Y,_T,Y_GE15,_Z,Q,11.53333,0,1,A
2004-Q4,BGR,UNE_LF_M,PT_LF_SUB,_Z,Y,_T,Y_GE15,_Z,Q,11.66667,0,1,A
2005-Q1,BGR,UNE_LF_M,PT_LF_SUB,_Z,Y,_T,Y_GE15,_Z,Q,10.9,0,1,A
2005-Q2,BGR,UNE_LF_M,PT_LF_SUB,_Z,Y,_T,Y_GE15,_Z,Q,10.13333,0,1,A
2005-Q3,BGR,UNE_LF_M,PT_LF_SUB,_Z,Y,_T,Y_GE15,_Z,Q,9.7,0,1,A
2005-Q4,BGR,UNE_LF_M,PT_LF_SUB,_Z,Y,_T,Y_GE15,_Z,Q,9.8,0,1,A
2006-Q1,BGR,UNE_LF_M,PT_LF_SUB,_Z,Y,_T,Y_GE15,_Z,Q,9.266666,0,1,A
2006-Q2,BGR,UNE_LF_M,PT_LF_SUB,_Z,Y,_T,Y_GE15,_Z,Q,9.1,0,1,A
2006-Q3,BGR,UNE_LF_M,PT_LF_SUB,_Z,Y,_T,Y_GE15,_Z,Q,9.2,0,1,A
2006-Q4,BGR,UNE_LF_M,PT_LF_SUB,_Z,Y,_T,Y_GE15,_Z,Q,8.433333,0,1,A
2007-Q1,BGR,UNE_LF_M,PT_LF_SUB,_Z,Y,_T,Y_GE15,_Z,Q,7.566667,0,1,A
2007-Q2,BGR,UNE_LF_M,PT_LF_SUB,_Z,Y,_T,Y_GE15,_Z,Q,7,0,1,A
2007-Q3,BGR,UNE_LF_M,PT_LF_SUB,_Z,Y,_T,Y_GE15,_Z,Q,6.866667,0,1,A
2007-Q4,BGR,UNE_LF_M,PT_LF_SUB,_Z,Y,_T,Y_GE15,_Z,Q,6.2,0,1,A
2008-Q1,BGR,UNE_LF_M,PT_LF_SUB,_Z,Y,_T,Y_GE15,_Z,Q,6.033333,0,1,A
2008-Q2,BGR,UNE_LF_M,PT_LF_SUB,_Z,Y,_T,Y_GE15,_Z,Q,5.833333,0,1,A
2008-Q3,BGR,UNE_LF_M,PT_LF_SUB,_Z,Y,_T,Y_GE15,_Z,Q,5.466667,0,1,A
2008-Q4,BGR,UNE_LF_M,PT_LF_SUB,_Z,Y,_T,Y_GE15,_Z,Q,5.133333,0,1,A
2009-Q2,BGR,UNE_LF_M,PT_LF_SUB,_Z,Y,_T,Y_GE15,_Z,Q,7.433333,0,1,A
2009-Q3,BGR,UNE_LF_M,PT_LF_SUB,_Z,Y,_T,Y_GE15,_Z,Q,8.366667,0,1,A
2009-Q4,BGR,UNE_LF_M,PT_LF_SUB,_Z,Y,_T,Y_GE15,_Z,Q,9.066667,0,1,A
2010-Q2,BGR,UNE_LF_M,PT_LF_SUB,_Z,Y,_T,Y_GE15,_Z,Q,11.03333,0,1,A
2010-Q3,BGR,UNE_LF_M,PT_LF_SUB,_Z,Y,_T,Y_GE15,_Z,Q,11.36667,0,1,A
2011-Q2,BGR,UNE_LF_M,PT_LF_SUB,_Z,Y,_T,Y_GE15,_Z,Q,12.16667,0,1,A
2011-Q3,BGR,UNE_LF_M,PT_LF_SUB,_Z,Y,_T,Y_GE15,_Z,Q,12.06667,0,1,A
2011-Q4,BGR,UNE_LF_M,PT_LF_SUB,_Z,Y,_T,Y_GE15,_Z,Q,12.53333,0,1,A
2012-Q2,BGR,UNE_LF_M,PT_LF_SUB,_Z,Y,_T,Y_GE15,_Z,Q,13.23333,0,1,A
2012-Q4,BGR,UNE_LF_M,PT_LF_SUB,_Z,Y,_T,Y_GE15,_Z,Q,13.46667,0,1,A
2013-Q2,BGR,UNE_LF_M,PT_LF_SUB,_Z,Y,_T,Y_GE15,_Z,Q,13.86667,0,1,A
2013-Q3,BGR,UNE_LF_M,PT_LF_SUB,_Z,Y,_T,Y_GE15,_Z,Q,13.66667,0,1,A
2013-Q4,BGR,UNE_LF_M,PT_LF_SUB,_Z,Y,_T,Y_GE15,_Z,Q,14.1,0,1,A
2014-Q1,BGR,UNE_LF_M,PT_LF_SUB,_Z,Y,_T,Y_GE15,_Z,Q,13.33333,0,1,A
2014-Q2,BGR,UNE_LF_M,PT_LF_SUB,_Z,Y,_T,Y_GE15,_Z,Q,12.26667,0,1,A
2014-Q3,BGR,UNE_LF_M,PT_LF_SUB,_Z,Y,_T,Y_GE15,_Z,Q,12.33333,0,1,A
2014-Q4,BGR,UNE_LF_M,PT_LF_SUB,_Z,Y,_T,Y_GE15,_Z,Q,11.7,0,1,A
2015-Q2,BGR,UNE_LF_M,PT_LF_SUB,_Z,Y,_T,Y_GE15,_Z,Q,10.76667,0,1,A
2015-Q3,BGR,UNE_LF_M,PT_LF_SUB,_Z,Y,_T,Y_GE15,_Z,Q,9.766666,0,1,A
2015-Q4,BGR,UNE_LF_M,PT_LF_SUB,_Z,Y,_T,Y_GE15,_Z,Q,9.033334,0,1,A
2016-Q1,BGR,UNE_LF_M,PT_LF_SUB,_Z,Y,_T,Y_GE15,_Z,Q,9.066667,0,1,A
2016-Q2,BGR,UNE_LF_M,PT_LF_SUB,_Z,Y,_T,Y_GE15,_Z,Q,8.9,0,1,A
2016-Q3,BGR,UNE_LF_M,PT_LF_SUB,_Z,Y,_T,Y_GE15,_Z,Q,8.433333,0,1,A
2017-Q1,BGR,UNE_LF_M,PT_LF_SUB,_Z,Y,_T,Y_GE15,_Z,Q,7.4,0,1,A
2017-Q2,BGR,UNE_LF_M,PT_LF_SUB,_Z,Y,_T,Y_GE15,_Z,Q,7.166667,0,1,A
2017-Q3,BGR,UNE_LF_M,PT_LF_SUB,_Z,Y,_T,Y_GE15,_Z,Q,7.233333,0,1,A
2017-Q4,BGR,UNE_LF_M,PT_LF_SUB,_Z,Y,_T,Y_GE15,_Z,Q,6.766667,0,1,A
2018-Q2,BGR,UNE_LF_M,PT_LF_SUB,_Z,Y,_T,Y_GE15,_Z,Q,6.3,0,1,A
2018-Q3,BGR,UNE_LF_M,PT_LF_SUB,_Z,Y,_T,Y_GE15,_Z,Q,6.333333,0,1,A
2018-Q4,BGR,UNE_LF_M,PT_LF_SUB,_Z,Y,_T,Y_GE15,_Z,Q,5.766667,0,1,A
2019-Q2,BGR,UNE_LF_M,PT_LF_SUB,_Z,Y,_T,Y_GE15,_Z,Q,5,0,1,A
2019-Q3,BGR,UNE_LF_M,PT_LF_SUB,_Z,Y,_T,Y_GE15,_Z,Q,5,0,1,A
2019-Q4,BGR,UNE_LF_M,PT_LF_SUB,_Z,Y,_T,Y_GE15,_Z,Q,5.166667,0,1,A
2020-Q1,BGR,UNE_LF_M,PT_LF_SUB,_Z,Y,_T,Y_GE15,_Z,Q,5.1,0,1,A
2020-Q2,BGR,UNE_LF_M,PT_LF_SUB,_Z,Y,_T,Y_GE15,_Z,Q,6.6,0,1,A
2020-Q3,BGR,UNE_LF_M,PT_LF_SUB,_Z,Y,_T,Y_GE15,_Z,Q,6.166667,0,1,A
2020-Q4,BGR,UNE_LF_M,PT_LF_SUB,_Z,Y,_T,Y_GE15,_Z,Q,6.3,0,1,A
2021-Q1,BGR,UNE_LF_M,PT_LF_SUB,_Z,Y,_T,Y_GE15,_Z,Q,5.866667,0,1,A
2021-Q2,BGR,UNE_LF_M,PT_LF_SUB,_Z,Y,_T,Y_GE15,_Z,Q,5.366667,0,1,A
2021-Q3,BGR,UNE_LF_M,PT_LF_SUB,_Z,Y,_T,Y_GE15,_Z,Q,4.9,0,1,A
2021-Q4,BGR,UNE_LF_M,PT_LF_SUB,_Z,Y,_T,Y_GE15,_Z,Q,4.566667,0,1,A
2022-Q1,BGR,UNE_LF_M,PT_LF_SUB,_Z,Y,_T,Y_GE15,_Z,Q,4.4,0,1,A
2022-Q2,BGR,UNE_LF_M,PT_LF_SUB,_Z,Y,_T,Y_GE15,_Z,Q,4.366667,0,1,A
2022-Q3,BGR,UNE_LF_M,PT_LF_SUB,_Z,Y,_T,Y_GE15,_Z,Q,4,0,1,A
2023-Q1,BGR,UNE_LF_M,PT_LF_SUB,_Z,Y,_T,Y_GE15,_Z,Q,4.066667,0,1,A
2023-Q2,BGR,UNE_LF_M,PT_LF_SUB,_Z,Y,_T,Y_GE15,_Z,Q,4.466667,0,1,A
2023-Q3,BGR,UNE_LF_M,PT_LF_SUB,_Z,Y,_T,Y_GE15,_Z,Q,4.433333,0,1,A
2024-Q1,BGR,UNE_LF_M,PT_LF_SUB,_Z,Y,_T,Y_GE15,_Z,Q,4.633333,0,1,A
2024-Q2,BGR,UNE_LF_M,PT_LF_SUB,_Z,Y,_T,Y_GE15,_Z,Q,4.133333,0,1,A
2025-Q1,BGR,UNE_LF_M,PT_LF_SUB,_Z,Y,_T,Y_GE15,_Z,Q,3.5,0,1,A
2025-Q2,BGR,UNE_LF_M,PT_LF_SUB,_Z,Y,_T,Y_GE15,_Z,Q,3.533333,0,1,A
2005-Q1,TUR,UNE_LF_M,PT_LF_SUB,_Z,Y,_T,Y_GE15,_Z,Q,9.233334,0,1,A
2005-Q2,TUR,UNE_LF_M,PT_LF_SUB,_Z,Y,_T,Y_GE15,_Z,Q,9.6,0,1,A
2005-Q3,TUR,UNE_LF_M,PT_LF_SUB,_Z,Y,_T,Y_GE15,_Z,Q,9.5,0,1,A
2005-Q4,TUR,UNE_LF_M,PT_LF_SUB,_Z,Y,_T,Y_GE15,_Z,Q,9.7,0,1,A
2006-Q1,TUR,UNE_LF_M,PT_LF_SUB,_Z,Y,_T,Y_GE15,_Z,Q,9.5,0,1,A
2006-Q2,TUR,UNE_LF_M,PT_LF_SUB,_Z,Y,_T,Y_GE15,_Z,Q,9.033334,0,1,A
2006-Q3,TUR,UNE_LF_M,PT_LF_SUB,_Z,Y,_T,Y_GE15,_Z,Q,8.933333,0,1,A
2007-Q1,TUR,UNE_LF_M,PT_LF_SUB,_Z,Y,_T,Y_GE15,_Z,Q,8.9,0,1,A
2007-Q2,TUR,UNE_LF_M,PT_LF_SUB,_Z,Y,_T,Y_GE15,_Z,Q,9.2,0,1,A
2007-Q3,TUR,UNE_LF_M,PT_LF_SUB,_Z,Y,_T,Y_GE15,_Z,Q,9.2,0,1,A
2007-Q4,TUR,UNE_LF_M,PT_LF_SUB,_Z,Y,_T,Y_GE15,_Z,Q,9.4,0,1,A
2008-Q1,TUR,UNE_LF_M,PT_LF_SUB,_Z,Y,_T,Y_GE15,_Z,Q,9.4,0,1,A
2008-Q2,TUR,UNE_LF_M,PT_LF_SUB,_Z,Y,_T,Y_GE15,_Z,Q,9.333333,0,1,A
2008-Q3,TUR,UNE_LF_M,PT_LF_SUB,_Z,Y,_T,Y_GE15,_Z,Q,9.966666,0,1,A
2008-Q4,TUR,UNE_LF_M,PT_LF_SUB,_Z,Y,_T,Y_GE15,_Z,Q,11.36667,0,1,A
2009-Q1,TUR,UNE_LF_M,PT_LF_SUB,_Z,Y,_T,Y_GE15,_Z,Q,13.1,0,1,A
2009-Q2,TUR,UNE_LF_M,PT_LF_SUB,_Z,Y,_T,Y_GE15,_Z,Q,13.73333,0,1,A
2009-Q3,TUR,UNE_LF_M,PT_LF_SUB,_Z,Y,_T,Y_GE15,_Z,Q,13.06667,0,1,A
2009-Q4,TUR,UNE_LF_M,PT_LF_SUB,_Z,Y,_T,Y_GE15,_Z,Q,12.23333,0,1,A
2010-Q1,TUR,UNE_LF_M,PT_LF_SUB,_Z,Y,_T,Y_GE15,_Z,Q,12.06667,0,1,A
2010-Q2,TUR,UNE_LF_M,PT_LF_SUB,_Z,Y,_T,Y_GE15,_Z,Q,11.2,0,1,A
2010-Q3,TUR,UNE_LF_M,PT_LF_SUB,_Z,Y,_T,Y_GE15,_Z,Q,10.86667,0,1,A
2010-Q4,TUR,UNE_LF_M,PT_LF_SUB,_Z,Y,_T,Y_GE15,_Z,Q,10.33333,0,1,A
2011-Q1,TUR,UNE_LF_M,PT_LF_SUB,_Z,Y,_T,Y_GE15,_Z,Q,9.666667,0,1,A
2011-Q2,TUR,UNE_LF_M,PT_LF_SUB,_Z,Y,_T,Y_GE15,_Z,Q,9.533334,0,1,A
2011-Q3,TUR,UNE_LF_M,PT_LF_SUB,_Z,Y,_T,Y_GE15,_Z,Q,8.8,0,1,A
2011-Q4,TUR,UNE_LF_M,PT_LF_SUB,_Z,Y,_T,Y_GE15,_Z,Q,8.466666,0,1,A
2012-Q1,TUR,UNE_LF_M,PT_LF_SUB,_Z,Y,_T,Y_GE15,_Z,Q,8.533334,0,1,A
2012-Q2,TUR,UNE_LF_M,PT_LF_SUB,_Z,Y,_T,Y_GE15,_Z,Q,8.266666,0,1,A
2012-Q3,TUR,UNE_LF_M,PT_LF_SUB,_Z,Y,_T,Y_GE15,_Z,Q,8.233334,0,1,A
2012-Q4,TUR,UNE_LF_M,PT_LF_SUB,_Z,Y,_T,Y_GE15,_Z,Q,8.6,0,1,A
2013-Q1,TUR,UNE_LF_M,PT_LF_SUB,_Z,Y,_T,Y_GE15,_Z,Q,8.866667,0,1,A
2013-Q2,TUR,UNE_LF_M,PT_LF_SUB,_Z,Y,_T,Y_GE15,_Z,Q,9,0,1,A
2013-Q3,TUR,UNE_LF_M,PT_LF_SUB,_Z,Y,_T,Y_GE15,_Z,Q,9.2,0,1,A
2014-Q1,TUR,UNE_LF_M,PT_LF_SUB,_Z,Y,_T,Y_GE15,_Z,Q,9.4,0,1,A
2014-Q2,TUR,UNE_LF_M,PT_LF_SUB,_Z,Y,_T,Y_GE15,_Z,Q,9.7,0,1,A
2014-Q3,TUR,UNE_LF_M,PT_LF_SUB,_Z,Y,_T,Y_GE15,_Z,Q,10.06667,0,1,A
2014-Q4,TUR,UNE_LF_M,PT_LF_SUB,_Z,Y,_T,Y_GE15,_Z,Q,10.4,0,1,A
2015-Q1,TUR,UNE_LF_M,PT_LF_SUB,_Z,Y,_T,Y_GE15,_Z,Q,10.56667,0,1,A
2015-Q2,TUR,UNE_LF_M,PT_LF_SUB,_Z,Y,_T,Y_GE15,_Z,Q,10.3,0,1,A
2015-Q3,TUR,UNE_LF_M,PT_LF_SUB,_Z,Y,_T,Y_GE15,_Z,Q,10.13333,0,1,A
2015-Q4,TUR,UNE_LF_M,PT_LF_SUB,_Z,Y,_T,Y_GE15,_Z,Q,10.26667,0,1,A
2016-Q1,TUR,UNE_LF_M,PT_LF_SUB,_Z,Y,_T,Y_GE15,_Z,Q,10.16667,0,1,A
2016-Q2,TUR,UNE_LF_M,PT_LF_SUB,_Z,Y,_T,Y_GE15,_Z,Q,10.36667,0,1,A
2016-Q3,TUR,UNE_LF_M,PT_LF_SUB,_Z,Y,_T,Y_GE15,_Z,Q,11.26667,0,1,A
2016-Q4,TUR,UNE_LF_M,PT_LF_SUB,_Z,Y,_T,Y_GE15,_Z,Q,11.73333,0,1,A
2017-Q1,TUR,UNE_LF_M,PT_LF_SUB,_Z,Y,_T,Y_GE15,_Z,Q,11.93333,0,1,A
2017-Q2,TUR,UNE_LF_M,PT_LF_SUB,_Z,Y,_T,Y_GE15,_Z,Q,11.23333,0,1,A
2017-Q3,TUR,UNE_LF_M,PT_LF_SUB,_Z,Y,_T,Y_GE15,_Z,Q,10.46667,0,1,A
2017-Q4,TUR,UNE_LF_M,PT_LF_SUB,_Z,Y,_T,Y_GE15,_Z,Q,10.1,0,1,A
2018-Q1,TUR,UNE_LF_M,PT_LF_SUB,_Z,Y,_T,Y_GE15,_Z,Q,9.933333,0,1,A
2018-Q2,TUR,UNE_LF_M,PT_LF_SUB,_Z,Y,_T,Y_GE15,_Z,Q,10.5,0,1,A
2018-Q3,TUR,UNE_LF_M,PT_LF_SUB,_Z,Y,_T,Y_GE15,_Z,Q,11.16667,0,1,A
2018-Q4,TUR,UNE_LF_M,PT_LF_SUB,_Z,Y,_T,Y_GE15,_Z,Q,12.16667,0,1,A
2019-Q1,TUR,UNE_LF_M,PT_LF_SUB,_Z,Y,_T,Y_GE15,_Z,Q,13.76667,0,1,A
2019-Q2,TUR,UNE_LF_M,PT_LF_SUB,_Z,Y,_T,Y_GE15,_Z,Q,13.73333,0,1,A
2019-Q3,TUR,UNE_LF_M,PT_LF_SUB,_Z,Y,_T,Y_GE15,_Z,Q,14.03333,0,1,A
2019-Q4,TUR,UNE_LF_M,PT_LF_SUB,_Z,Y,_T,Y_GE15,_Z,Q,13.4,0,1,A
2020-Q1,TUR,UNE_LF_M,PT_LF_SUB,_Z,Y,_T,Y_GE15,_Z,Q,12.86667,0,1,A
2020-Q2,TUR,UNE_LF_M,PT_LF_SUB,_Z,Y,_T,Y_GE15,_Z,Q,13.6,0,1,A
2020-Q3,TUR,UNE_LF_M,PT_LF_SUB,_Z,Y,_T,Y_GE15,_Z,Q,13.2,0,1,A
2020-Q4,TUR,UNE_LF_M,PT_LF_SUB,_Z,Y,_T,Y_GE15,_Z,Q,12.9,0,1,A
2021-Q1,TUR,UNE_LF_M,PT_LF_SUB,_Z,Y,_T,Y_GE15,_Z,Q,12.8,0,1,A
2021-Q2,TUR,UNE_LF_M,PT_LF_SUB,_Z,Y,_T,Y_GE15,_Z,Q,12.56667,0,1,A
2021-Q3,TUR,UNE_LF_M,PT_LF_SUB,_Z,Y,_T,Y_GE15,_Z,Q,11.63333,0,1,A
2021-Q4,TUR,UNE_LF_M,PT_LF_SUB,_Z,Y,_T,Y_GE15,_Z,Q,11.06667,0,1,A
2022-Q1,TUR,UNE_LF_M,PT_LF_SUB,_Z,Y,_T,Y_GE15,_Z,Q,11.03333,0,1,A
2022-Q2,TUR,UNE_LF_M,PT_LF_SUB,_Z,Y,_T,Y_GE15,_Z,Q,10.6,0,1,A
2022-Q3,TUR,UNE_LF_M,PT_LF_SUB,_Z,Y,_T,Y_GE15,_Z,Q,10.03333,0,1,A
2022-Q4,TUR,UNE_LF_M,PT_LF_SUB,_Z,Y,_T,Y_GE15,_Z,Q,10.26667,0,1,A
2023-Q1,TUR,UNE_LF_M,PT_LF_SUB,_Z,Y,_T,Y_GE15,_Z,Q,10,0,1,A
2023-Q2,TUR,UNE_LF_M,PT_LF_SUB,_Z,Y,_T,Y_GE15,_Z,Q,9.633333,0,1,A
2023-Q3,TUR,UNE_LF_M,PT_LF_SUB,_Z,Y,_T,Y_GE15,_Z,Q,9.2,0,1,A
2023-Q4,TUR,UNE_LF_M,PT_LF_SUB,_Z,Y,_T,Y_GE15,_Z,Q,8.766666,0,1,A
2024-Q1,TUR,UNE_LF_M,PT_LF_SUB,_Z,Y,_T,Y_GE15,_Z,Q,8.9,0,1,A
2024-Q2,TUR,UNE_LF_M,PT_LF_SUB,_Z,Y,_T,Y_GE15,_Z,Q,8.7,0,1,A
2024-Q3,TUR,UNE_LF_M,PT_LF_SUB,_Z,Y,_T,Y_GE15,_Z,Q,8.666667,0,1,A
2024-Q4,TUR,UNE_LF_M,PT_LF_SUB,_Z,Y,_T,Y_GE15,_Z,Q,8.566667,0,1,A
2025-Q1,TUR,UNE_LF_M,PT_LF_SUB,_Z,Y,_T,Y_GE15,_Z,Q,8.266666,0,1,A
2025-Q2,TUR,UNE_LF_M,PT_LF_SUB,_Z,Y,_T,Y_GE15,_Z,Q,8.533334,0,1,A
2025-Q3,TUR,UNE_LF_M,PT_LF_SUB,_Z,Y,_T,Y_GE15,_Z,Q,8.4,0,1,A
2025-Q4,TUR,UNE_LF_M,PT_LF_SUB,_Z,Y,_T,Y_GE15,_Z,Q,8.266666,0,1,A
1998-Q2,GRC,UNE_LF_M,PT_LF_SUB,_Z,Y,_T,Y_GE15,_Z,Q,10.93333,0,1,A
1998-Q3,GRC,UNE_LF_M,PT_LF_SUB,_Z,Y,_T,Y_GE15,_Z,Q,11.1,0,1,A
1998-Q4,GRC,UNE_LF_M,PT_LF_SUB,_Z,Y,_T,Y_GE15,_Z,Q,11.3,0,1,A
1999-Q1,GRC,UNE_LF_M,PT_LF_SUB,_Z,Y,_T,Y_GE15,_Z,Q,11.4,0,1,A
1999-Q2,GRC,UNE_LF_M,PT_LF_SUB,_Z,Y,_T,Y_GE15,_Z,Q,12.03333,0,1,A
1999-Q3,GRC,UNE_LF_M,PT_LF_SUB,_Z,Y,_T,Y_GE15,_Z,Q,12.03333,0,1,A
1999-Q4,GRC,UNE_LF_M,PT_LF_SUB,_Z,Y,_T,Y_GE15,_Z,Q,12.33333,0,1,A
2000-Q1,GRC,UNE_LF_M,PT_LF_SUB,_Z,Y,_T,Y_GE15,_Z,Q,11.56667,0,1,A
2000-Q2,GRC,UNE_LF_M,PT_LF_SUB,_Z,Y,_T,Y_GE15,_Z,Q,11.46667,0,1,A
2000-Q3,GRC,UNE_LF_M,PT_LF_SUB,_Z,Y,_T,Y_GE15,_Z,Q,11.23333,0,1,A
2000-Q4,GRC,UNE_LF_M,PT_LF_SUB,_Z,Y,_T,Y_GE15,_Z,Q,10.63333,0,1,A
2001-Q1,GRC,UNE_LF_M,PT_LF_SUB,_Z,Y,_T,Y_GE15,_Z,Q,10.5,0,1,A
2001-Q2,GRC,UNE_LF_M,PT_LF_SUB,_Z,Y,_T,Y_GE15,_Z,Q,10.7,0,1,A
2001-Q3,GRC,UNE_LF_M,PT_LF_SUB,_Z,Y,_T,Y_GE15,_Z,Q,10.63333,0,1,A
2001-Q4,GRC,UNE_LF_M,PT_LF_SUB,_Z,Y,_T,Y_GE15,_Z,Q,10.86667,0,1,A
2002-Q1,GRC,UNE_LF_M,PT_LF_SUB,_Z,Y,_T,Y_GE15,_Z,Q,10.7,0,1,A
2002-Q2,GRC,UNE_LF_M,PT_LF_SUB,_Z,Y,_T,Y_GE15,_Z,Q,10.3,0,1,A
2002-Q3,GRC,UNE_LF_M,PT_LF_SUB,_Z,Y,_T,Y_GE15,_Z,Q,10.23333,0,1,A
2002-Q4,GRC,UNE_LF_M,PT_LF_SUB,_Z,Y,_T,Y_GE15,_Z,Q,10,0,1,A
2003-Q1,GRC,UNE_LF_M,PT_LF_SUB,_Z,Y,_T,Y_GE15,_Z,Q,9.733334,0,1,A
2003-Q2,GRC,UNE_LF_M,PT_LF_SUB,_Z,Y,_T,Y_GE15,_Z,Q,9.7,0,1,A
2003-Q3,GRC,UNE_LF_M,PT_LF_SUB,_Z,Y,_T,Y_GE15,_Z,Q,9.7,0,1,A
2003-Q4,GRC,UNE_LF_M,PT_LF_SUB,_Z,Y,_T,Y_GE15,_Z,Q,9.9,0,1,A
2004-Q1,GRC,UNE_LF_M,PT_LF_SUB,_Z,Y,_T,Y_GE15,_Z,Q,10.8,0,1,A
2004-Q2,GRC,UNE_LF_M,PT_LF_SUB,_Z,Y,_T,Y_GE15,_Z,Q,10.63333,0,1,A
2004-Q3,GRC,UNE_LF_M,PT_LF_SUB,_Z,Y,_T,Y_GE15,_Z,Q,10.63333,0,1,A
2004-Q4,GRC,UNE_LF_M,PT_LF_SUB,_Z,Y,_T,Y_GE15,_Z,Q,10.33333,0,1,A
2005-Q1,GRC,UNE_LF_M,PT_LF_SUB,_Z,Y,_T,Y_GE15,_Z,Q,9.933333,0,1,A
2005-Q2,GRC,UNE_LF_M,PT_LF_SUB,_Z,Y,_T,Y_GE15,_Z,Q,10.06667,0,1,A
2005-Q4,GRC,UNE_LF_M,PT_LF_SUB,_Z,Y,_T,Y_GE15,_Z,Q,9.766666,0,1,A
2006-Q1,GRC,UNE_LF_M,PT_LF_SUB,_Z,Y,_T,Y_GE15,_Z,Q,9.233334,0,1,A
2006-Q4,GRC,UNE_LF_M,PT_LF_SUB,_Z,Y,_T,Y_GE15,_Z,Q,8.766666,0,1,A
2007-Q1,GRC,UNE_LF_M,PT_LF_SUB,_Z,Y,_T,Y_GE15,_Z,Q,8.633333,0,1,A
2007-Q2,GRC,UNE_LF_M,PT_LF_SUB,_Z,Y,_T,Y_GE15,_Z,Q,8.5,0,1,A
2007-Q3,GRC,UNE_LF_M,PT_LF_SUB,_Z,Y,_T,Y_GE15,_Z,Q,8.466666,0,1,A
2008-Q1,GRC,UNE_LF_M,PT_LF_SUB,_Z,Y,_T,Y_GE15,_Z,Q,7.766667,0,1,A
2008-Q2,GRC,UNE_LF_M,PT_LF_SUB,_Z,Y,_T,Y_GE15,_Z,Q,7.633333,0,1,A
2008-Q3,GRC,UNE_LF_M,PT_LF_SUB,_Z,Y,_T,Y_GE15,_Z,Q,7.8,0,1,A
2009-Q2,GRC,UNE_LF_M,PT_LF_SUB,_Z,Y,_T,Y_GE15,_Z,Q,9.433333,0,1,A
2009-Q3,GRC,UNE_LF_M,PT_LF_SUB,_Z,Y,_T,Y_GE15,_Z,Q,10,0,1,A
2009-Q4,GRC,UNE_LF_M,PT_LF_SUB,_Z,Y,_T,Y_GE15,_Z,Q,10.5,0,1,A
2010-Q1,GRC,UNE_LF_M,PT_LF_SUB,_Z,Y,_T,Y_GE15,_Z,Q,11.46667,0,1,A
2011-Q2,GRC,UNE_LF_M,PT_LF_SUB,_Z,Y,_T,Y_GE15,_Z,Q,16.96667,0,1,A
2011-Q4,GRC,UNE_LF_M,PT_LF_SUB,_Z,Y,_T,Y_GE15,_Z,Q,20.9,0,1,A
2012-Q1,GRC,UNE_LF_M,PT_LF_SUB,_Z,Y,_T,Y_GE15,_Z,Q,22.3,0,1,A
2012-Q2,GRC,UNE_LF_M,PT_LF_SUB,_Z,Y,_T,Y_GE15,_Z,Q,24.33333,0,1,A
2012-Q3,GRC,UNE_LF_M,PT_LF_SUB,_Z,Y,_T,Y_GE15,_Z,Q,25.96667,0,1,A
2013-Q1,GRC,UNE_LF_M,PT_LF_SUB,_Z,Y,_T,Y_GE15,_Z,Q,27.4,0,1,A
2013-Q4,GRC,UNE_LF_M,PT_LF_SUB,_Z,Y,_T,Y_GE15,_Z,Q,27.76667,0,1,A
2014-Q3,GRC,UNE_LF_M,PT_LF_SUB,_Z,Y,_T,Y_GE15,_Z,Q,26.33333,0,1,A
2014-Q4,GRC,UNE_LF_M,PT_LF_SUB,_Z,Y,_T,Y_GE15,_Z,Q,25.9,0,1,A
2015-Q1,GRC,UNE_LF_M,PT_LF_SUB,_Z,Y,_T,Y_GE15,_Z,Q,25.86667,0,1,A
2015-Q2,GRC,UNE_LF_M,PT_LF_SUB,_Z,Y,_T,Y_GE15,_Z,Q,25.03333,0,1,A
2015-Q4,GRC,UNE_LF_M,PT_LF_SUB,_Z,Y,_T,Y_GE15,_Z,Q,24.36667,0,1,A
2016-Q2,GRC,UNE_LF_M,PT_LF_SUB,_Z,Y,_T,Y_GE15,_Z,Q,23.8,0,1,A
2016-Q3,GRC,UNE_LF_M,PT_LF_SUB,_Z,Y,_T,Y_GE15,_Z,Q,23.73333,0,1,A
2016-Q4,GRC,UNE_LF_M,PT_LF_SUB,_Z,Y,_T,Y_GE15,_Z,Q,23.7,0,1,A
2017-Q2,GRC,UNE_LF_M,PT_LF_SUB,_Z,Y,_T,Y_GE15,_Z,Q,21.9,0,1,A
2017-Q3,GRC,UNE_LF_M,PT_LF_SUB,_Z,Y,_T,Y_GE15,_Z,Q,21.13333,0,1,A
2017-Q4,GRC,UNE_LF_M,PT_LF_SUB,_Z,Y,_T,Y_GE15,_Z,Q,21.26667,0,1,A
2018-Q1,GRC,UNE_LF_M,PT_LF_SUB,_Z,Y,_T,Y_GE15,_Z,Q,20.86667,0,1,A
2018-Q2,GRC,UNE_LF_M,PT_LF_SUB,_Z,Y,_T,Y_GE15,_Z,Q,19.76667,0,1,A
2018-Q3,GRC,UNE_LF_M,PT_LF_SUB,_Z,Y,_T,Y_GE15,_Z,Q,19.33333,0,1,A
2018-Q4,GRC,UNE_LF_M,PT_LF_SUB,_Z,Y,_T,Y_GE15,_Z,Q,19.06667,0,1,A
2019-Q1,GRC,UNE_LF_M,PT_LF_SUB,_Z,Y,_T,Y_GE15,_Z,Q,19.06667,0,1,A
2019-Q2,GRC,UNE_LF_M,PT_LF_SUB,_Z,Y,_T,Y_GE15,_Z,Q,17.8,0,1,A
2019-Q4,GRC,UNE_LF_M,PT_LF_SUB,_Z,Y,_T,Y_GE15,_Z,Q,17.06667,0,1,A
2020-Q1,GRC,UNE_LF_M,PT_LF_SUB,_Z,Y,_T,Y_GE15,_Z,Q,16.46667,0,1,A
2020-Q2,GRC,UNE_LF_M,PT_LF_SUB,_Z,Y,_T,Y_GE15,_Z,Q,19.46667,0,1,A
2021-Q1,GRC,UNE_LF_M,PT_LF_SUB,_Z,Y,_T,Y_GE15,_Z,Q,16.2,0,1,A
2021-Q2,GRC,UNE_LF_M,PT_LF_SUB,_Z,Y,_T,Y_GE15,_Z,Q,16.06667,0,1,A
2021-Q3,GRC,UNE_LF_M,PT_LF_SUB,_Z,Y,_T,Y_GE15,_Z,Q,13.83333,0,1,A
2022-Q2,GRC,UNE_LF_M,PT_LF_SUB,_Z,Y,_T,Y_GE15,_Z,Q,12.63333,0,1,A
2022-Q3,GRC,UNE_LF_M,PT_LF_SUB,_Z,Y,_T,Y_GE15,_Z,Q,12.4,0,1,A
2024-Q1,GRC,UNE_LF_M,PT_LF_SUB,_Z,Y,_T,Y_GE15,_Z,Q,11.36667,0,1,A
2024-Q2,GRC,UNE_LF_M,PT_LF_SUB,_Z,Y,_T,Y_GE15,_Z,Q,10.06667,0,1,A
2024-Q3,GRC,UNE_LF_M,PT_LF_SUB,_Z,Y,_T,Y_GE15,_Z,Q,9.6,0,1,A
2025-Q1,GRC,UNE_LF_M,PT_LF_SUB,_Z,Y,_T,Y_GE15,_Z,Q,9.533334,0,1,A
2025-Q2,GRC,UNE_LF_M,PT_LF_SUB,_Z,Y,_T,Y_GE15,_Z,Q,8.9,0,1,A
2007-Q1,COL,UNE_LF_M,PT_LF_SUB,_Z,Y,_T,Y_GE15,_Z,Q,11.77066,0,1,A
2007-Q2,COL,UNE_LF_M,PT_LF_SUB,_Z,Y,_T,Y_GE15,_Z,Q,11.28263,0,1,A
2007-Q3,COL,UNE_LF_M,PT_LF_SUB,_Z,Y,_T,Y_GE15,_Z,Q,11.11759,0,1,A
2007-Q4,COL,UNE_LF_M,PT_LF_SUB,_Z,Y,_T,Y_GE15,_Z,Q,10.96386,0,1,A
2008-Q1,COL,UNE_LF_M,PT_LF_SUB,_Z,Y,_T,Y_GE15,_Z,Q,11.050840000000001,0,1,A
2008-Q2,COL,UNE_LF_M,PT_LF_SUB,_Z,Y,_T,Y_GE15,_Z,Q,11.12221,0,1,A
2008-Q3,COL,UNE_LF_M,PT_LF_SUB,_Z,Y,_T,Y_GE15,_Z,Q,11.62615,0,1,A
2008-Q4,COL,UNE_LF_M,PT_LF_SUB,_Z,Y,_T,Y_GE15,_Z,Q,11.75152,0,1,A
2009-Q1,COL,UNE_LF_M,PT_LF_SUB,_Z,Y,_T,Y_GE15,_Z,Q,11.81331,0,1,A
2009-Q2,COL,UNE_LF_M,PT_LF_SUB,_Z,Y,_T,Y_GE15,_Z,Q,11.80932,0,1,A
2009-Q3,COL,UNE_LF_M,PT_LF_SUB,_Z,Y,_T,Y_GE15,_Z,Q,12.47797,0,1,A
2009-Q4,COL,UNE_LF_M,PT_LF_SUB,_Z,Y,_T,Y_GE15,_Z,Q,12.67722,0,1,A
2010-Q1,COL,UNE_LF_M,PT_LF_SUB,_Z,Y,_T,Y_GE15,_Z,Q,11.84551,0,1,A
2010-Q2,COL,UNE_LF_M,PT_LF_SUB,_Z,Y,_T,Y_GE15,_Z,Q,12.20286,0,1,A
2010-Q3,COL,UNE_LF_M,PT_LF_SUB,_Z,Y,_T,Y_GE15,_Z,Q,11.77703,0,1,A
2010-Q4,COL,UNE_LF_M,PT_LF_SUB,_Z,Y,_T,Y_GE15,_Z,Q,11.99874,0,1,A
2011-Q1,COL,UNE_LF_M,PT_LF_SUB,_Z,Y,_T,Y_GE15,_Z,Q,11.33696,0,1,A
2011-Q2,COL,UNE_LF_M,PT_LF_SUB,_Z,Y,_T,Y_GE15,_Z,Q,11.22331,0,1,A
2011-Q3,COL,UNE_LF_M,PT_LF_SUB,_Z,Y,_T,Y_GE15,_Z,Q,10.72728,0,1,A
2011-Q4,COL,UNE_LF_M,PT_LF_SUB,_Z,Y,_T,Y_GE15,_Z,Q,10.62011,0,1,A
2012-Q1,COL,UNE_LF_M,PT_LF_SUB,_Z,Y,_T,Y_GE15,_Z,Q,10.48847,0,1,A
2012-Q2,COL,UNE_LF_M,PT_LF_SUB,_Z,Y,_T,Y_GE15,_Z,Q,10.64447,0,1,A
2012-Q3,COL,UNE_LF_M,PT_LF_SUB,_Z,Y,_T,Y_GE15,_Z,Q,10.41652,0,1,A
2012-Q4,COL,UNE_LF_M,PT_LF_SUB,_Z,Y,_T,Y_GE15,_Z,Q,10.45255,0,1,A
2013-Q1,COL,UNE_LF_M,PT_LF_SUB,_Z,Y,_T,Y_GE15,_Z,Q,10.2444,0,1,A
2013-Q2,COL,UNE_LF_M,PT_LF_SUB,_Z,Y,_T,Y_GE15,_Z,Q,9.774415,0,1,A
2013-Q3,COL,UNE_LF_M,PT_LF_SUB,_Z,Y,_T,Y_GE15,_Z,Q,9.634247,0,1,A
2013-Q4,COL,UNE_LF_M,PT_LF_SUB,_Z,Y,_T,Y_GE15,_Z,Q,9.286333,0,1,A
2014-Q1,COL,UNE_LF_M,PT_LF_SUB,_Z,Y,_T,Y_GE15,_Z,Q,9.512119,0,1,A
2014-Q2,COL,UNE_LF_M,PT_LF_SUB,_Z,Y,_T,Y_GE15,_Z,Q,9.065138,0,1,A
2014-Q3,COL,UNE_LF_M,PT_LF_SUB,_Z,Y,_T,Y_GE15,_Z,Q,9.047546,0,1,A
2014-Q4,COL,UNE_LF_M,PT_LF_SUB,_Z,Y,_T,Y_GE15,_Z,Q,9.15458,0,1,A
2015-Q1,COL,UNE_LF_M,PT_LF_SUB,_Z,Y,_T,Y_GE15,_Z,Q,8.847721,0,1,A
2015-Q2,COL,UNE_LF_M,PT_LF_SUB,_Z,Y,_T,Y_GE15,_Z,Q,8.885289,0,1,A
2015-Q3,COL,UNE_LF_M,PT_LF_SUB,_Z,Y,_T,Y_GE15,_Z,Q,9.056919,0,1,A
2015-Q4,COL,UNE_LF_M,PT_LF_SUB,_Z,Y,_T,Y_GE15,_Z,Q,8.97434,0,1,A
2016-Q1,COL,UNE_LF_M,PT_LF_SUB,_Z,Y,_T,Y_GE15,_Z,Q,9.555507,0,1,A
2016-Q2,COL,UNE_LF_M,PT_LF_SUB,_Z,Y,_T,Y_GE15,_Z,Q,8.92588,0,1,A
2016-Q3,COL,UNE_LF_M,PT_LF_SUB,_Z,Y,_T,Y_GE15,_Z,Q,9.225188,0,1,A
2016-Q4,COL,UNE_LF_M,PT_LF_SUB,_Z,Y,_T,Y_GE15,_Z,Q,9.168704,0,1,A
2017-Q1,COL,UNE_LF_M,PT_LF_SUB,_Z,Y,_T,Y_GE15,_Z,Q,9.419534,0,1,A
2017-Q2,COL,UNE_LF_M,PT_LF_SUB,_Z,Y,_T,Y_GE15,_Z,Q,8.884084,0,1,A
2017-Q3,COL,UNE_LF_M,PT_LF_SUB,_Z,Y,_T,Y_GE15,_Z,Q,9.401033,0,1,A
2017-Q4,COL,UNE_LF_M,PT_LF_SUB,_Z,Y,_T,Y_GE15,_Z,Q,9.450676,0,1,A
2018-Q1,COL,UNE_LF_M,PT_LF_SUB,_Z,Y,_T,Y_GE15,_Z,Q,9.485732,0,1,A
2018-Q2,COL,UNE_LF_M,PT_LF_SUB,_Z,Y,_T,Y_GE15,_Z,Q,9.103607,0,1,A
2018-Q3,COL,UNE_LF_M,PT_LF_SUB,_Z,Y,_T,Y_GE15,_Z,Q,9.392747,0,1,A
2018-Q4,COL,UNE_LF_M,PT_LF_SUB,_Z,Y,_T,Y_GE15,_Z,Q,10.11258,0,1,A
2019-Q1,COL,UNE_LF_M,PT_LF_SUB,_Z,Y,_T,Y_GE15,_Z,Q,10.47783,0,1,A
2019-Q2,COL,UNE_LF_M,PT_LF_SUB,_Z,Y,_T,Y_GE15,_Z,Q,9.690977,0,1,A
2019-Q3,COL,UNE_LF_M,PT_LF_SUB,_Z,Y,_T,Y_GE15,_Z,Q,10.70867,0,1,A
2019-Q4,COL,UNE_LF_M,PT_LF_SUB,_Z,Y,_T,Y_GE15,_Z,Q,10.58604,0,1,A
2020-Q1,COL,UNE_LF_M,PT_LF_SUB,_Z,Y,_T,Y_GE15,_Z,Q,11.37766,0,1,A
2020-Q2,COL,UNE_LF_M,PT_LF_SUB,_Z,Y,_T,Y_GE15,_Z,Q,19.2102,0,1,A
2020-Q3,COL,UNE_LF_M,PT_LF_SUB,_Z,Y,_T,Y_GE15,_Z,Q,17.4387,0,1,A
2020-Q4,COL,UNE_LF_M,PT_LF_SUB,_Z,Y,_T,Y_GE15,_Z,Q,15.23949,0,1,A
2021-Q1,COL,UNE_LF_M,PT_LF_SUB,_Z,Y,_T,Y_GE15,_Z,Q,14.27153,0,1,A
2021-Q2,COL,UNE_LF_M,PT_LF_SUB,_Z,Y,_T,Y_GE15,_Z,Q,15.22697,0,1,A
2021-Q3,COL,UNE_LF_M,PT_LF_SUB,_Z,Y,_T,Y_GE15,_Z,Q,12.91853,0,1,A
2021-Q4,COL,UNE_LF_M,PT_LF_SUB,_Z,Y,_T,Y_GE15,_Z,Q,12.78798,0,1,A
2022-Q1,COL,UNE_LF_M,PT_LF_SUB,_Z,Y,_T,Y_GE15,_Z,Q,11.82973,0,1,A
2022-Q2,COL,UNE_LF_M,PT_LF_SUB,_Z,Y,_T,Y_GE15,_Z,Q,11.11862,0,1,A
2022-Q3,COL,UNE_LF_M,PT_LF_SUB,_Z,Y,_T,Y_GE15,_Z,Q,11.04898,0,1,A
2022-Q4,COL,UNE_LF_M,PT_LF_SUB,_Z,Y,_T,Y_GE15,_Z,Q,10.84593,0,1,A
2023-Q1,COL,UNE_LF_M,PT_LF_SUB,_Z,Y,_T,Y_GE15,_Z,Q,10.37811,0,1,A
2023-Q2,COL,UNE_LF_M,PT_LF_SUB,_Z,Y,_T,Y_GE15,_Z,Q,10.24714,0,1,A
2023-Q3,COL,UNE_LF_M,PT_LF_SUB,_Z,Y,_T,Y_GE15,_Z,Q,9.618627,0,1,A
2023-Q4,COL,UNE_LF_M,PT_LF_SUB,_Z,Y,_T,Y_GE15,_Z,Q,10.39396,0,1,A
2024-Q1,COL,UNE_LF_M,PT_LF_SUB,_Z,Y,_T,Y_GE15,_Z,Q,10.59515,0,1,A
2024-Q2,COL,UNE_LF_M,PT_LF_SUB,_Z,Y,_T,Y_GE15,_Z,Q,10.47499,0,1,A
2024-Q3,COL,UNE_LF_M,PT_LF_SUB,_Z,Y,_T,Y_GE15,_Z,Q,9.838423,0,1,A
2024-Q4,COL,UNE_LF_M,PT_LF_SUB,_Z,Y,_T,Y_GE15,_Z,Q,9.728765,0,1,A
2025-Q1,COL,UNE_LF_M,PT_LF_SUB,_Z,Y,_T,Y_GE15,_Z,Q,9.370761,0,1,A
2025-Q2,COL,UNE_LF_M,PT_LF_SUB,_Z,Y,_T,Y_GE15,_Z,Q,8.862752,0,1,A
2025-Q3,COL,UNE_LF_M,PT_LF_SUB,_Z,Y,_T,Y_GE15,_Z,Q,8.78502,0,1,A
2025-Q4,COL,UNE_LF_M,PT_LF_SUB,_Z,Y,_T,Y_GE15,_Z,Q,8.557576,0,1,A
1999-Q2,CHE,UNE_LF_M,PT_LF_SUB,_Z,Y,_T,Y_GE15,_Z,Q,3.0992,0,1,A
2000-Q2,CHE,UNE_LF_M,PT_LF_SUB,_Z,Y,_T,Y_GE15,_Z,Q,2.664994,0,1,A
2001-Q2,CHE,UNE_LF_M,PT_LF_SUB,_Z,Y,_T,Y_GE15,_Z,Q,2.491579,0,1,A
2002-Q2,CHE,UNE_LF_M,PT_LF_SUB,_Z,Y,_T,Y_GE15,_Z,Q,2.923533,0,1,A
2003-Q2,CHE,UNE_LF_M,PT_LF_SUB,_Z,Y,_T,Y_GE15,_Z,Q,4.115754,0,1,A
2004-Q2,CHE,UNE_LF_M,PT_LF_SUB,_Z,Y,_T,Y_GE15,_Z,Q,4.316408,0,1,A
2005-Q2,CHE,UNE_LF_M,PT_LF_SUB,_Z,Y,_T,Y_GE15,_Z,Q,4.436376,0,1,A
2006-Q2,CHE,UNE_LF_M,PT_LF_SUB,_Z,Y,_T,Y_GE15,_Z,Q,4.000095,0,1,A
2007-Q2,CHE,UNE_LF_M,PT_LF_SUB,_Z,Y,_T,Y_GE15,_Z,Q,3.651324,0,1,A
2008-Q2,CHE,UNE_LF_M,PT_LF_SUB,_Z,Y,_T,Y_GE15,_Z,Q,3.350627,0,1,A
2010-Q1,CHE,UNE_LF_M,PT_LF_SUB,_Z,Y,_T,Y_GE15,_Z,Q,5.314767,0,1,A
2010-Q2,CHE,UNE_LF_M,PT_LF_SUB,_Z,Y,_T,Y_GE15,_Z,Q,4.7541079999999996,0,1,A
2010-Q3,CHE,UNE_LF_M,PT_LF_SUB,_Z,Y,_T,Y_GE15,_Z,Q,4.79707,0,1,A
2010-Q4,CHE,UNE_LF_M,PT_LF_SUB,_Z,Y,_T,Y_GE15,_Z,Q,4.34559,0,1,A
2011-Q1,CHE,UNE_LF_M,PT_LF_SUB,_Z,Y,_T,Y_GE15,_Z,Q,4.614664,0,1,A
2011-Q2,CHE,UNE_LF_M,PT_LF_SUB,_Z,Y,_T,Y_GE15,_Z,Q,4.015046,0,1,A
2011-Q3,CHE,UNE_LF_M,PT_LF_SUB,_Z,Y,_T,Y_GE15,_Z,Q,4.489676,0,1,A
2011-Q4,CHE,UNE_LF_M,PT_LF_SUB,_Z,Y,_T,Y_GE15,_Z,Q,4.491641,0,1,A
2012-Q1,CHE,UNE_LF_M,PT_LF_SUB,_Z,Y,_T,Y_GE15,_Z,Q,4.469206,0,1,A
2012-Q2,CHE,UNE_LF_M,PT_LF_SUB,_Z,Y,_T,Y_GE15,_Z,Q,4.169961,0,1,A
2012-Q3,CHE,UNE_LF_M,PT_LF_SUB,_Z,Y,_T,Y_GE15,_Z,Q,4.537647,0,1,A
2012-Q4,CHE,UNE_LF_M,PT_LF_SUB,_Z,Y,_T,Y_GE15,_Z,Q,4.762112,0,1,A
2013-Q1,CHE,UNE_LF_M,PT_LF_SUB,_Z,Y,_T,Y_GE15,_Z,Q,5.056988,0,1,A
2013-Q2,CHE,UNE_LF_M,PT_LF_SUB,_Z,Y,_T,Y_GE15,_Z,Q,4.640141,0,1,A
2013-Q3,CHE,UNE_LF_M,PT_LF_SUB,_Z,Y,_T,Y_GE15,_Z,Q,4.771903,0,1,A
2013-Q4,CHE,UNE_LF_M,PT_LF_SUB,_Z,Y,_T,Y_GE15,_Z,Q,4.522048,0,1,A
2014-Q1,CHE,UNE_LF_M,PT_LF_SUB,_Z,Y,_T,Y_GE15,_Z,Q,5.2384829999999996,0,1,A
2014-Q2,CHE,UNE_LF_M,PT_LF_SUB,_Z,Y,_T,Y_GE15,_Z,Q,4.775227,0,1,A
2014-Q3,CHE,UNE_LF_M,PT_LF_SUB,_Z,Y,_T,Y_GE15,_Z,Q,4.927232,0,1,A
2014-Q4,CHE,UNE_LF_M,PT_LF_SUB,_Z,Y,_T,Y_GE15,_Z,Q,4.37364,0,1,A
2015-Q1,CHE,UNE_LF_M,PT_LF_SUB,_Z,Y,_T,Y_GE15,_Z,Q,4.656839,0,1,A
2015-Q2,CHE,UNE_LF_M,PT_LF_SUB,_Z,Y,_T,Y_GE15,_Z,Q,4.547591,0,1,A
2015-Q3,CHE,UNE_LF_M,PT_LF_SUB,_Z,Y,_T,Y_GE15,_Z,Q,5.02948,0,1,A
2015-Q4,CHE,UNE_LF_M,PT_LF_SUB,_Z,Y,_T,Y_GE15,_Z,Q,4.969903,0,1,A
2016-Q1,CHE,UNE_LF_M,PT_LF_SUB,_Z,Y,_T,Y_GE15,_Z,Q,5.257914,0,1,A
2016-Q2,CHE,UNE_LF_M,PT_LF_SUB,_Z,Y,_T,Y_GE15,_Z,Q,4.740855,0,1,A
2016-Q3,CHE,UNE_LF_M,PT_LF_SUB,_Z,Y,_T,Y_GE15,_Z,Q,4.985193,0,1,A
2016-Q4,CHE,UNE_LF_M,PT_LF_SUB,_Z,Y,_T,Y_GE15,_Z,Q,4.688581,0,1,A
2017-Q1,CHE,UNE_LF_M,PT_LF_SUB,_Z,Y,_T,Y_GE15,_Z,Q,5.189533,0,1,A
2017-Q2,CHE,UNE_LF_M,PT_LF_SUB,_Z,Y,_T,Y_GE15,_Z,Q,4.511097,0,1,A
2017-Q3,CHE,UNE_LF_M,PT_LF_SUB,_Z,Y,_T,Y_GE15,_Z,Q,4.858846,0,1,A
2017-Q4,CHE,UNE_LF_M,PT_LF_SUB,_Z,Y,_T,Y_GE15,_Z,Q,4.628837,0,1,A
2018-Q1,CHE,UNE_LF_M,PT_LF_SUB,_Z,Y,_T,Y_GE15,_Z,Q,5.134828,0,1,A
2018-Q2,CHE,UNE_LF_M,PT_LF_SUB,_Z,Y,_T,Y_GE15,_Z,Q,4.734444,0,1,A
2018-Q3,CHE,UNE_LF_M,PT_LF_SUB,_Z,Y,_T,Y_GE15,_Z,Q,4.300673,0,1,A
2018-Q4,CHE,UNE_LF_M,PT_LF_SUB,_Z,Y,_T,Y_GE15,_Z,Q,4.683209,0,1,A
2019-Q1,CHE,UNE_LF_M,PT_LF_SUB,_Z,Y,_T,Y_GE15,_Z,Q,4.854056,0,1,A
2019-Q2,CHE,UNE_LF_M,PT_LF_SUB,_Z,Y,_T,Y_GE15,_Z,Q,4.277974,0,1,A
2019-Q3,CHE,UNE_LF_M,PT_LF_SUB,_Z,Y,_T,Y_GE15,_Z,Q,4.460153,0,1,A
2019-Q4,CHE,UNE_LF_M,PT_LF_SUB,_Z,Y,_T,Y_GE15,_Z,Q,3.983127,0,1,A
2020-Q1,CHE,UNE_LF_M,PT_LF_SUB,_Z,Y,_T,Y_GE15,_Z,Q,4.426539,0,1,A
2020-Q2,CHE,UNE_LF_M,PT_LF_SUB,_Z,Y,_T,Y_GE15,_Z,Q,4.684553,0,1,A
2020-Q3,CHE,UNE_LF_M,PT_LF_SUB,_Z,Y,_T,Y_GE15,_Z,Q,5.118962,0,1,A
2020-Q4,CHE,UNE_LF_M,PT_LF_SUB,_Z,Y,_T,Y_GE15,_Z,Q,5.035216,0,1,A
2021-Q1,CHE,UNE_LF_M,PT_LF_SUB,_Z,Y,_T,Y_GE15,_Z,Q,5.708346,0,1,A
2021-Q2,CHE,UNE_LF_M,PT_LF_SUB,_Z,Y,_T,Y_GE15,_Z,Q,5.123784,0,1,A
2021-Q3,CHE,UNE_LF_M,PT_LF_SUB,_Z,Y,_T,Y_GE15,_Z,Q,4.889161,0,1,A
2021-Q4,CHE,UNE_LF_M,PT_LF_SUB,_Z,Y,_T,Y_GE15,_Z,Q,4.334632,0,1,A
2022-Q1,CHE,UNE_LF_M,PT_LF_SUB,_Z,Y,_T,Y_GE15,_Z,Q,4.430382,0,1,A
2022-Q2,CHE,UNE_LF_M,PT_LF_SUB,_Z,Y,_T,Y_GE15,_Z,Q,4.071302,0,1,A
2022-Q3,CHE,UNE_LF_M,PT_LF_SUB,_Z,Y,_T,Y_GE15,_Z,Q,3.929382,0,1,A
2022-Q4,CHE,UNE_LF_M,PT_LF_SUB,_Z,Y,_T,Y_GE15,_Z,Q,4.056596,0,1,A
2023-Q1,CHE,UNE_LF_M,PT_LF_SUB,_Z,Y,_T,Y_GE15,_Z,Q,4.108716,0,1,A
2023-Q2,CHE,UNE_LF_M,PT_LF_SUB,_Z,Y,_T,Y_GE15,_Z,Q,3.827185,0,1,A
2023-Q3,CHE,UNE_LF_M,PT_LF_SUB,_Z,Y,_T,Y_GE15,_Z,Q,4.158934,0,1,A
2023-Q4,CHE,UNE_LF_M,PT_LF_SUB,_Z,Y,_T,Y_GE15,_Z,Q,4.077606,0,1,A
2024-Q1,CHE,UNE_LF_M,PT_LF_SUB,_Z,Y,_T,Y_GE15,_Z,Q,4.20408,0,1,A
2024-Q2,CHE,UNE_LF_M,PT_LF_SUB,_Z,Y,_T,Y_GE15,_Z,Q,4.09646,0,1,A
2024-Q3,CHE,UNE_LF_M,PT_LF_SUB,_Z,Y,_T,Y_GE15,_Z,Q,4.612875,0,1,A
2024-Q4,CHE,UNE_LF_M,PT_LF_SUB,_Z,Y,_T,Y_GE15,_Z,Q,4.450586,0,1,A
2025-Q1,CHE,UNE_LF_M,PT_LF_SUB,_Z,Y,_T,Y_GE15,_Z,Q,4.631824,0,1,A
2025-Q2,CHE,UNE_LF_M,PT_LF_SUB,_Z,Y,_T,Y_GE15,_Z,Q,4.733154,0,1,A
2025-Q3,CHE,UNE_LF_M,PT_LF_SUB,_Z,Y,_T,Y_GE15,_Z,Q,4.957693,0,1,A
2022-Q3,CRI,UNE_LF_M,PT_LF_SUB,_Z,Y,_T,Y_GE15,_Z,Q,12.00726,0,1,A
1997-Q1,EST,UNE_LF_M,PT_LF_SUB,_Z,Y,_T,Y_GE15,_Z,Q,10.2,0,1,A
1997-Q2,EST,UNE_LF_M,PT_LF_SUB,_Z,Y,_T,Y_GE15,_Z,Q,9.7,0,1,A
1997-Q3,EST,UNE_LF_M,PT_LF_SUB,_Z,Y,_T,Y_GE15,_Z,Q,9.5,0,1,A
1997-Q4,EST,UNE_LF_M,PT_LF_SUB,_Z,Y,_T,Y_GE15,_Z,Q,9.2,0,1,A
1998-Q1,EST,UNE_LF_M,PT_LF_SUB,_Z,Y,_T,Y_GE15,_Z,Q,9.2,0,1,A
1998-Q2,EST,UNE_LF_M,PT_LF_SUB,_Z,Y,_T,Y_GE15,_Z,Q,9.1,0,1,A
1998-Q3,EST,UNE_LF_M,PT_LF_SUB,_Z,Y,_T,Y_GE15,_Z,Q,9.1,0,1,A
1998-Q4,EST,UNE_LF_M,PT_LF_SUB,_Z,Y,_T,Y_GE15,_Z,Q,9.3,0,1,A
1999-Q1,EST,UNE_LF_M,PT_LF_SUB,_Z,Y,_T,Y_GE15,_Z,Q,10.1,0,1,A
1999-Q2,EST,UNE_LF_M,PT_LF_SUB,_Z,Y,_T,Y_GE15,_Z,Q,11.1,0,1,A
1999-Q3,EST,UNE_LF_M,PT_LF_SUB,_Z,Y,_T,Y_GE15,_Z,Q,11.8,0,1,A
1999-Q4,EST,UNE_LF_M,PT_LF_SUB,_Z,Y,_T,Y_GE15,_Z,Q,12.4,0,1,A
2000-Q1,EST,UNE_LF_M,PT_LF_SUB,_Z,Y,_T,Y_GE15,_Z,Q,14.36667,0,1,A
2000-Q2,EST,UNE_LF_M,PT_LF_SUB,_Z,Y,_T,Y_GE15,_Z,Q,14.13333,0,1,A
2000-Q3,EST,UNE_LF_M,PT_LF_SUB,_Z,Y,_T,Y_GE15,_Z,Q,14.13333,0,1,A
2000-Q4,EST,UNE_LF_M,PT_LF_SUB,_Z,Y,_T,Y_GE15,_Z,Q,14.26667,0,1,A
2001-Q1,EST,UNE_LF_M,PT_LF_SUB,_Z,Y,_T,Y_GE15,_Z,Q,14.1,0,1,A
2001-Q2,EST,UNE_LF_M,PT_LF_SUB,_Z,Y,_T,Y_GE15,_Z,Q,13.56667,0,1,A
2001-Q3,EST,UNE_LF_M,PT_LF_SUB,_Z,Y,_T,Y_GE15,_Z,Q,12.8,0,1,A
2001-Q4,EST,UNE_LF_M,PT_LF_SUB,_Z,Y,_T,Y_GE15,_Z,Q,11.66667,0,1,A
2002-Q1,EST,UNE_LF_M,PT_LF_SUB,_Z,Y,_T,Y_GE15,_Z,Q,11.46667,0,1,A
2002-Q2,EST,UNE_LF_M,PT_LF_SUB,_Z,Y,_T,Y_GE15,_Z,Q,10.8,0,1,A
2002-Q3,EST,UNE_LF_M,PT_LF_SUB,_Z,Y,_T,Y_GE15,_Z,Q,11.3,0,1,A
2002-Q4,EST,UNE_LF_M,PT_LF_SUB,_Z,Y,_T,Y_GE15,_Z,Q,11.73333,0,1,A
2003-Q1,EST,UNE_LF_M,PT_LF_SUB,_Z,Y,_T,Y_GE15,_Z,Q,11.23333,0,1,A
2003-Q2,EST,UNE_LF_M,PT_LF_SUB,_Z,Y,_T,Y_GE15,_Z,Q,10.96667,0,1,A
2003-Q3,EST,UNE_LF_M,PT_LF_SUB,_Z,Y,_T,Y_GE15,_Z,Q,9.9,0,1,A
2003-Q4,EST,UNE_LF_M,PT_LF_SUB,_Z,Y,_T,Y_GE15,_Z,Q,9.7,0,1,A
2004-Q1,EST,UNE_LF_M,PT_LF_SUB,_Z,Y,_T,Y_GE15,_Z,Q,10.1,0,1,A
2004-Q2,EST,UNE_LF_M,PT_LF_SUB,_Z,Y,_T,Y_GE15,_Z,Q,9.733334,0,1,A
2004-Q3,EST,UNE_LF_M,PT_LF_SUB,_Z,Y,_T,Y_GE15,_Z,Q,10.2,0,1,A
2004-Q4,EST,UNE_LF_M,PT_LF_SUB,_Z,Y,_T,Y_GE15,_Z,Q,9.766666,0,1,A
2005-Q1,EST,UNE_LF_M,PT_LF_SUB,_Z,Y,_T,Y_GE15,_Z,Q,9.033334,0,1,A
2005-Q2,EST,UNE_LF_M,PT_LF_SUB,_Z,Y,_T,Y_GE15,_Z,Q,8.066667,0,1,A
2005-Q3,EST,UNE_LF_M,PT_LF_SUB,_Z,Y,_T,Y_GE15,_Z,Q,7.7,0,1,A
2005-Q4,EST,UNE_LF_M,PT_LF_SUB,_Z,Y,_T,Y_GE15,_Z,Q,7.2,0,1,A
2006-Q1,EST,UNE_LF_M,PT_LF_SUB,_Z,Y,_T,Y_GE15,_Z,Q,6.366667,0,1,A
2006-Q2,EST,UNE_LF_M,PT_LF_SUB,_Z,Y,_T,Y_GE15,_Z,Q,6.2,0,1,A
2006-Q3,EST,UNE_LF_M,PT_LF_SUB,_Z,Y,_T,Y_GE15,_Z,Q,5.8,0,1,A
2006-Q4,EST,UNE_LF_M,PT_LF_SUB,_Z,Y,_T,Y_GE15,_Z,Q,5.433333,0,1,A
2007-Q1,EST,UNE_LF_M,PT_LF_SUB,_Z,Y,_T,Y_GE15,_Z,Q,5,0,1,A
2007-Q2,EST,UNE_LF_M,PT_LF_SUB,_Z,Y,_T,Y_GE15,_Z,Q,4.833333,0,1,A
2007-Q3,EST,UNE_LF_M,PT_LF_SUB,_Z,Y,_T,Y_GE15,_Z,Q,4.1,0,1,A
2007-Q4,EST,UNE_LF_M,PT_LF_SUB,_Z,Y,_T,Y_GE15,_Z,Q,4.033333,0,1,A
2008-Q1,EST,UNE_LF_M,PT_LF_SUB,_Z,Y,_T,Y_GE15,_Z,Q,4.333333,0,1,A
2008-Q2,EST,UNE_LF_M,PT_LF_SUB,_Z,Y,_T,Y_GE15,_Z,Q,4.2,0,1,A
2008-Q3,EST,UNE_LF_M,PT_LF_SUB,_Z,Y,_T,Y_GE15,_Z,Q,6.1,0,1,A
2003-Q1,ISL,UNE_LF_M,PT_LF_SUB,_Z,Y,_T,Y_GE15,_Z,Q,3.7,0,1,A
2004-Q1,ISL,UNE_LF_M,PT_LF_SUB,_Z,Y,_T,Y_GE15,_Z,Q,3.4,0,1,A
2004-Q4,ISL,UNE_LF_M,PT_LF_SUB,_Z,Y,_T,Y_GE15,_Z,Q,3.166667,0,1,A
2005-Q1,ISL,UNE_LF_M,PT_LF_SUB,_Z,Y,_T,Y_GE15,_Z,Q,3.066667,0,1,A
2005-Q2,ISL,UNE_LF_M,PT_LF_SUB,_Z,Y,_T,Y_GE15,_Z,Q,3,0,1,A
2006-Q1,ISL,UNE_LF_M,PT_LF_SUB,_Z,Y,_T,Y_GE15,_Z,Q,2.966667,0,1,A
2007-Q2,ISL,UNE_LF_M,PT_LF_SUB,_Z,Y,_T,Y_GE15,_Z,Q,2.7,0,1,A
2007-Q3,ISL,UNE_LF_M,PT_LF_SUB,_Z,Y,_T,Y_GE15,_Z,Q,2.7,0,1,A
2007-Q4,ISL,UNE_LF_M,PT_LF_SUB,_Z,Y,_T,Y_GE15,_Z,Q,2.733333,0,1,A
2008-Q1,ISL,UNE_LF_M,PT_LF_SUB,_Z,Y,_T,Y_GE15,_Z,Q,2.866667,0,1,A
2010-Q1,ISL,UNE_LF_M,PT_LF_SUB,_Z,Y,_T,Y_GE15,_Z,Q,8.666667,0,1,A
2012-Q2,ISL,UNE_LF_M,PT_LF_SUB,_Z,Y,_T,Y_GE15,_Z,Q,7.133333,0,1,A
2013-Q2,ISL,UNE_LF_M,PT_LF_SUB,_Z,Y,_T,Y_GE15,_Z,Q,6.333333,0,1,A
2015-Q2,ISL,UNE_LF_M,PT_LF_SUB,_Z,Y,_T,Y_GE15,_Z,Q,4.8,0,1,A
2015-Q4,ISL,UNE_LF_M,PT_LF_SUB,_Z,Y,_T,Y_GE15,_Z,Q,4,0,1,A
2016-Q1,ISL,UNE_LF_M,PT_LF_SUB,_Z,Y,_T,Y_GE15,_Z,Q,3.7,0,1,A
2016-Q3,ISL,UNE_LF_M,PT_LF_SUB,_Z,Y,_T,Y_GE15,_Z,Q,3.5,0,1,A
2018-Q2,ISL,UNE_LF_M,PT_LF_SUB,_Z,Y,_T,Y_GE15,_Z,Q,3.2,0,1,A
2019-Q2,ISL,UNE_LF_M,PT_LF_SUB,_Z,Y,_T,Y_GE15,_Z,Q,3.766667,0,1,A
2020-Q1,ISL,UNE_LF_M,PT_LF_SUB,_Z,Y,_T,Y_GE15,_Z,Q,4.933333,0,1,A
2021-Q1,ISL,UNE_LF_M,PT_LF_SUB,_Z,Y,_T,Y_GE15,_Z,Q,6.5,0,1,A
2021-Q2,ISL,UNE_LF_M,PT_LF_SUB,_Z,Y,_T,Y_GE15,_Z,Q,5.866667,0,1,A
2021-Q3,ISL,UNE_LF_M,PT_LF_SUB,_Z,Y,_T,Y_GE15,_Z,Q,4.933333,0,1,A
2021-Q4,ISL,UNE_LF_M,PT_LF_SUB,_Z,Y,_T,Y_GE15,_Z,Q,4.3,0,1,A
2022-Q3,ISL,UNE_LF_M,PT_LF_SUB,_Z,Y,_T,Y_GE15,_Z,Q,3.5,0,1,A
2023-Q1,ISL,UNE_LF_M,PT_LF_SUB,_Z,Y,_T,Y_GE15,_Z,Q,3.4,0,1,A
2023-Q2,ISL,UNE_LF_M,PT_LF_SUB,_Z,Y,_T,Y_GE15,_Z,Q,3.466667,0,1,A
2023-Q4,ISL,UNE_LF_M,PT_LF_SUB,_Z,Y,_T,Y_GE15,_Z,Q,3.566667,0,1,A
2024-Q1,ISL,UNE_LF_M,PT_LF_SUB,_Z,Y,_T,Y_GE15,_Z,Q,3.566667,0,1,A
2024-Q4,ISL,UNE_LF_M,PT_LF_SUB,_Z,Y,_T,Y_GE15,_Z,Q,3.6,0,1,A
1998-Q2,LVA,UNE_LF_M,PT_LF_SUB,_Z,Y,_T,Y_GE15,_Z,Q,14.36667,0,1,A
1998-Q3,LVA,UNE_LF_M,PT_LF_SUB,_Z,Y,_T,Y_GE15,_Z,Q,14.1,0,1,A
1998-Q4,LVA,UNE_LF_M,PT_LF_SUB,_Z,Y,_T,Y_GE15,_Z,Q,13.73333,0,1,A
1999-Q1,LVA,UNE_LF_M,PT_LF_SUB,_Z,Y,_T,Y_GE15,_Z,Q,13.76667,0,1,A
1999-Q2,LVA,UNE_LF_M,PT_LF_SUB,_Z,Y,_T,Y_GE15,_Z,Q,13.83333,0,1,A
1999-Q3,LVA,UNE_LF_M,PT_LF_SUB,_Z,Y,_T,Y_GE15,_Z,Q,14.13333,0,1,A
1999-Q4,LVA,UNE_LF_M,PT_LF_SUB,_Z,Y,_T,Y_GE15,_Z,Q,14.43333,0,1,A
2000-Q1,LVA,UNE_LF_M,PT_LF_SUB,_Z,Y,_T,Y_GE15,_Z,Q,14.33333,0,1,A
2000-Q2,LVA,UNE_LF_M,PT_LF_SUB,_Z,Y,_T,Y_GE15,_Z,Q,14.36667,0,1,A
2000-Q3,LVA,UNE_LF_M,PT_LF_SUB,_Z,Y,_T,Y_GE15,_Z,Q,14.36667,0,1,A
2000-Q4,LVA,UNE_LF_M,PT_LF_SUB,_Z,Y,_T,Y_GE15,_Z,Q,14.43333,0,1,A
2001-Q1,LVA,UNE_LF_M,PT_LF_SUB,_Z,Y,_T,Y_GE15,_Z,Q,13.8,0,1,A
2001-Q2,LVA,UNE_LF_M,PT_LF_SUB,_Z,Y,_T,Y_GE15,_Z,Q,13.1,0,1,A
2001-Q3,LVA,UNE_LF_M,PT_LF_SUB,_Z,Y,_T,Y_GE15,_Z,Q,13.13333,0,1,A
2001-Q4,LVA,UNE_LF_M,PT_LF_SUB,_Z,Y,_T,Y_GE15,_Z,Q,13.86667,0,1,A
2003-Q1,LVA,UNE_LF_M,PT_LF_SUB,_Z,Y,_T,Y_GE15,_Z,Q,11.4,0,1,A
2003-Q3,LVA,UNE_LF_M,PT_LF_SUB,_Z,Y,_T,Y_GE15,_Z,Q,12.3,0,1,A
2004-Q3,LVA,UNE_LF_M,PT_LF_SUB,_Z,Y,_T,Y_GE15,_Z,Q,11.7,0,1,A
2005-Q2,LVA,UNE_LF_M,PT_LF_SUB,_Z,Y,_T,Y_GE15,_Z,Q,10.13333,0,1,A
2005-Q3,LVA,UNE_LF_M,PT_LF_SUB,_Z,Y,_T,Y_GE15,_Z,Q,9.866667,0,1,A
2006-Q2,LVA,UNE_LF_M,PT_LF_SUB,_Z,Y,_T,Y_GE15,_Z,Q,6.933333,0,1,A
2006-Q3,LVA,UNE_LF_M,PT_LF_SUB,_Z,Y,_T,Y_GE15,_Z,Q,6.333333,0,1,A
2007-Q3,LVA,UNE_LF_M,PT_LF_SUB,_Z,Y,_T,Y_GE15,_Z,Q,5.866667,0,1,A
2011-Q3,LVA,UNE_LF_M,PT_LF_SUB,_Z,Y,_T,Y_GE15,_Z,Q,15.46667,0,1,A
2012-Q4,LVA,UNE_LF_M,PT_LF_SUB,_Z,Y,_T,Y_GE15,_Z,Q,14.23333,0,1,A
2014-Q3,LVA,UNE_LF_M,PT_LF_SUB,_Z,Y,_T,Y_GE15,_Z,Q,10.83333,0,1,A
2015-Q3,LVA,UNE_LF_M,PT_LF_SUB,_Z,Y,_T,Y_GE15,_Z,Q,9.966666,0,1,A
2015-Q4,LVA,UNE_LF_M,PT_LF_SUB,_Z,Y,_T,Y_GE15,_Z,Q,10.03333,0,1,A
2016-Q2,LVA,UNE_LF_M,PT_LF_SUB,_Z,Y,_T,Y_GE15,_Z,Q,9.533334,0,1,A
2016-Q3,LVA,UNE_LF_M,PT_LF_SUB,_Z,Y,_T,Y_GE15,_Z,Q,9.766666,0,1,A
2017-Q2,LVA,UNE_LF_M,PT_LF_SUB,_Z,Y,_T,Y_GE15,_Z,Q,8.866667,0,1,A
2017-Q3,LVA,UNE_LF_M,PT_LF_SUB,_Z,Y,_T,Y_GE15,_Z,Q,8.7,0,1,A
2017-Q4,LVA,UNE_LF_M,PT_LF_SUB,_Z,Y,_T,Y_GE15,_Z,Q,8.266666,0,1,A
2018-Q2,LVA,UNE_LF_M,PT_LF_SUB,_Z,Y,_T,Y_GE15,_Z,Q,7.7,0,1,A
2018-Q3,LVA,UNE_LF_M,PT_LF_SUB,_Z,Y,_T,Y_GE15,_Z,Q,7.133333,0,1,A
2018-Q4,LVA,UNE_LF_M,PT_LF_SUB,_Z,Y,_T,Y_GE15,_Z,Q,6.966667,0,1,A
2019-Q1,LVA,UNE_LF_M,PT_LF_SUB,_Z,Y,_T,Y_GE15,_Z,Q,6.633333,0,1,A
2019-Q2,LVA,UNE_LF_M,PT_LF_SUB,_Z,Y,_T,Y_GE15,_Z,Q,6.4,0,1,A
2019-Q3,LVA,UNE_LF_M,PT_LF_SUB,_Z,Y,_T,Y_GE15,_Z,Q,6.166667,0,1,A
2019-Q4,LVA,UNE_LF_M,PT_LF_SUB,_Z,Y,_T,Y_GE15,_Z,Q,6.066667,0,1,A
2020-Q1,LVA,UNE_LF_M,PT_LF_SUB,_Z,Y,_T,Y_GE15,_Z,Q,7.266667,0,1,A
2021-Q3,LVA,UNE_LF_M,PT_LF_SUB,_Z,Y,_T,Y_GE15,_Z,Q,7.366667,0,1,A
2021-Q4,LVA,UNE_LF_M,PT_LF_SUB,_Z,Y,_T,Y_GE15,_Z,Q,7.233333,0,1,A
2023-Q1,LVA,UNE_LF_M,PT_LF_SUB,_Z,Y,_T,Y_GE15,_Z,Q,6.066667,0,1,A
2023-Q3,LVA,UNE_LF_M,PT_LF_SUB,_Z,Y,_T,Y_GE15,_Z,Q,6.633333,0,1,A
2024-Q3,LVA,UNE_LF_M,PT_LF_SUB,_Z,Y,_T,Y_GE15,_Z,Q,6.833333,0,1,A
1998-Q1,SVK,UNE_LF_M,PT_LF_SUB,_Z,Y,_T,Y_GE15,_Z,Q,12.16667,0,1,A
1998-Q2,SVK,UNE_LF_M,PT_LF_SUB,_Z,Y,_T,Y_GE15,_Z,Q,12.33333,0,1,A
1998-Q3,SVK,UNE_LF_M,PT_LF_SUB,_Z,Y,_T,Y_GE15,_Z,Q,13.03333,0,1,A
1998-Q4,SVK,UNE_LF_M,PT_LF_SUB,_Z,Y,_T,Y_GE15,_Z,Q,13.36667,0,1,A
1999-Q1,SVK,UNE_LF_M,PT_LF_SUB,_Z,Y,_T,Y_GE15,_Z,Q,14.8,0,1,A
1999-Q2,SVK,UNE_LF_M,PT_LF_SUB,_Z,Y,_T,Y_GE15,_Z,Q,16.1,0,1,A
1999-Q3,SVK,UNE_LF_M,PT_LF_SUB,_Z,Y,_T,Y_GE15,_Z,Q,17.03333,0,1,A
1999-Q4,SVK,UNE_LF_M,PT_LF_SUB,_Z,Y,_T,Y_GE15,_Z,Q,18.03333,0,1,A
2000-Q1,SVK,UNE_LF_M,PT_LF_SUB,_Z,Y,_T,Y_GE15,_Z,Q,18.5,0,1,A
2000-Q2,SVK,UNE_LF_M,PT_LF_SUB,_Z,Y,_T,Y_GE15,_Z,Q,19.16667,0,1,A
2000-Q3,SVK,UNE_LF_M,PT_LF_SUB,_Z,Y,_T,Y_GE15,_Z,Q,18.96667,0,1,A
2000-Q4,SVK,UNE_LF_M,PT_LF_SUB,_Z,Y,_T,Y_GE15,_Z,Q,18.96667,0,1,A
2001-Q1,SVK,UNE_LF_M,PT_LF_SUB,_Z,Y,_T,Y_GE15,_Z,Q,19.36667,0,1,A
2001-Q2,SVK,UNE_LF_M,PT_LF_SUB,_Z,Y,_T,Y_GE15,_Z,Q,19.53333,0,1,A
2001-Q3,SVK,UNE_LF_M,PT_LF_SUB,_Z,Y,_T,Y_GE15,_Z,Q,19.46667,0,1,A
2001-Q4,SVK,UNE_LF_M,PT_LF_SUB,_Z,Y,_T,Y_GE15,_Z,Q,19.46667,0,1,A
2002-Q1,SVK,UNE_LF_M,PT_LF_SUB,_Z,Y,_T,Y_GE15,_Z,Q,19,0,1,A
2002-Q2,SVK,UNE_LF_M,PT_LF_SUB,_Z,Y,_T,Y_GE15,_Z,Q,18.93333,0,1,A
2002-Q3,SVK,UNE_LF_M,PT_LF_SUB,_Z,Y,_T,Y_GE15,_Z,Q,18.76667,0,1,A
2002-Q4,SVK,UNE_LF_M,PT_LF_SUB,_Z,Y,_T,Y_GE15,_Z,Q,18.6,0,1,A
2003-Q1,SVK,UNE_LF_M,PT_LF_SUB,_Z,Y,_T,Y_GE15,_Z,Q,18,0,1,A
2003-Q2,SVK,UNE_LF_M,PT_LF_SUB,_Z,Y,_T,Y_GE15,_Z,Q,17.33333,0,1,A
2003-Q3,SVK,UNE_LF_M,PT_LF_SUB,_Z,Y,_T,Y_GE15,_Z,Q,17.5,0,1,A
2003-Q4,SVK,UNE_LF_M,PT_LF_SUB,_Z,Y,_T,Y_GE15,_Z,Q,17.96667,0,1,A
2004-Q1,SVK,UNE_LF_M,PT_LF_SUB,_Z,Y,_T,Y_GE15,_Z,Q,18.9,0,1,A
2004-Q2,SVK,UNE_LF_M,PT_LF_SUB,_Z,Y,_T,Y_GE15,_Z,Q,18.8,0,1,A
2004-Q3,SVK,UNE_LF_M,PT_LF_SUB,_Z,Y,_T,Y_GE15,_Z,Q,18.03333,0,1,A
2004-Q4,SVK,UNE_LF_M,PT_LF_SUB,_Z,Y,_T,Y_GE15,_Z,Q,17.7,0,1,A
2005-Q1,SVK,UNE_LF_M,PT_LF_SUB,_Z,Y,_T,Y_GE15,_Z,Q,17.13333,0,1,A
2005-Q2,SVK,UNE_LF_M,PT_LF_SUB,_Z,Y,_T,Y_GE15,_Z,Q,16.53333,0,1,A
2005-Q3,SVK,UNE_LF_M,PT_LF_SUB,_Z,Y,_T,Y_GE15,_Z,Q,16.06667,0,1,A
2005-Q4,SVK,UNE_LF_M,PT_LF_SUB,_Z,Y,_T,Y_GE15,_Z,Q,15.7,0,1,A
2006-Q1,SVK,UNE_LF_M,PT_LF_SUB,_Z,Y,_T,Y_GE15,_Z,Q,14.63333,0,1,A
2006-Q2,SVK,UNE_LF_M,PT_LF_SUB,_Z,Y,_T,Y_GE15,_Z,Q,13.7,0,1,A
2006-Q3,SVK,UNE_LF_M,PT_LF_SUB,_Z,Y,_T,Y_GE15,_Z,Q,13.06667,0,1,A
2006-Q4,SVK,UNE_LF_M,PT_LF_SUB,_Z,Y,_T,Y_GE15,_Z,Q,12.36667,0,1,A
2007-Q1,SVK,UNE_LF_M,PT_LF_SUB,_Z,Y,_T,Y_GE15,_Z,Q,11.43333,0,1,A
2007-Q2,SVK,UNE_LF_M,PT_LF_SUB,_Z,Y,_T,Y_GE15,_Z,Q,11.33333,0,1,A
2007-Q3,SVK,UNE_LF_M,PT_LF_SUB,_Z,Y,_T,Y_GE15,_Z,Q,11.43333,0,1,A
2007-Q4,SVK,UNE_LF_M,PT_LF_SUB,_Z,Y,_T,Y_GE15,_Z,Q,10.66667,0,1,A
2008-Q1,SVK,UNE_LF_M,PT_LF_SUB,_Z,Y,_T,Y_GE15,_Z,Q,10.3,0,1,A
2008-Q2,SVK,UNE_LF_M,PT_LF_SUB,_Z,Y,_T,Y_GE15,_Z,Q,10.1,0,1,A
2008-Q3,SVK,UNE_LF_M,PT_LF_SUB,_Z,Y,_T,Y_GE15,_Z,Q,9.066667,0,1,A
2009-Q2,SVK,UNE_LF_M,PT_LF_SUB,_Z,Y,_T,Y_GE15,_Z,Q,11.6,0,1,A
2009-Q3,SVK,UNE_LF_M,PT_LF_SUB,_Z,Y,_T,Y_GE15,_Z,Q,12.66667,0,1,A
2009-Q4,SVK,UNE_LF_M,PT_LF_SUB,_Z,Y,_T,Y_GE15,_Z,Q,13.8,0,1,A
2010-Q1,SVK,UNE_LF_M,PT_LF_SUB,_Z,Y,_T,Y_GE15,_Z,Q,14.86667,0,1,A
2012-Q3,SVK,UNE_LF_M,PT_LF_SUB,_Z,Y,_T,Y_GE15,_Z,Q,13.83333,0,1,A
2014-Q3,SVK,UNE_LF_M,PT_LF_SUB,_Z,Y,_T,Y_GE15,_Z,Q,12.86667,0,1,A
2014-Q4,SVK,UNE_LF_M,PT_LF_SUB,_Z,Y,_T,Y_GE15,_Z,Q,12.4,0,1,A
2015-Q1,SVK,UNE_LF_M,PT_LF_SUB,_Z,Y,_T,Y_GE15,_Z,Q,12.2,0,1,A
2015-Q3,SVK,UNE_LF_M,PT_LF_SUB,_Z,Y,_T,Y_GE15,_Z,Q,11.3,0,1,A
2015-Q4,SVK,UNE_LF_M,PT_LF_SUB,_Z,Y,_T,Y_GE15,_Z,Q,10.83333,0,1,A
2016-Q3,SVK,UNE_LF_M,PT_LF_SUB,_Z,Y,_T,Y_GE15,_Z,Q,9.466666,0,1,A
2019-Q4,SVK,UNE_LF_M,PT_LF_SUB,_Z,Y,_T,Y_GE15,_Z,Q,5.7,0,1,A
2021-Q3,SVK,UNE_LF_M,PT_LF_SUB,_Z,Y,_T,Y_GE15,_Z,Q,6.7,0,1,A
2024-Q1,SVK,UNE_LF_M,PT_LF_SUB,_Z,Y,_T,Y_GE15,_Z,Q,5.5,0,1,A
2025-Q1,SVK,UNE_LF_M,PT_LF_SUB,_Z,Y,_T,Y_GE15,_Z,Q,5.233333,0,1,A
2001-Q1,HRV,UNE_LF_M,PT_LF_SUB,_Z,Y,_T,Y_GE15,_Z,Q,16.23333,0,1,A
2002-Q1,HRV,UNE_LF_M,PT_LF_SUB,_Z,Y,_T,Y_GE15,_Z,Q,15.8,0,1,A
2002-Q2,HRV,UNE_LF_M,PT_LF_SUB,_Z,Y,_T,Y_GE15,_Z,Q,15.53333,0,1,A
2002-Q4,HRV,UNE_LF_M,PT_LF_SUB,_Z,Y,_T,Y_GE15,_Z,Q,14.53333,0,1,A
2003-Q1,HRV,UNE_LF_M,PT_LF_SUB,_Z,Y,_T,Y_GE15,_Z,Q,14.13333,0,1,A
2003-Q2,HRV,UNE_LF_M,PT_LF_SUB,_Z,Y,_T,Y_GE15,_Z,Q,14.06667,0,1,A
2004-Q1,HRV,UNE_LF_M,PT_LF_SUB,_Z,Y,_T,Y_GE15,_Z,Q,14.06667,0,1,A
2004-Q2,HRV,UNE_LF_M,PT_LF_SUB,_Z,Y,_T,Y_GE15,_Z,Q,13.93333,0,1,A
2006-Q3,HRV,UNE_LF_M,PT_LF_SUB,_Z,Y,_T,Y_GE15,_Z,Q,11.4,0,1,A
2007-Q2,HRV,UNE_LF_M,PT_LF_SUB,_Z,Y,_T,Y_GE15,_Z,Q,9.933333,0,1,A
2008-Q2,HRV,UNE_LF_M,PT_LF_SUB,_Z,Y,_T,Y_GE15,_Z,Q,8.666667,0,1,A
2008-Q4,HRV,UNE_LF_M,PT_LF_SUB,_Z,Y,_T,Y_GE15,_Z,Q,8.3,0,1,A
2009-Q2,HRV,UNE_LF_M,PT_LF_SUB,_Z,Y,_T,Y_GE15,_Z,Q,9.166667,0,1,A
2009-Q4,HRV,UNE_LF_M,PT_LF_SUB,_Z,Y,_T,Y_GE15,_Z,Q,10.03333,0,1,A
2010-Q1,HRV,UNE_LF_M,PT_LF_SUB,_Z,Y,_T,Y_GE15,_Z,Q,10.73333,0,1,A
2010-Q2,HRV,UNE_LF_M,PT_LF_SUB,_Z,Y,_T,Y_GE15,_Z,Q,11.53333,0,1,A
2010-Q3,HRV,UNE_LF_M,PT_LF_SUB,_Z,Y,_T,Y_GE15,_Z,Q,12.1,0,1,A
2010-Q4,HRV,UNE_LF_M,PT_LF_SUB,_Z,Y,_T,Y_GE15,_Z,Q,12.7,0,1,A
2011-Q1,HRV,UNE_LF_M,PT_LF_SUB,_Z,Y,_T,Y_GE15,_Z,Q,13.03333,0,1,A
2011-Q3,HRV,UNE_LF_M,PT_LF_SUB,_Z,Y,_T,Y_GE15,_Z,Q,13.83333,0,1,A
2011-Q4,HRV,UNE_LF_M,PT_LF_SUB,_Z,Y,_T,Y_GE15,_Z,Q,13.96667,0,1,A
2013-Q2,HRV,UNE_LF_M,PT_LF_SUB,_Z,Y,_T,Y_GE15,_Z,Q,17.4,0,1,A
2013-Q4,HRV,UNE_LF_M,PT_LF_SUB,_Z,Y,_T,Y_GE15,_Z,Q,17.56667,0,1,A
2014-Q4,HRV,UNE_LF_M,PT_LF_SUB,_Z,Y,_T,Y_GE15,_Z,Q,16.76667,0,1,A
2015-Q4,HRV,UNE_LF_M,PT_LF_SUB,_Z,Y,_T,Y_GE15,_Z,Q,15.33333,0,1,A
2016-Q2,HRV,UNE_LF_M,PT_LF_SUB,_Z,Y,_T,Y_GE15,_Z,Q,13.36667,0,1,A
2016-Q4,HRV,UNE_LF_M,PT_LF_SUB,_Z,Y,_T,Y_GE15,_Z,Q,12.53333,0,1,A
2017-Q1,HRV,UNE_LF_M,PT_LF_SUB,_Z,Y,_T,Y_GE15,_Z,Q,12.06667,0,1,A
2017-Q3,HRV,UNE_LF_M,PT_LF_SUB,_Z,Y,_T,Y_GE15,_Z,Q,10.56667,0,1,A
2017-Q4,HRV,UNE_LF_M,PT_LF_SUB,_Z,Y,_T,Y_GE15,_Z,Q,9.866667,0,1,A
2018-Q1,HRV,UNE_LF_M,PT_LF_SUB,_Z,Y,_T,Y_GE15,_Z,Q,9.166667,0,1,A
2018-Q2,HRV,UNE_LF_M,PT_LF_SUB,_Z,Y,_T,Y_GE15,_Z,Q,8.466666,0,1,A
2018-Q3,HRV,UNE_LF_M,PT_LF_SUB,_Z,Y,_T,Y_GE15,_Z,Q,8,0,1,A
2019-Q1,HRV,UNE_LF_M,PT_LF_SUB,_Z,Y,_T,Y_GE15,_Z,Q,7.066667,0,1,A
2019-Q2,HRV,UNE_LF_M,PT_LF_SUB,_Z,Y,_T,Y_GE15,_Z,Q,6.533333,0,1,A
2019-Q3,HRV,UNE_LF_M,PT_LF_SUB,_Z,Y,_T,Y_GE15,_Z,Q,6.466667,0,1,A
2020-Q4,HRV,UNE_LF_M,PT_LF_SUB,_Z,Y,_T,Y_GE15,_Z,Q,8.333333,0,1,A
2022-Q4,HRV,UNE_LF_M,PT_LF_SUB,_Z,Y,_T,Y_GE15,_Z,Q,6.766667,0,1,A
2023-Q1,HRV,UNE_LF_M,PT_LF_SUB,_Z,Y,_T,Y_GE15,_Z,Q,6.333333,0,1,A
2023-Q4,HRV,UNE_LF_M,PT_LF_SUB,_Z,Y,_T,Y_GE15,_Z,Q,5.7,0,1,A
2024-Q2,HRV,UNE_LF_M,PT_LF_SUB,_Z,Y,_T,Y_GE15,_Z,Q,5.133333,0,1,A
2024-Q3,HRV,UNE_LF_M,PT_LF_SUB,_Z,Y,_T,Y_GE15,_Z,Q,5.033333,0,1,A
2025-Q1,HRV,UNE_LF_M,PT_LF_SUB,_Z,Y,_T,Y_GE15,_Z,Q,4.966667,0,1,A
2004-Q1,ROU,UNE_LF_M,PT_LF_SUB,_Z,Y,_T,Y_GE15,_Z,Q,7.966667,0,1,A
2004-Q2,ROU,UNE_LF_M,PT_LF_SUB,_Z,Y,_T,Y_GE15,_Z,Q,7.833333,0,1,A
2004-Q3,ROU,UNE_LF_M,PT_LF_SUB,_Z,Y,_T,Y_GE15,_Z,Q,8.033334,0,1,A
2004-Q4,ROU,UNE_LF_M,PT_LF_SUB,_Z,Y,_T,Y_GE15,_Z,Q,7.966667,0,1,A
2005-Q1,ROU,UNE_LF_M,PT_LF_SUB,_Z,Y,_T,Y_GE15,_Z,Q,7.866667,0,1,A
2005-Q2,ROU,UNE_LF_M,PT_LF_SUB,_Z,Y,_T,Y_GE15,_Z,Q,7.3,0,1,A
2005-Q3,ROU,UNE_LF_M,PT_LF_SUB,_Z,Y,_T,Y_GE15,_Z,Q,6.6,0,1,A
2005-Q4,ROU,UNE_LF_M,PT_LF_SUB,_Z,Y,_T,Y_GE15,_Z,Q,6.733333,0,1,A
2006-Q1,ROU,UNE_LF_M,PT_LF_SUB,_Z,Y,_T,Y_GE15,_Z,Q,7.066667,0,1,A
2006-Q2,ROU,UNE_LF_M,PT_LF_SUB,_Z,Y,_T,Y_GE15,_Z,Q,6.966667,0,1,A
2006-Q3,ROU,UNE_LF_M,PT_LF_SUB,_Z,Y,_T,Y_GE15,_Z,Q,7.466667,0,1,A
2006-Q4,ROU,UNE_LF_M,PT_LF_SUB,_Z,Y,_T,Y_GE15,_Z,Q,7.1,0,1,A
2007-Q1,ROU,UNE_LF_M,PT_LF_SUB,_Z,Y,_T,Y_GE15,_Z,Q,6.533333,0,1,A
2007-Q2,ROU,UNE_LF_M,PT_LF_SUB,_Z,Y,_T,Y_GE15,_Z,Q,6.6,0,1,A
2007-Q3,ROU,UNE_LF_M,PT_LF_SUB,_Z,Y,_T,Y_GE15,_Z,Q,6.266667,0,1,A
2007-Q4,ROU,UNE_LF_M,PT_LF_SUB,_Z,Y,_T,Y_GE15,_Z,Q,6,0,1,A
2008-Q1,ROU,UNE_LF_M,PT_LF_SUB,_Z,Y,_T,Y_GE15,_Z,Q,5.566667,0,1,A
2008-Q2,ROU,UNE_LF_M,PT_LF_SUB,_Z,Y,_T,Y_GE15,_Z,Q,5.633333,0,1,A
2008-Q3,ROU,UNE_LF_M,PT_LF_SUB,_Z,Y,_T,Y_GE15,_Z,Q,5.5,0,1,A
2008-Q4,ROU,UNE_LF_M,PT_LF_SUB,_Z,Y,_T,Y_GE15,_Z,Q,5.666667,0,1,A
2009-Q2,ROU,UNE_LF_M,PT_LF_SUB,_Z,Y,_T,Y_GE15,_Z,Q,8.166667,0,1,A
2009-Q3,ROU,UNE_LF_M,PT_LF_SUB,_Z,Y,_T,Y_GE15,_Z,Q,8.6,0,1,A
2010-Q2,ROU,UNE_LF_M,PT_LF_SUB,_Z,Y,_T,Y_GE15,_Z,Q,9,0,1,A
2010-Q4,ROU,UNE_LF_M,PT_LF_SUB,_Z,Y,_T,Y_GE15,_Z,Q,8.766666,0,1,A
2011-Q4,ROU,UNE_LF_M,PT_LF_SUB,_Z,Y,_T,Y_GE15,_Z,Q,9.3,0,1,A
2012-Q1,ROU,UNE_LF_M,PT_LF_SUB,_Z,Y,_T,Y_GE15,_Z,Q,8.8,0,1,A
2012-Q2,ROU,UNE_LF_M,PT_LF_SUB,_Z,Y,_T,Y_GE15,_Z,Q,8.7,0,1,A
2013-Q1,ROU,UNE_LF_M,PT_LF_SUB,_Z,Y,_T,Y_GE15,_Z,Q,8.766666,0,1,A
2013-Q2,ROU,UNE_LF_M,PT_LF_SUB,_Z,Y,_T,Y_GE15,_Z,Q,9.3,0,1,A
2013-Q3,ROU,UNE_LF_M,PT_LF_SUB,_Z,Y,_T,Y_GE15,_Z,Q,8.933333,0,1,A
2014-Q1,ROU,UNE_LF_M,PT_LF_SUB,_Z,Y,_T,Y_GE15,_Z,Q,8.666667,0,1,A
2014-Q3,ROU,UNE_LF_M,PT_LF_SUB,_Z,Y,_T,Y_GE15,_Z,Q,8.633333,0,1,A
2015-Q1,ROU,UNE_LF_M,PT_LF_SUB,_Z,Y,_T,Y_GE15,_Z,Q,8.6,0,1,A
2015-Q4,ROU,UNE_LF_M,PT_LF_SUB,_Z,Y,_T,Y_GE15,_Z,Q,8.1,0,1,A
2016-Q1,ROU,UNE_LF_M,PT_LF_SUB,_Z,Y,_T,Y_GE15,_Z,Q,7.666667,0,1,A
2016-Q3,ROU,UNE_LF_M,PT_LF_SUB,_Z,Y,_T,Y_GE15,_Z,Q,7.133333,0,1,A
2016-Q4,ROU,UNE_LF_M,PT_LF_SUB,_Z,Y,_T,Y_GE15,_Z,Q,6.666667,0,1,A
2017-Q3,ROU,UNE_LF_M,PT_LF_SUB,_Z,Y,_T,Y_GE15,_Z,Q,6,0,1,A
2017-Q4,ROU,UNE_LF_M,PT_LF_SUB,_Z,Y,_T,Y_GE15,_Z,Q,5.866667,0,1,A
2018-Q1,ROU,UNE_LF_M,PT_LF_SUB,_Z,Y,_T,Y_GE15,_Z,Q,5.6,0,1,A
2018-Q3,ROU,UNE_LF_M,PT_LF_SUB,_Z,Y,_T,Y_GE15,_Z,Q,5,0,1,A
2020-Q1,ROU,UNE_LF_M,PT_LF_SUB,_Z,Y,_T,Y_GE15,_Z,Q,5.2,0,1,A
2020-Q3,ROU,UNE_LF_M,PT_LF_SUB,_Z,Y,_T,Y_GE15,_Z,Q,6.366667,0,1,A
2022-Q3,ROU,UNE_LF_M,PT_LF_SUB,_Z,Y,_T,Y_GE15,_Z,Q,5.466667,0,1,A
2024-Q1,ROU,UNE_LF_M,PT_LF_SUB,_Z,Y,_T,Y_GE15,_Z,Q,5.266667,0,1,A
2024-Q2,ROU,UNE_LF_M,PT_LF_SUB,_Z,Y,_T,Y_GE15,_Z,Q,5.233333,0,1,A
2024-Q4,ROU,UNE_LF_M,PT_LF_SUB,_Z,Y,_T,Y_GE15,_Z,Q,5.666667,0,1,A
2004-Q1,AUT,UNE_LF_M,PT_LF_SUB,_Z,Y,_T,Y_GE15,_Z,Q,6,0,1,A
2005-Q2,AUT,UNE_LF_M,PT_LF_SUB,_Z,Y,_T,Y_GE15,_Z,Q,6.133333,0,1,A
2015-Q3,AUT,UNE_LF_M,PT_LF_SUB,_Z,Y,_T,Y_GE15,_Z,Q,6.066667,0,1,A
2016-Q1,AUT,UNE_LF_M,PT_LF_SUB,_Z,Y,_T,Y_GE15,_Z,Q,6.466667,0,1,A
2019-Q3,AUT,UNE_LF_M,PT_LF_SUB,_Z,Y,_T,Y_GE15,_Z,Q,4.8,0,1,A
2020-Q4,AUT,UNE_LF_M,PT_LF_SUB,_Z,Y,_T,Y_GE15,_Z,Q,6.266667,0,1,A
2021-Q1,AUT,UNE_LF_M,PT_LF_SUB,_Z,Y,_T,Y_GE15,_Z,Q,7.166667,0,1,A
2023-Q1,AUT,UNE_LF_M,PT_LF_SUB,_Z,Y,_T,Y_GE15,_Z,Q,4.966667,0,1,A
2025-Q3,AUT,UNE_LF_M,PT_LF_SUB,_Z,Y,_T,Y_GE15,_Z,Q,5.733333,0,1,A
2025-Q4,AUT,UNE_LF_M,PT_LF_SUB,_Z,Y,_T,Y_GE15,_Z,Q,5.833333,0,1,A
2009-Q1,BEL,UNE_LF_M,PT_LF_SUB,_Z,Y,_T,Y_GE15,_Z,Q,7.866667,0,1,A
2010-Q2,BEL,UNE_LF_M,PT_LF_SUB,_Z,Y,_T,Y_GE15,_Z,Q,8.466666,0,1,A
2010-Q3,BEL,UNE_LF_M,PT_LF_SUB,_Z,Y,_T,Y_GE15,_Z,Q,8.533334,0,1,A
2012-Q1,BEL,UNE_LF_M,PT_LF_SUB,_Z,Y,_T,Y_GE15,_Z,Q,7.233333,0,1,A
2013-Q2,BEL,UNE_LF_M,PT_LF_SUB,_Z,Y,_T,Y_GE15,_Z,Q,8.533334,0,1,A
2013-Q3,BEL,UNE_LF_M,PT_LF_SUB,_Z,Y,_T,Y_GE15,_Z,Q,8.566667,0,1,A
2013-Q4,BEL,UNE_LF_M,PT_LF_SUB,_Z,Y,_T,Y_GE15,_Z,Q,8.633333,0,1,A
2014-Q2,BEL,UNE_LF_M,PT_LF_SUB,_Z,Y,_T,Y_GE15,_Z,Q,8.533334,0,1,A
2015-Q2,BEL,UNE_LF_M,PT_LF_SUB,_Z,Y,_T,Y_GE15,_Z,Q,8.7,0,1,A
2016-Q4,BEL,UNE_LF_M,PT_LF_SUB,_Z,Y,_T,Y_GE15,_Z,Q,7.233333,0,1,A
2017-Q1,BEL,UNE_LF_M,PT_LF_SUB,_Z,Y,_T,Y_GE15,_Z,Q,7.633333,0,1,A
2018-Q1,BEL,UNE_LF_M,PT_LF_SUB,_Z,Y,_T,Y_GE15,_Z,Q,6.1,0,1,A
2018-Q3,BEL,UNE_LF_M,PT_LF_SUB,_Z,Y,_T,Y_GE15,_Z,Q,5.7,0,1,A
2019-Q1,BEL,UNE_LF_M,PT_LF_SUB,_Z,Y,_T,Y_GE15,_Z,Q,5.6,0,1,A
2019-Q2,BEL,UNE_LF_M,PT_LF_SUB,_Z,Y,_T,Y_GE15,_Z,Q,5.566667,0,1,A
2019-Q3,BEL,UNE_LF_M,PT_LF_SUB,_Z,Y,_T,Y_GE15,_Z,Q,5.133333,0,1,A
2021-Q2,BEL,UNE_LF_M,PT_LF_SUB,_Z,Y,_T,Y_GE15,_Z,Q,6.366667,0,1,A
2023-Q3,BEL,UNE_LF_M,PT_LF_SUB,_Z,Y,_T,Y_GE15,_Z,Q,5.366667,0,1,A
2024-Q1,BEL,UNE_LF_M,PT_LF_SUB,_Z,Y,_T,Y_GE15,_Z,Q,5.7,0,1,A
2024-Q2,BEL,UNE_LF_M,PT_LF_SUB,_Z,Y,_T,Y_GE15,_Z,Q,5.6,0,1,A
2024-Q3,BEL,UNE_LF_M,PT_LF_SUB,_Z,Y,_T,Y_GE15,_Z,Q,5.7,0,1,A
2025-Q2,BEL,UNE_LF_M,PT_LF_SUB,_Z,Y,_T,Y_GE15,_Z,Q,6.066667,0,1,A
2025-Q3,BEL,UNE_LF_M,PT_LF_SUB,_Z,Y,_T,Y_GE15,_Z,Q,6.166667,0,1,A
2025-Q4,BEL,UNE_LF_M,PT_LF_SUB,_Z,Y,_T,Y_GE15,_Z,Q,6.433333,0,1,A
2003-Q3,CZE,UNE_LF_M,PT_LF_SUB,_Z,Y,_T,Y_GE15,_Z,Q,7.933333,0,1,A
2005-Q4,CZE,UNE_LF_M,PT_LF_SUB,_Z,Y,_T,Y_GE15,_Z,Q,7.866667,0,1,A
2023-Q1,DNK,UNE_LF_M,PT_LF_SUB,_Z,Y,_T,Y_GE15,_Z,Q,4.766667,0,1,A
2023-Q2,DNK,UNE_LF_M,PT_LF_SUB,_Z,Y,_T,Y_GE15,_Z,Q,4.8,0,1,A
2023-Q4,DNK,UNE_LF_M,PT_LF_SUB,_Z,Y,_T,Y_GE15,_Z,Q,6.033333,0,1,A
2025-Q1,DNK,UNE_LF_M,PT_LF_SUB,_Z,Y,_T,Y_GE15,_Z,Q,6.333333,0,1,A
2025-Q3,DNK,UNE_LF_M,PT_LF_SUB,_Z,Y,_T,Y_GE15,_Z,Q,6.4,0,1,A
2025-Q4,DNK,UNE_LF_M,PT_LF_SUB,_Z,Y,_T,Y_GE15,_Z,Q,6.466667,0,1,A
2009-Q1,FIN,UNE_LF_M,PT_LF_SUB,_Z,Y,_T,Y_GE15,_Z,Q,7.333333,0,1,A
2010-Q2,FIN,UNE_LF_M,PT_LF_SUB,_Z,Y,_T,Y_GE15,_Z,Q,8.533334,0,1,A
2015-Q3,FIN,UNE_LF_M,PT_LF_SUB,_Z,Y,_T,Y_GE15,_Z,Q,9.4,0,1,A
2017-Q1,FIN,UNE_LF_M,PT_LF_SUB,_Z,Y,_T,Y_GE15,_Z,Q,9,0,1,A
2017-Q2,FIN,UNE_LF_M,PT_LF_SUB,_Z,Y,_T,Y_GE15,_Z,Q,8.966666,0,1,A
2022-Q3,FIN,UNE_LF_M,PT_LF_SUB,_Z,Y,_T,Y_GE15,_Z,Q,7.166667,0,1,A
2023-Q1,FIN,UNE_LF_M,PT_LF_SUB,_Z,Y,_T,Y_GE15,_Z,Q,6.766667,0,1,A
2025-Q1,FIN,UNE_LF_M,PT_LF_SUB,_Z,Y,_T,Y_GE15,_Z,Q,9.266666,0,1,A
2003-Q1,FRA,UNE_LF_M,PT_LF_SUB,_Z,Y,_T,Y_GE15,_Z,Q,8.3,0,1,A
2003-Q3,FRA,UNE_LF_M,PT_LF_SUB,_Z,Y,_T,Y_GE15,_Z,Q,8.433333,0,1,A
2004-Q4,FRA,UNE_LF_M,PT_LF_SUB,_Z,Y,_T,Y_GE15,_Z,Q,8.966666,0,1,A
2005-Q3,FRA,UNE_LF_M,PT_LF_SUB,_Z,Y,_T,Y_GE15,_Z,Q,9,0,1,A
2006-Q3,FRA,UNE_LF_M,PT_LF_SUB,_Z,Y,_T,Y_GE15,_Z,Q,8.933333,0,1,A
2007-Q2,FRA,UNE_LF_M,PT_LF_SUB,_Z,Y,_T,Y_GE15,_Z,Q,8.133333,0,1,A
2010-Q3,FRA,UNE_LF_M,PT_LF_SUB,_Z,Y,_T,Y_GE15,_Z,Q,9.2,0,1,A
2011-Q4,FRA,UNE_LF_M,PT_LF_SUB,_Z,Y,_T,Y_GE15,_Z,Q,9.366667,0,1,A
2012-Q2,FRA,UNE_LF_M,PT_LF_SUB,_Z,Y,_T,Y_GE15,_Z,Q,9.7,0,1,A
2012-Q4,FRA,UNE_LF_M,PT_LF_SUB,_Z,Y,_T,Y_GE15,_Z,Q,10.2,0,1,A
2014-Q3,FRA,UNE_LF_M,PT_LF_SUB,_Z,Y,_T,Y_GE15,_Z,Q,10.23333,0,1,A
2016-Q2,FRA,UNE_LF_M,PT_LF_SUB,_Z,Y,_T,Y_GE15,_Z,Q,10,0,1,A
2018-Q4,FRA,UNE_LF_M,PT_LF_SUB,_Z,Y,_T,Y_GE15,_Z,Q,8.766666,0,1,A
2020-Q2,FRA,UNE_LF_M,PT_LF_SUB,_Z,Y,_T,Y_GE15,_Z,Q,7.3,0,1,A
2020-Q4,FRA,UNE_LF_M,PT_LF_SUB,_Z,Y,_T,Y_GE15,_Z,Q,8.066667,0,1,A
2021-Q3,FRA,UNE_LF_M,PT_LF_SUB,_Z,Y,_T,Y_GE15,_Z,Q,7.833333,0,1,A
2021-Q4,FRA,UNE_LF_M,PT_LF_SUB,_Z,Y,_T,Y_GE15,_Z,Q,7.433333,0,1,A
2022-Q1,FRA,UNE_LF_M,PT_LF_SUB,_Z,Y,_T,Y_GE15,_Z,Q,7.366667,0,1,A
2022-Q2,FRA,UNE_LF_M,PT_LF_SUB,_Z,Y,_T,Y_GE15,_Z,Q,7.5,0,1,A
2022-Q4,FRA,UNE_LF_M,PT_LF_SUB,_Z,Y,_T,Y_GE15,_Z,Q,7.166667,0,1,A
2023-Q4,FRA,UNE_LF_M,PT_LF_SUB,_Z,Y,_T,Y_GE15,_Z,Q,7.533333,0,1,A
2024-Q1,FRA,UNE_LF_M,PT_LF_SUB,_Z,Y,_T,Y_GE15,_Z,Q,7.5,0,1,A
2024-Q2,FRA,UNE_LF_M,PT_LF_SUB,_Z,Y,_T,Y_GE15,_Z,Q,7.4,0,1,A
2024-Q3,FRA,UNE_LF_M,PT_LF_SUB,_Z,Y,_T,Y_GE15,_Z,Q,7.433333,0,1,A
2024-Q4,FRA,UNE_LF_M,PT_LF_SUB,_Z,Y,_T,Y_GE15,_Z,Q,7.266667,0,1,A
2025-Q1,FRA,UNE_LF_M,PT_LF_SUB,_Z,Y,_T,Y_GE15,_Z,Q,7.5,0,1,A
2025-Q3,FRA,UNE_LF_M,PT_LF_SUB,_Z,Y,_T,Y_GE15,_Z,Q,7.733333,0,1,A
2025-Q4,FRA,UNE_LF_M,PT_LF_SUB,_Z,Y,_T,Y_GE15,_Z,Q,7.866667,0,1,A
2009-Q1,DEU,UNE_LF_M,PT_LF_SUB,_Z,Y,_T,Y_GE15,_Z,Q,7.2,0,1,A
2023-Q3,DEU,UNE_LF_M,PT_LF_SUB,_Z,Y,_T,Y_GE15,_Z,Q,3.066667,0,1,A
2023-Q4,DEU,UNE_LF_M,PT_LF_SUB,_Z,Y,_T,Y_GE15,_Z,Q,3.166667,0,1,A
2024-Q1,DEU,UNE_LF_M,PT_LF_SUB,_Z,Y,_T,Y_GE15,_Z,Q,3.233333,0,1,A
2024-Q4,DEU,UNE_LF_M,PT_LF_SUB,_Z,Y,_T,Y_GE15,_Z,Q,3.433333,0,1,A
2025-Q2,DEU,UNE_LF_M,PT_LF_SUB,_Z,Y,_T,Y_GE15,_Z,Q,3.733333,0,1,A
2025-Q4,DEU,UNE_LF_M,PT_LF_SUB,_Z,Y,_T,Y_GE15,_Z,Q,3.933333,0,1,A
2005-Q3,GRC,UNE_LF_M,PT_LF_SUB,_Z,Y,_T,Y_GE15,_Z,Q,10.33333,0,1,A
2006-Q2,GRC,UNE_LF_M,PT_LF_SUB,_Z,Y,_T,Y_GE15,_Z,Q,9.2,0,1,A
2006-Q3,GRC,UNE_LF_M,PT_LF_SUB,_Z,Y,_T,Y_GE15,_Z,Q,8.9,0,1,A
2007-Q4,GRC,UNE_LF_M,PT_LF_SUB,_Z,Y,_T,Y_GE15,_Z,Q,8.1,0,1,A
2008-Q4,GRC,UNE_LF_M,PT_LF_SUB,_Z,Y,_T,Y_GE15,_Z,Q,7.966667,0,1,A
2009-Q1,GRC,UNE_LF_M,PT_LF_SUB,_Z,Y,_T,Y_GE15,_Z,Q,9.1,0,1,A
2010-Q2,GRC,UNE_LF_M,PT_LF_SUB,_Z,Y,_T,Y_GE15,_Z,Q,12.53333,0,1,A
2010-Q3,GRC,UNE_LF_M,PT_LF_SUB,_Z,Y,_T,Y_GE15,_Z,Q,13.26667,0,1,A
2010-Q4,GRC,UNE_LF_M,PT_LF_SUB,_Z,Y,_T,Y_GE15,_Z,Q,14.46667,0,1,A
2011-Q1,GRC,UNE_LF_M,PT_LF_SUB,_Z,Y,_T,Y_GE15,_Z,Q,15.73333,0,1,A
2011-Q3,GRC,UNE_LF_M,PT_LF_SUB,_Z,Y,_T,Y_GE15,_Z,Q,18.73333,0,1,A
2012-Q4,GRC,UNE_LF_M,PT_LF_SUB,_Z,Y,_T,Y_GE15,_Z,Q,26.63333,0,1,A
2013-Q2,GRC,UNE_LF_M,PT_LF_SUB,_Z,Y,_T,Y_GE15,_Z,Q,27.93333,0,1,A
2013-Q3,GRC,UNE_LF_M,PT_LF_SUB,_Z,Y,_T,Y_GE15,_Z,Q,28.06667,0,1,A
2014-Q1,GRC,UNE_LF_M,PT_LF_SUB,_Z,Y,_T,Y_GE15,_Z,Q,27.3,0,1,A
2014-Q2,GRC,UNE_LF_M,PT_LF_SUB,_Z,Y,_T,Y_GE15,_Z,Q,27,0,1,A
2015-Q3,GRC,UNE_LF_M,PT_LF_SUB,_Z,Y,_T,Y_GE15,_Z,Q,24.73333,0,1,A
2016-Q1,GRC,UNE_LF_M,PT_LF_SUB,_Z,Y,_T,Y_GE15,_Z,Q,24.33333,0,1,A
2017-Q1,GRC,UNE_LF_M,PT_LF_SUB,_Z,Y,_T,Y_GE15,_Z,Q,23,0,1,A
2019-Q3,GRC,UNE_LF_M,PT_LF_SUB,_Z,Y,_T,Y_GE15,_Z,Q,17.53333,0,1,A
2020-Q3,GRC,UNE_LF_M,PT_LF_SUB,_Z,Y,_T,Y_GE15,_Z,Q,17.2,0,1,A
2020-Q4,GRC,UNE_LF_M,PT_LF_SUB,_Z,Y,_T,Y_GE15,_Z,Q,17.3,0,1,A
2021-Q4,GRC,UNE_LF_M,PT_LF_SUB,_Z,Y,_T,Y_GE15,_Z,Q,13.06667,0,1,A
2022-Q1,GRC,UNE_LF_M,PT_LF_SUB,_Z,Y,_T,Y_GE15,_Z,Q,12.96667,0,1,A
2022-Q4,GRC,UNE_LF_M,PT_LF_SUB,_Z,Y,_T,Y_GE15,_Z,Q,11.73333,0,1,A
2023-Q1,GRC,UNE_LF_M,PT_LF_SUB,_Z,Y,_T,Y_GE15,_Z,Q,11.13333,0,1,A
2023-Q2,GRC,UNE_LF_M,PT_LF_SUB,_Z,Y,_T,Y_GE15,_Z,Q,11.4,0,1,A
2023-Q3,GRC,UNE_LF_M,PT_LF_SUB,_Z,Y,_T,Y_GE15,_Z,Q,11.3,0,1,A
2023-Q4,GRC,UNE_LF_M,PT_LF_SUB,_Z,Y,_T,Y_GE15,_Z,Q,10.36667,0,1,A
2024-Q4,GRC,UNE_LF_M,PT_LF_SUB,_Z,Y,_T,Y_GE15,_Z,Q,9.466666,0,1,A
2025-Q3,GRC,UNE_LF_M,PT_LF_SUB,_Z,Y,_T,Y_GE15,_Z,Q,8.733334,0,1,A
2025-Q4,GRC,UNE_LF_M,PT_LF_SUB,_Z,Y,_T,Y_GE15,_Z,Q,8.366667,0,1,A
2003-Q2,ISL,UNE_LF_M,PT_LF_SUB,_Z,Y,_T,Y_GE15,_Z,Q,3.5,0,1,A
2003-Q3,ISL,UNE_LF_M,PT_LF_SUB,_Z,Y,_T,Y_GE15,_Z,Q,3.433333,0,1,A
2003-Q4,ISL,UNE_LF_M,PT_LF_SUB,_Z,Y,_T,Y_GE15,_Z,Q,3.433333,0,1,A
2004-Q2,ISL,UNE_LF_M,PT_LF_SUB,_Z,Y,_T,Y_GE15,_Z,Q,3.4,0,1,A
2004-Q3,ISL,UNE_LF_M,PT_LF_SUB,_Z,Y,_T,Y_GE15,_Z,Q,3.266667,0,1,A
2005-Q3,ISL,UNE_LF_M,PT_LF_SUB,_Z,Y,_T,Y_GE15,_Z,Q,3,0,1,A
2005-Q4,ISL,UNE_LF_M,PT_LF_SUB,_Z,Y,_T,Y_GE15,_Z,Q,2.966667,0,1,A
2006-Q2,ISL,UNE_LF_M,PT_LF_SUB,_Z,Y,_T,Y_GE15,_Z,Q,3.166667,0,1,A
2006-Q3,ISL,UNE_LF_M,PT_LF_SUB,_Z,Y,_T,Y_GE15,_Z,Q,3.2,0,1,A
2006-Q4,ISL,UNE_LF_M,PT_LF_SUB,_Z,Y,_T,Y_GE15,_Z,Q,3,0,1,A
2007-Q1,ISL,UNE_LF_M,PT_LF_SUB,_Z,Y,_T,Y_GE15,_Z,Q,2.733333,0,1,A
2008-Q2,ISL,UNE_LF_M,PT_LF_SUB,_Z,Y,_T,Y_GE15,_Z,Q,3.133333,0,1,A
2008-Q3,ISL,UNE_LF_M,PT_LF_SUB,_Z,Y,_T,Y_GE15,_Z,Q,3.9,0,1,A
2008-Q4,ISL,UNE_LF_M,PT_LF_SUB,_Z,Y,_T,Y_GE15,_Z,Q,5.1,0,1,A
2009-Q1,ISL,UNE_LF_M,PT_LF_SUB,_Z,Y,_T,Y_GE15,_Z,Q,6.833333,0,1,A
2009-Q2,ISL,UNE_LF_M,PT_LF_SUB,_Z,Y,_T,Y_GE15,_Z,Q,7.866667,0,1,A
2009-Q3,ISL,UNE_LF_M,PT_LF_SUB,_Z,Y,_T,Y_GE15,_Z,Q,8.133333,0,1,A
2009-Q4,ISL,UNE_LF_M,PT_LF_SUB,_Z,Y,_T,Y_GE15,_Z,Q,8.433333,0,1,A
2010-Q2,ISL,UNE_LF_M,PT_LF_SUB,_Z,Y,_T,Y_GE15,_Z,Q,8.7,0,1,A
2010-Q3,ISL,UNE_LF_M,PT_LF_SUB,_Z,Y,_T,Y_GE15,_Z,Q,8.7,0,1,A
2010-Q4,ISL,UNE_LF_M,PT_LF_SUB,_Z,Y,_T,Y_GE15,_Z,Q,8.866667,0,1,A
2011-Q1,ISL,UNE_LF_M,PT_LF_SUB,_Z,Y,_T,Y_GE15,_Z,Q,8.666667,0,1,A
2011-Q2,ISL,UNE_LF_M,PT_LF_SUB,_Z,Y,_T,Y_GE15,_Z,Q,8.2,0,1,A
2011-Q3,ISL,UNE_LF_M,PT_LF_SUB,_Z,Y,_T,Y_GE15,_Z,Q,7.866667,0,1,A
2011-Q4,ISL,UNE_LF_M,PT_LF_SUB,_Z,Y,_T,Y_GE15,_Z,Q,7.7,0,1,A
2012-Q1,ISL,UNE_LF_M,PT_LF_SUB,_Z,Y,_T,Y_GE15,_Z,Q,7.533333,0,1,A
2012-Q3,ISL,UNE_LF_M,PT_LF_SUB,_Z,Y,_T,Y_GE15,_Z,Q,6.766667,0,1,A
2012-Q4,ISL,UNE_LF_M,PT_LF_SUB,_Z,Y,_T,Y_GE15,_Z,Q,6.466667,0,1,A
2013-Q1,ISL,UNE_LF_M,PT_LF_SUB,_Z,Y,_T,Y_GE15,_Z,Q,6.4,0,1,A
2013-Q3,ISL,UNE_LF_M,PT_LF_SUB,_Z,Y,_T,Y_GE15,_Z,Q,6.2,0,1,A
2013-Q4,ISL,UNE_LF_M,PT_LF_SUB,_Z,Y,_T,Y_GE15,_Z,Q,6.1,0,1,A
2014-Q1,ISL,UNE_LF_M,PT_LF_SUB,_Z,Y,_T,Y_GE15,_Z,Q,6.033333,0,1,A
2014-Q2,ISL,UNE_LF_M,PT_LF_SUB,_Z,Y,_T,Y_GE15,_Z,Q,5.8,0,1,A
2014-Q3,ISL,UNE_LF_M,PT_LF_SUB,_Z,Y,_T,Y_GE15,_Z,Q,5.5,0,1,A
2014-Q4,ISL,UNE_LF_M,PT_LF_SUB,_Z,Y,_T,Y_GE15,_Z,Q,5.233333,0,1,A
2015-Q1,ISL,UNE_LF_M,PT_LF_SUB,_Z,Y,_T,Y_GE15,_Z,Q,5.066667,0,1,A
2015-Q3,ISL,UNE_LF_M,PT_LF_SUB,_Z,Y,_T,Y_GE15,_Z,Q,4.5,0,1,A
2016-Q2,ISL,UNE_LF_M,PT_LF_SUB,_Z,Y,_T,Y_GE15,_Z,Q,3.6,0,1,A
2016-Q4,ISL,UNE_LF_M,PT_LF_SUB,_Z,Y,_T,Y_GE15,_Z,Q,3.4,0,1,A
2017-Q1,ISL,UNE_LF_M,PT_LF_SUB,_Z,Y,_T,Y_GE15,_Z,Q,3.233333,0,1,A
2017-Q2,ISL,UNE_LF_M,PT_LF_SUB,_Z,Y,_T,Y_GE15,_Z,Q,3.2,0,1,A
2017-Q3,ISL,UNE_LF_M,PT_LF_SUB,_Z,Y,_T,Y_GE15,_Z,Q,3.266667,0,1,A
2017-Q4,ISL,UNE_LF_M,PT_LF_SUB,_Z,Y,_T,Y_GE15,_Z,Q,3.366667,0,1,A
2018-Q1,ISL,UNE_LF_M,PT_LF_SUB,_Z,Y,_T,Y_GE15,_Z,Q,3.333333,0,1,A
2018-Q3,ISL,UNE_LF_M,PT_LF_SUB,_Z,Y,_T,Y_GE15,_Z,Q,3.066667,0,1,A
2018-Q4,ISL,UNE_LF_M,PT_LF_SUB,_Z,Y,_T,Y_GE15,_Z,Q,3.066667,0,1,A
2019-Q1,ISL,UNE_LF_M,PT_LF_SUB,_Z,Y,_T,Y_GE15,_Z,Q,3.333333,0,1,A
2019-Q3,ISL,UNE_LF_M,PT_LF_SUB,_Z,Y,_T,Y_GE15,_Z,Q,4.066667,0,1,A
2019-Q4,ISL,UNE_LF_M,PT_LF_SUB,_Z,Y,_T,Y_GE15,_Z,Q,4.333333,0,1,A
2020-Q2,ISL,UNE_LF_M,PT_LF_SUB,_Z,Y,_T,Y_GE15,_Z,Q,5.7,0,1,A
2020-Q3,ISL,UNE_LF_M,PT_LF_SUB,_Z,Y,_T,Y_GE15,_Z,Q,6.266667,0,1,A
2020-Q4,ISL,UNE_LF_M,PT_LF_SUB,_Z,Y,_T,Y_GE15,_Z,Q,6.733333,0,1,A
2022-Q1,ISL,UNE_LF_M,PT_LF_SUB,_Z,Y,_T,Y_GE15,_Z,Q,3.8,0,1,A
2022-Q2,ISL,UNE_LF_M,PT_LF_SUB,_Z,Y,_T,Y_GE15,_Z,Q,3.533333,0,1,A
2022-Q4,ISL,UNE_LF_M,PT_LF_SUB,_Z,Y,_T,Y_GE15,_Z,Q,3.466667,0,1,A
2023-Q3,ISL,UNE_LF_M,PT_LF_SUB,_Z,Y,_T,Y_GE15,_Z,Q,3.6,0,1,A
2024-Q2,ISL,UNE_LF_M,PT_LF_SUB,_Z,Y,_T,Y_GE15,_Z,Q,3.3,0,1,A
2024-Q3,ISL,UNE_LF_M,PT_LF_SUB,_Z,Y,_T,Y_GE15,_Z,Q,3.3,0,1,A
2025-Q1,ISL,UNE_LF_M,PT_LF_SUB,_Z,Y,_T,Y_GE15,_Z,Q,3.866667,0,1,A
2025-Q2,ISL,UNE_LF_M,PT_LF_SUB,_Z,Y,_T,Y_GE15,_Z,Q,3.966667,0,1,A
2025-Q3,ISL,UNE_LF_M,PT_LF_SUB,_Z,Y,_T,Y_GE15,_Z,Q,4.4,0,1,A
2025-Q4,ISL,UNE_LF_M,PT_LF_SUB,_Z,Y,_T,Y_GE15,_Z,Q,5.033333,0,1,A
2017-Q3,IRL,UNE_LF_M,PT_LF_SUB,_Z,Y,_T,Y_GE15,_Z,Q,6.666667,0,1,A
2022-Q2,IRL,UNE_LF_M,PT_LF_SUB,_Z,Y,_T,Y_GE15,_Z,Q,4.266667,0,1,A
2022-Q4,IRL,UNE_LF_M,PT_LF_SUB,_Z,Y,_T,Y_GE15,_Z,Q,4.433333,0,1,A
2023-Q4,IRL,UNE_LF_M,PT_LF_SUB,_Z,Y,_T,Y_GE15,_Z,Q,4.5,0,1,A
2024-Q1,IRL,UNE_LF_M,PT_LF_SUB,_Z,Y,_T,Y_GE15,_Z,Q,4.333333,0,1,A
2025-Q1,IRL,UNE_LF_M,PT_LF_SUB,_Z,Y,_T,Y_GE15,_Z,Q,4.466667,0,1,A
2025-Q3,IRL,UNE_LF_M,PT_LF_SUB,_Z,Y,_T,Y_GE15,_Z,Q,4.933333,0,1,A
2025-Q4,IRL,UNE_LF_M,PT_LF_SUB,_Z,Y,_T,Y_GE15,_Z,Q,4.666667,0,1,A
2004-Q1,ITA,UNE_LF_M,PT_LF_SUB,_Z,Y,_T,Y_GE15,_Z,Q,8.2,0,1,A
2004-Q3,ITA,UNE_LF_M,PT_LF_SUB,_Z,Y,_T,Y_GE15,_Z,Q,7.833333,0,1,A
2007-Q4,ITA,UNE_LF_M,PT_LF_SUB,_Z,Y,_T,Y_GE15,_Z,Q,6.4,0,1,A
2008-Q1,ITA,UNE_LF_M,PT_LF_SUB,_Z,Y,_T,Y_GE15,_Z,Q,6.566667,0,1,A
2008-Q2,ITA,UNE_LF_M,PT_LF_SUB,_Z,Y,_T,Y_GE15,_Z,Q,6.866667,0,1,A
2009-Q2,ITA,UNE_LF_M,PT_LF_SUB,_Z,Y,_T,Y_GE15,_Z,Q,7.566667,0,1,A
2009-Q4,ITA,UNE_LF_M,PT_LF_SUB,_Z,Y,_T,Y_GE15,_Z,Q,8.366667,0,1,A
2010-Q3,ITA,UNE_LF_M,PT_LF_SUB,_Z,Y,_T,Y_GE15,_Z,Q,8.333333,0,1,A
2011-Q1,ITA,UNE_LF_M,PT_LF_SUB,_Z,Y,_T,Y_GE15,_Z,Q,8.166667,0,1,A
2012-Q1,ITA,UNE_LF_M,PT_LF_SUB,_Z,Y,_T,Y_GE15,_Z,Q,10.23333,0,1,A
2012-Q4,ITA,UNE_LF_M,PT_LF_SUB,_Z,Y,_T,Y_GE15,_Z,Q,11.66667,0,1,A
2013-Q1,ITA,UNE_LF_M,PT_LF_SUB,_Z,Y,_T,Y_GE15,_Z,Q,12.06667,0,1,A
2013-Q4,ITA,UNE_LF_M,PT_LF_SUB,_Z,Y,_T,Y_GE15,_Z,Q,12.56667,0,1,A
2014-Q1,ITA,UNE_LF_M,PT_LF_SUB,_Z,Y,_T,Y_GE15,_Z,Q,12.93333,0,1,A
2015-Q1,ITA,UNE_LF_M,PT_LF_SUB,_Z,Y,_T,Y_GE15,_Z,Q,12.5,0,1,A
2018-Q1,ITA,UNE_LF_M,PT_LF_SUB,_Z,Y,_T,Y_GE15,_Z,Q,10.93333,0,1,A
2019-Q1,ITA,UNE_LF_M,PT_LF_SUB,_Z,Y,_T,Y_GE15,_Z,Q,10.36667,0,1,A
2019-Q2,ITA,UNE_LF_M,PT_LF_SUB,_Z,Y,_T,Y_GE15,_Z,Q,10,0,1,A
2019-Q3,ITA,UNE_LF_M,PT_LF_SUB,_Z,Y,_T,Y_GE15,_Z,Q,9.6,0,1,A
2019-Q4,ITA,UNE_LF_M,PT_LF_SUB,_Z,Y,_T,Y_GE15,_Z,Q,9.633333,0,1,A
2020-Q1,ITA,UNE_LF_M,PT_LF_SUB,_Z,Y,_T,Y_GE15,_Z,Q,8.9,0,1,A
2020-Q2,ITA,UNE_LF_M,PT_LF_SUB,_Z,Y,_T,Y_GE15,_Z,Q,8.6,0,1,A
2021-Q2,ITA,UNE_LF_M,PT_LF_SUB,_Z,Y,_T,Y_GE15,_Z,Q,9.9,0,1,A
2021-Q4,ITA,UNE_LF_M,PT_LF_SUB,_Z,Y,_T,Y_GE15,_Z,Q,9.033334,0,1,A
2022-Q3,ITA,UNE_LF_M,PT_LF_SUB,_Z,Y,_T,Y_GE15,_Z,Q,8,0,1,A
2022-Q4,ITA,UNE_LF_M,PT_LF_SUB,_Z,Y,_T,Y_GE15,_Z,Q,7.866667,0,1,A
2024-Q4,ITA,UNE_LF_M,PT_LF_SUB,_Z,Y,_T,Y_GE15,_Z,Q,6.2,0,1,A
2025-Q1,ITA,UNE_LF_M,PT_LF_SUB,_Z,Y,_T,Y_GE15,_Z,Q,6.333333,0,1,A
2025-Q4,ITA,UNE_LF_M,PT_LF_SUB,_Z,Y,_T,Y_GE15,_Z,Q,5.633333,0,1,A
2021-Q4,LUX,UNE_LF_M,PT_LF_SUB,_Z,Y,_T,Y_GE15,_Z,Q,4.733333,0,1,A
2025-Q2,LUX,UNE_LF_M,PT_LF_SUB,_Z,Y,_T,Y_GE15,_Z,Q,6.433333,0,1,A
2025-Q4,LUX,UNE_LF_M,PT_LF_SUB,_Z,Y,_T,Y_GE15,_Z,Q,6.7,0,1,A
2003-Q1,NLD,UNE_LF_M,PT_LF_SUB,_Z,Y,_T,Y_GE15,_Z,Q,5.433333,0,1,A
2006-Q1,NOR,UNE_LF_M,PT_LF_SUB,_Z,Y,_T,Y_GE15,_Z,Q,4.1,0,1,A
2013-Q2,NOR,UNE_LF_M,PT_LF_SUB,_Z,Y,_T,Y_GE15,_Z,Q,3.933333,0,1,A
2016-Q4,NOR,UNE_LF_M,PT_LF_SUB,_Z,Y,_T,Y_GE15,_Z,Q,4.666667,0,1,A
2022-Q1,NOR,UNE_LF_M,PT_LF_SUB,_Z,Y,_T,Y_GE15,_Z,Q,3.233333,0,1,A
2023-Q2,NOR,UNE_LF_M,PT_LF_SUB,_Z,Y,_T,Y_GE15,_Z,Q,3.333333,0,1,A
2009-Q1,POL,UNE_LF_M,PT_LF_SUB,_Z,Y,_T,Y_GE15,_Z,Q,7.533333,0,1,A
2011-Q1,POL,UNE_LF_M,PT_LF_SUB,_Z,Y,_T,Y_GE15,_Z,Q,9.733334,0,1,A
2011-Q3,POL,UNE_LF_M,PT_LF_SUB,_Z,Y,_T,Y_GE15,_Z,Q,10,0,1,A
2011-Q4,POL,UNE_LF_M,PT_LF_SUB,_Z,Y,_T,Y_GE15,_Z,Q,10.2,0,1,A
2012-Q3,POL,UNE_LF_M,PT_LF_SUB,_Z,Y,_T,Y_GE15,_Z,Q,10.5,0,1,A
2012-Q4,POL,UNE_LF_M,PT_LF_SUB,_Z,Y,_T,Y_GE15,_Z,Q,10.56667,0,1,A
2013-Q1,POL,UNE_LF_M,PT_LF_SUB,_Z,Y,_T,Y_GE15,_Z,Q,10.93333,0,1,A
2013-Q3,POL,UNE_LF_M,PT_LF_SUB,_Z,Y,_T,Y_GE15,_Z,Q,10.43333,0,1,A
2014-Q3,POL,UNE_LF_M,PT_LF_SUB,_Z,Y,_T,Y_GE15,_Z,Q,8.666667,0,1,A
2016-Q1,POL,UNE_LF_M,PT_LF_SUB,_Z,Y,_T,Y_GE15,_Z,Q,6.7,0,1,A
2016-Q2,POL,UNE_LF_M,PT_LF_SUB,_Z,Y,_T,Y_GE15,_Z,Q,6.433333,0,1,A
2018-Q1,POL,UNE_LF_M,PT_LF_SUB,_Z,Y,_T,Y_GE15,_Z,Q,3.933333,0,1,A
2018-Q2,POL,UNE_LF_M,PT_LF_SUB,_Z,Y,_T,Y_GE15,_Z,Q,3.766667,0,1,A
2018-Q3,POL,UNE_LF_M,PT_LF_SUB,_Z,Y,_T,Y_GE15,_Z,Q,3.933333,0,1,A
2018-Q4,POL,UNE_LF_M,PT_LF_SUB,_Z,Y,_T,Y_GE15,_Z,Q,3.933333,0,1,A
2020-Q3,POL,UNE_LF_M,PT_LF_SUB,_Z,Y,_T,Y_GE15,_Z,Q,3.366667,0,1,A
2021-Q1,POL,UNE_LF_M,PT_LF_SUB,_Z,Y,_T,Y_GE15,_Z,Q,3.766667,0,1,A
2021-Q2,POL,UNE_LF_M,PT_LF_SUB,_Z,Y,_T,Y_GE15,_Z,Q,3.666667,0,1,A
2021-Q4,POL,UNE_LF_M,PT_LF_SUB,_Z,Y,_T,Y_GE15,_Z,Q,2.966667,0,1,A
2022-Q1,POL,UNE_LF_M,PT_LF_SUB,_Z,Y,_T,Y_GE15,_Z,Q,2.833333,0,1,A
2022-Q3,POL,UNE_LF_M,PT_LF_SUB,_Z,Y,_T,Y_GE15,_Z,Q,2.966667,0,1,A
2023-Q1,POL,UNE_LF_M,PT_LF_SUB,_Z,Y,_T,Y_GE15,_Z,Q,2.666667,0,1,A
2023-Q2,POL,UNE_LF_M,PT_LF_SUB,_Z,Y,_T,Y_GE15,_Z,Q,2.766667,0,1,A
2023-Q4,POL,UNE_LF_M,PT_LF_SUB,_Z,Y,_T,Y_GE15,_Z,Q,3.1,0,1,A
2024-Q4,POL,UNE_LF_M,PT_LF_SUB,_Z,Y,_T,Y_GE15,_Z,Q,2.833333,0,1,A
2025-Q1,POL,UNE_LF_M,PT_LF_SUB,_Z,Y,_T,Y_GE15,_Z,Q,3.1,0,1,A
2013-Q1,PRT,UNE_LF_M,PT_LF_SUB,_Z,Y,_T,Y_GE15,_Z,Q,18.2,0,1,A
2017-Q3,PRT,UNE_LF_M,PT_LF_SUB,_Z,Y,_T,Y_GE15,_Z,Q,9.033334,0,1,A
2009-Q1,SVK,UNE_LF_M,PT_LF_SUB,_Z,Y,_T,Y_GE15,_Z,Q,10.33333,0,1,A
2010-Q2,SVK,UNE_LF_M,PT_LF_SUB,_Z,Y,_T,Y_GE15,_Z,Q,14.6,0,1,A
2010-Q3,SVK,UNE_LF_M,PT_LF_SUB,_Z,Y,_T,Y_GE15,_Z,Q,14.23333,0,1,A
2010-Q4,SVK,UNE_LF_M,PT_LF_SUB,_Z,Y,_T,Y_GE15,_Z,Q,13.83333,0,1,A
2011-Q1,SVK,UNE_LF_M,PT_LF_SUB,_Z,Y,_T,Y_GE15,_Z,Q,13.7,0,1,A
2011-Q2,SVK,UNE_LF_M,PT_LF_SUB,_Z,Y,_T,Y_GE15,_Z,Q,13.56667,0,1,A
2011-Q3,SVK,UNE_LF_M,PT_LF_SUB,_Z,Y,_T,Y_GE15,_Z,Q,13.46667,0,1,A
2011-Q4,SVK,UNE_LF_M,PT_LF_SUB,_Z,Y,_T,Y_GE15,_Z,Q,13.8,0,1,A
2012-Q1,SVK,UNE_LF_M,PT_LF_SUB,_Z,Y,_T,Y_GE15,_Z,Q,13.7,0,1,A
2012-Q2,SVK,UNE_LF_M,PT_LF_SUB,_Z,Y,_T,Y_GE15,_Z,Q,13.8,0,1,A
2012-Q4,SVK,UNE_LF_M,PT_LF_SUB,_Z,Y,_T,Y_GE15,_Z,Q,14.3,0,1,A
2013-Q1,SVK,UNE_LF_M,PT_LF_SUB,_Z,Y,_T,Y_GE15,_Z,Q,14.13333,0,1,A
2013-Q2,SVK,UNE_LF_M,PT_LF_SUB,_Z,Y,_T,Y_GE15,_Z,Q,14.23333,0,1,A
2013-Q3,SVK,UNE_LF_M,PT_LF_SUB,_Z,Y,_T,Y_GE15,_Z,Q,14.03333,0,1,A
2013-Q4,SVK,UNE_LF_M,PT_LF_SUB,_Z,Y,_T,Y_GE15,_Z,Q,14.06667,0,1,A
2014-Q1,SVK,UNE_LF_M,PT_LF_SUB,_Z,Y,_T,Y_GE15,_Z,Q,13.83333,0,1,A
2014-Q2,SVK,UNE_LF_M,PT_LF_SUB,_Z,Y,_T,Y_GE15,_Z,Q,13.4,0,1,A
2015-Q2,SVK,UNE_LF_M,PT_LF_SUB,_Z,Y,_T,Y_GE15,_Z,Q,11.5,0,1,A
2016-Q1,SVK,UNE_LF_M,PT_LF_SUB,_Z,Y,_T,Y_GE15,_Z,Q,10.3,0,1,A
2016-Q2,SVK,UNE_LF_M,PT_LF_SUB,_Z,Y,_T,Y_GE15,_Z,Q,9.733334,0,1,A
2016-Q4,SVK,UNE_LF_M,PT_LF_SUB,_Z,Y,_T,Y_GE15,_Z,Q,9.033334,0,1,A
2017-Q1,SVK,UNE_LF_M,PT_LF_SUB,_Z,Y,_T,Y_GE15,_Z,Q,8.633333,0,1,A
2017-Q2,SVK,UNE_LF_M,PT_LF_SUB,_Z,Y,_T,Y_GE15,_Z,Q,8.2,0,1,A
2017-Q3,SVK,UNE_LF_M,PT_LF_SUB,_Z,Y,_T,Y_GE15,_Z,Q,7.933333,0,1,A
2017-Q4,SVK,UNE_LF_M,PT_LF_SUB,_Z,Y,_T,Y_GE15,_Z,Q,7.6,0,1,A
2018-Q1,SVK,UNE_LF_M,PT_LF_SUB,_Z,Y,_T,Y_GE15,_Z,Q,7.033333,0,1,A
2018-Q2,SVK,UNE_LF_M,PT_LF_SUB,_Z,Y,_T,Y_GE15,_Z,Q,6.666667,0,1,A
2018-Q3,SVK,UNE_LF_M,PT_LF_SUB,_Z,Y,_T,Y_GE15,_Z,Q,6.333333,0,1,A
2018-Q4,SVK,UNE_LF_M,PT_LF_SUB,_Z,Y,_T,Y_GE15,_Z,Q,5.966667,0,1,A
2019-Q1,SVK,UNE_LF_M,PT_LF_SUB,_Z,Y,_T,Y_GE15,_Z,Q,5.733333,0,1,A
2019-Q2,SVK,UNE_LF_M,PT_LF_SUB,_Z,Y,_T,Y_GE15,_Z,Q,5.733333,0,1,A
2019-Q3,SVK,UNE_LF_M,PT_LF_SUB,_Z,Y,_T,Y_GE15,_Z,Q,5.8,0,1,A
2020-Q1,SVK,UNE_LF_M,PT_LF_SUB,_Z,Y,_T,Y_GE15,_Z,Q,5.933333,0,1,A
2020-Q2,SVK,UNE_LF_M,PT_LF_SUB,_Z,Y,_T,Y_GE15,_Z,Q,6.666667,0,1,A
2020-Q3,SVK,UNE_LF_M,PT_LF_SUB,_Z,Y,_T,Y_GE15,_Z,Q,7,0,1,A
2020-Q4,SVK,UNE_LF_M,PT_LF_SUB,_Z,Y,_T,Y_GE15,_Z,Q,6.933333,0,1,A
2021-Q1,SVK,UNE_LF_M,PT_LF_SUB,_Z,Y,_T,Y_GE15,_Z,Q,7.066667,0,1,A
2021-Q2,SVK,UNE_LF_M,PT_LF_SUB,_Z,Y,_T,Y_GE15,_Z,Q,7,0,1,A
2021-Q4,SVK,UNE_LF_M,PT_LF_SUB,_Z,Y,_T,Y_GE15,_Z,Q,6.6,0,1,A
2022-Q1,SVK,UNE_LF_M,PT_LF_SUB,_Z,Y,_T,Y_GE15,_Z,Q,6.333333,0,1,A
2022-Q2,SVK,UNE_LF_M,PT_LF_SUB,_Z,Y,_T,Y_GE15,_Z,Q,6.2,0,1,A
2022-Q3,SVK,UNE_LF_M,PT_LF_SUB,_Z,Y,_T,Y_GE15,_Z,Q,6,0,1,A
2022-Q4,SVK,UNE_LF_M,PT_LF_SUB,_Z,Y,_T,Y_GE15,_Z,Q,6.066667,0,1,A
2023-Q1,SVK,UNE_LF_M,PT_LF_SUB,_Z,Y,_T,Y_GE15,_Z,Q,6.066667,0,1,A
2023-Q2,SVK,UNE_LF_M,PT_LF_SUB,_Z,Y,_T,Y_GE15,_Z,Q,5.833333,0,1,A
2023-Q3,SVK,UNE_LF_M,PT_LF_SUB,_Z,Y,_T,Y_GE15,_Z,Q,5.833333,0,1,A
2023-Q4,SVK,UNE_LF_M,PT_LF_SUB,_Z,Y,_T,Y_GE15,_Z,Q,5.633333,0,1,A
2024-Q2,SVK,UNE_LF_M,PT_LF_SUB,_Z,Y,_T,Y_GE15,_Z,Q,5.3,0,1,A
2024-Q3,SVK,UNE_LF_M,PT_LF_SUB,_Z,Y,_T,Y_GE15,_Z,Q,5.3,0,1,A
2024-Q4,SVK,UNE_LF_M,PT_LF_SUB,_Z,Y,_T,Y_GE15,_Z,Q,5.233333,0,1,A
2025-Q2,SVK,UNE_LF_M,PT_LF_SUB,_Z,Y,_T,Y_GE15,_Z,Q,5.4,0,1,A
2025-Q3,SVK,UNE_LF_M,PT_LF_SUB,_Z,Y,_T,Y_GE15,_Z,Q,5.433333,0,1,A
2025-Q4,SVK,UNE_LF_M,PT_LF_SUB,_Z,Y,_T,Y_GE15,_Z,Q,5.566667,0,1,A
2009-Q1,SVN,UNE_LF_M,PT_LF_SUB,_Z,Y,_T,Y_GE15,_Z,Q,5,0,1,A
2009-Q2,SVN,UNE_LF_M,PT_LF_SUB,_Z,Y,_T,Y_GE15,_Z,Q,5.666667,0,1,A
2010-Q1,SVN,UNE_LF_M,PT_LF_SUB,_Z,Y,_T,Y_GE15,_Z,Q,6.733333,0,1,A
2012-Q2,SVN,UNE_LF_M,PT_LF_SUB,_Z,Y,_T,Y_GE15,_Z,Q,8.433333,0,1,A
2012-Q3,SVN,UNE_LF_M,PT_LF_SUB,_Z,Y,_T,Y_GE15,_Z,Q,9.4,0,1,A
2013-Q1,SVN,UNE_LF_M,PT_LF_SUB,_Z,Y,_T,Y_GE15,_Z,Q,10.5,0,1,A
2013-Q3,SVN,UNE_LF_M,PT_LF_SUB,_Z,Y,_T,Y_GE15,_Z,Q,9.733334,0,1,A
2014-Q2,SVN,UNE_LF_M,PT_LF_SUB,_Z,Y,_T,Y_GE15,_Z,Q,9.5,0,1,A
2014-Q4,SVN,UNE_LF_M,PT_LF_SUB,_Z,Y,_T,Y_GE15,_Z,Q,9.666667,0,1,A
2015-Q1,SVN,UNE_LF_M,PT_LF_SUB,_Z,Y,_T,Y_GE15,_Z,Q,9.233334,0,1,A
2015-Q4,SVN,UNE_LF_M,PT_LF_SUB,_Z,Y,_T,Y_GE15,_Z,Q,8.5,0,1,A
2016-Q1,SVN,UNE_LF_M,PT_LF_SUB,_Z,Y,_T,Y_GE15,_Z,Q,8.333333,0,1,A
2016-Q4,SVN,UNE_LF_M,PT_LF_SUB,_Z,Y,_T,Y_GE15,_Z,Q,8.1,0,1,A
2017-Q1,SVN,UNE_LF_M,PT_LF_SUB,_Z,Y,_T,Y_GE15,_Z,Q,7.366667,0,1,A
2018-Q2,SVN,UNE_LF_M,PT_LF_SUB,_Z,Y,_T,Y_GE15,_Z,Q,5.366667,0,1,A
2020-Q3,SVN,UNE_LF_M,PT_LF_SUB,_Z,Y,_T,Y_GE15,_Z,Q,5,0,1,A
2021-Q1,SVN,UNE_LF_M,PT_LF_SUB,_Z,Y,_T,Y_GE15,_Z,Q,5.4,0,1,A
2022-Q1,SVN,UNE_LF_M,PT_LF_SUB,_Z,Y,_T,Y_GE15,_Z,Q,4.166667,0,1,A
2022-Q2,SVN,UNE_LF_M,PT_LF_SUB,_Z,Y,_T,Y_GE15,_Z,Q,4.433333,0,1,A
2022-Q3,SVN,UNE_LF_M,PT_LF_SUB,_Z,Y,_T,Y_GE15,_Z,Q,3.833333,0,1,A
2022-Q4,SVN,UNE_LF_M,PT_LF_SUB,_Z,Y,_T,Y_GE15,_Z,Q,3.633333,0,1,A
2023-Q3,SVN,UNE_LF_M,PT_LF_SUB,_Z,Y,_T,Y_GE15,_Z,Q,3.633333,0,1,A
2023-Q4,SVN,UNE_LF_M,PT_LF_SUB,_Z,Y,_T,Y_GE15,_Z,Q,3.566667,0,1,A
2024-Q1,SVN,UNE_LF_M,PT_LF_SUB,_Z,Y,_T,Y_GE15,_Z,Q,3.366667,0,1,A
2024-Q3,SVN,UNE_LF_M,PT_LF_SUB,_Z,Y,_T,Y_GE15,_Z,Q,4.066667,0,1,A
2024-Q4,SVN,UNE_LF_M,PT_LF_SUB,_Z,Y,_T,Y_GE15,_Z,Q,3.633333,0,1,A
2025-Q1,SVN,UNE_LF_M,PT_LF_SUB,_Z,Y,_T,Y_GE15,_Z,Q,3.866667,0,1,A
2025-Q2,SVN,UNE_LF_M,PT_LF_SUB,_Z,Y,_T,Y_GE15,_Z,Q,3.433333,0,1,A
2025-Q3,SVN,UNE_LF_M,PT_LF_SUB,_Z,Y,_T,Y_GE15,_Z,Q,3.9,0,1,A
2025-Q4,SVN,UNE_LF_M,PT_LF_SUB,_Z,Y,_T,Y_GE15,_Z,Q,4.166667,0,1,A
2010-Q4,ESP,UNE_LF_M,PT_LF_SUB,_Z,Y,_T,Y_GE15,_Z,Q,20.2,0,1,A
2011-Q4,ESP,UNE_LF_M,PT_LF_SUB,_Z,Y,_T,Y_GE15,_Z,Q,22.63333,0,1,A
2012-Q3,ESP,UNE_LF_M,PT_LF_SUB,_Z,Y,_T,Y_GE15,_Z,Q,25.23333,0,1,A
2014-Q2,ESP,UNE_LF_M,PT_LF_SUB,_Z,Y,_T,Y_GE15,_Z,Q,24.63333,0,1,A
2016-Q4,ESP,UNE_LF_M,PT_LF_SUB,_Z,Y,_T,Y_GE15,_Z,Q,18.73333,0,1,A
2017-Q2,ESP,UNE_LF_M,PT_LF_SUB,_Z,Y,_T,Y_GE15,_Z,Q,17.4,0,1,A
2017-Q4,ESP,UNE_LF_M,PT_LF_SUB,_Z,Y,_T,Y_GE15,_Z,Q,16.63333,0,1,A
2018-Q4,ESP,UNE_LF_M,PT_LF_SUB,_Z,Y,_T,Y_GE15,_Z,Q,14.53333,0,1,A
2022-Q4,ESP,UNE_LF_M,PT_LF_SUB,_Z,Y,_T,Y_GE15,_Z,Q,13.1,0,1,A
2023-Q1,ESP,UNE_LF_M,PT_LF_SUB,_Z,Y,_T,Y_GE15,_Z,Q,12.86667,0,1,A
2025-Q2,ESP,UNE_LF_M,PT_LF_SUB,_Z,Y,_T,Y_GE15,_Z,Q,10.6,0,1,A
2018-Q3,SWE,UNE_LF_M,PT_LF_SUB,_Z,Y,_T,Y_GE15,_Z,Q,6.533333,0,1,A
2022-Q4,SWE,UNE_LF_M,PT_LF_SUB,_Z,Y,_T,Y_GE15,_Z,Q,7.5,0,1,A
2024-Q1,SWE,UNE_LF_M,PT_LF_SUB,_Z,Y,_T,Y_GE15,_Z,Q,8.233334,0,1,A
2024-Q3,SWE,UNE_LF_M,PT_LF_SUB,_Z,Y,_T,Y_GE15,_Z,Q,8.5,0,1,A
2024-Q4,SWE,UNE_LF_M,PT_LF_SUB,_Z,Y,_T,Y_GE15,_Z,Q,8.333333,0,1,A
2025-Q1,SWE,UNE_LF_M,PT_LF_SUB,_Z,Y,_T,Y_GE15,_Z,Q,8.933333,0,1,A
2025-Q2,SWE,UNE_LF_M,PT_LF_SUB,_Z,Y,_T,Y_GE15,_Z,Q,8.7,0,1,A
2025-Q3,SWE,UNE_LF_M,PT_LF_SUB,_Z,Y,_T,Y_GE15,_Z,Q,8.8,0,1,A
2025-Q4,SWE,UNE_LF_M,PT_LF_SUB,_Z,Y,_T,Y_GE15,_Z,Q,9.033334,0,1,A
2006-Q3,EU27_2020,UNE_LF_M,PT_LF_SUB,_Z,Y,_T,Y_GE15,_Z,Q,8.633333,0,1,A
2007-Q3,EU27_2020,UNE_LF_M,PT_LF_SUB,_Z,Y,_T,Y_GE15,_Z,Q,7.5,0,1,A
2009-Q3,EU27_2020,UNE_LF_M,PT_LF_SUB,_Z,Y,_T,Y_GE15,_Z,Q,9.566667,0,1,A
2010-Q2,EU27_2020,UNE_LF_M,PT_LF_SUB,_Z,Y,_T,Y_GE15,_Z,Q,10.16667,0,1,A
2012-Q3,EU27_2020,UNE_LF_M,PT_LF_SUB,_Z,Y,_T,Y_GE15,_Z,Q,11.13333,0,1,A
2012-Q4,EU27_2020,UNE_LF_M,PT_LF_SUB,_Z,Y,_T,Y_GE15,_Z,Q,11.46667,0,1,A
2013-Q3,EU27_2020,UNE_LF_M,PT_LF_SUB,_Z,Y,_T,Y_GE15,_Z,Q,11.53333,0,1,A
2017-Q4,EU27_2020,UNE_LF_M,PT_LF_SUB,_Z,Y,_T,Y_GE15,_Z,Q,7.9,0,1,A
2021-Q2,EU27_2020,UNE_LF_M,PT_LF_SUB,_Z,Y,_T,Y_GE15,_Z,Q,7.366667,0,1,A
2022-Q3,EU27_2020,UNE_LF_M,PT_LF_SUB,_Z,Y,_T,Y_GE15,_Z,Q,6.133333,0,1,A
2022-Q4,EU27_2020,UNE_LF_M,PT_LF_SUB,_Z,Y,_T,Y_GE15,_Z,Q,6.133333,0,1,A
2023-Q3,EU27_2020,UNE_LF_M,PT_LF_SUB,_Z,Y,_T,Y_GE15,_Z,Q,6.066667,0,1,A
2025-Q1,EU27_2020,UNE_LF_M,PT_LF_SUB,_Z,Y,_T,Y_GE15,_Z,Q,6,0,1,A
2025-Q2,EU27_2020,UNE_LF_M,PT_LF_SUB,_Z,Y,_T,Y_GE15,_Z,Q,6,0,1,A
2025-Q4,EU27_2020,UNE_LF_M,PT_LF_SUB,_Z,Y,_T,Y_GE15,_Z,Q,5.966667,0,1,A
2009-Q1,BGR,UNE_LF_M,PT_LF_SUB,_Z,Y,_T,Y_GE15,_Z,Q,7,0,1,A
2010-Q1,BGR,UNE_LF_M,PT_LF_SUB,_Z,Y,_T,Y_GE15,_Z,Q,10.56667,0,1,A
2010-Q4,BGR,UNE_LF_M,PT_LF_SUB,_Z,Y,_T,Y_GE15,_Z,Q,12.4,0,1,A
2011-Q1,BGR,UNE_LF_M,PT_LF_SUB,_Z,Y,_T,Y_GE15,_Z,Q,12.5,0,1,A
2012-Q1,BGR,UNE_LF_M,PT_LF_SUB,_Z,Y,_T,Y_GE15,_Z,Q,13.16667,0,1,A
2012-Q3,BGR,UNE_LF_M,PT_LF_SUB,_Z,Y,_T,Y_GE15,_Z,Q,13.26667,0,1,A
2013-Q1,BGR,UNE_LF_M,PT_LF_SUB,_Z,Y,_T,Y_GE15,_Z,Q,14.1,0,1,A
2015-Q1,BGR,UNE_LF_M,PT_LF_SUB,_Z,Y,_T,Y_GE15,_Z,Q,11,0,1,A
2016-Q4,BGR,UNE_LF_M,PT_LF_SUB,_Z,Y,_T,Y_GE15,_Z,Q,7.833333,0,1,A
2018-Q1,BGR,UNE_LF_M,PT_LF_SUB,_Z,Y,_T,Y_GE15,_Z,Q,6.3,0,1,A
2019-Q1,BGR,UNE_LF_M,PT_LF_SUB,_Z,Y,_T,Y_GE15,_Z,Q,5.533333,0,1,A
2022-Q4,BGR,UNE_LF_M,PT_LF_SUB,_Z,Y,_T,Y_GE15,_Z,Q,3.9,0,1,A
2023-Q4,BGR,UNE_LF_M,PT_LF_SUB,_Z,Y,_T,Y_GE15,_Z,Q,4.366667,0,1,A
2024-Q3,BGR,UNE_LF_M,PT_LF_SUB,_Z,Y,_T,Y_GE15,_Z,Q,3.966667,0,1,A
2024-Q4,BGR,UNE_LF_M,PT_LF_SUB,_Z,Y,_T,Y_GE15,_Z,Q,3.966667,0,1,A
2025-Q3,BGR,UNE_LF_M,PT_LF_SUB,_Z,Y,_T,Y_GE15,_Z,Q,3.733333,0,1,A
2025-Q4,BGR,UNE_LF_M,PT_LF_SUB,_Z,Y,_T,Y_GE15,_Z,Q,3.3,0,1,A
2000-Q1,HRV,UNE_LF_M,PT_LF_SUB,_Z,Y,_T,Y_GE15,_Z,Q,14.8,0,1,A
2000-Q2,HRV,UNE_LF_M,PT_LF_SUB,_Z,Y,_T,Y_GE15,_Z,Q,15.5,0,1,A
2000-Q3,HRV,UNE_LF_M,PT_LF_SUB,_Z,Y,_T,Y_GE15,_Z,Q,16.03333,0,1,A
2000-Q4,HRV,UNE_LF_M,PT_LF_SUB,_Z,Y,_T,Y_GE15,_Z,Q,16.36667,0,1,A
2001-Q2,HRV,UNE_LF_M,PT_LF_SUB,_Z,Y,_T,Y_GE15,_Z,Q,15.96667,0,1,A
2001-Q3,HRV,UNE_LF_M,PT_LF_SUB,_Z,Y,_T,Y_GE15,_Z,Q,15.86667,0,1,A
2001-Q4,HRV,UNE_LF_M,PT_LF_SUB,_Z,Y,_T,Y_GE15,_Z,Q,15.66667,0,1,A
2002-Q3,HRV,UNE_LF_M,PT_LF_SUB,_Z,Y,_T,Y_GE15,_Z,Q,15.23333,0,1,A
2003-Q3,HRV,UNE_LF_M,PT_LF_SUB,_Z,Y,_T,Y_GE15,_Z,Q,14,0,1,A
2003-Q4,HRV,UNE_LF_M,PT_LF_SUB,_Z,Y,_T,Y_GE15,_Z,Q,14.06667,0,1,A
2004-Q3,HRV,UNE_LF_M,PT_LF_SUB,_Z,Y,_T,Y_GE15,_Z,Q,13.8,0,1,A
2004-Q4,HRV,UNE_LF_M,PT_LF_SUB,_Z,Y,_T,Y_GE15,_Z,Q,13.66667,0,1,A
2005-Q1,HRV,UNE_LF_M,PT_LF_SUB,_Z,Y,_T,Y_GE15,_Z,Q,13.53333,0,1,A
2005-Q2,HRV,UNE_LF_M,PT_LF_SUB,_Z,Y,_T,Y_GE15,_Z,Q,13.23333,0,1,A
2005-Q3,HRV,UNE_LF_M,PT_LF_SUB,_Z,Y,_T,Y_GE15,_Z,Q,12.9,0,1,A
2005-Q4,HRV,UNE_LF_M,PT_LF_SUB,_Z,Y,_T,Y_GE15,_Z,Q,12.6,0,1,A
2006-Q1,HRV,UNE_LF_M,PT_LF_SUB,_Z,Y,_T,Y_GE15,_Z,Q,12.2,0,1,A
2006-Q2,HRV,UNE_LF_M,PT_LF_SUB,_Z,Y,_T,Y_GE15,_Z,Q,11.8,0,1,A
2006-Q4,HRV,UNE_LF_M,PT_LF_SUB,_Z,Y,_T,Y_GE15,_Z,Q,11.1,0,1,A
2007-Q1,HRV,UNE_LF_M,PT_LF_SUB,_Z,Y,_T,Y_GE15,_Z,Q,10.33333,0,1,A
2007-Q3,HRV,UNE_LF_M,PT_LF_SUB,_Z,Y,_T,Y_GE15,_Z,Q,10.16667,0,1,A
2007-Q4,HRV,UNE_LF_M,PT_LF_SUB,_Z,Y,_T,Y_GE15,_Z,Q,9.4,0,1,A
2008-Q1,HRV,UNE_LF_M,PT_LF_SUB,_Z,Y,_T,Y_GE15,_Z,Q,8.933333,0,1,A
2008-Q3,HRV,UNE_LF_M,PT_LF_SUB,_Z,Y,_T,Y_GE15,_Z,Q,8.566667,0,1,A
2009-Q1,HRV,UNE_LF_M,PT_LF_SUB,_Z,Y,_T,Y_GE15,_Z,Q,8.566667,0,1,A
2009-Q3,HRV,UNE_LF_M,PT_LF_SUB,_Z,Y,_T,Y_GE15,_Z,Q,9.6,0,1,A
2011-Q2,HRV,UNE_LF_M,PT_LF_SUB,_Z,Y,_T,Y_GE15,_Z,Q,13.26667,0,1,A
2012-Q1,HRV,UNE_LF_M,PT_LF_SUB,_Z,Y,_T,Y_GE15,_Z,Q,14.86667,0,1,A
2012-Q2,HRV,UNE_LF_M,PT_LF_SUB,_Z,Y,_T,Y_GE15,_Z,Q,15.4,0,1,A
2012-Q3,HRV,UNE_LF_M,PT_LF_SUB,_Z,Y,_T,Y_GE15,_Z,Q,16.16667,0,1,A
2012-Q4,HRV,UNE_LF_M,PT_LF_SUB,_Z,Y,_T,Y_GE15,_Z,Q,16.9,0,1,A
2013-Q1,HRV,UNE_LF_M,PT_LF_SUB,_Z,Y,_T,Y_GE15,_Z,Q,17.33333,0,1,A
2013-Q3,HRV,UNE_LF_M,PT_LF_SUB,_Z,Y,_T,Y_GE15,_Z,Q,17.26667,0,1,A
2014-Q1,HRV,UNE_LF_M,PT_LF_SUB,_Z,Y,_T,Y_GE15,_Z,Q,17.66667,0,1,A
2014-Q2,HRV,UNE_LF_M,PT_LF_SUB,_Z,Y,_T,Y_GE15,_Z,Q,17.4,0,1,A
2014-Q3,HRV,UNE_LF_M,PT_LF_SUB,_Z,Y,_T,Y_GE15,_Z,Q,16.83333,0,1,A
2015-Q1,HRV,UNE_LF_M,PT_LF_SUB,_Z,Y,_T,Y_GE15,_Z,Q,16.93333,0,1,A
2015-Q2,HRV,UNE_LF_M,PT_LF_SUB,_Z,Y,_T,Y_GE15,_Z,Q,16.36667,0,1,A
2015-Q3,HRV,UNE_LF_M,PT_LF_SUB,_Z,Y,_T,Y_GE15,_Z,Q,15.73333,0,1,A
2016-Q1,HRV,UNE_LF_M,PT_LF_SUB,_Z,Y,_T,Y_GE15,_Z,Q,14.36667,0,1,A
2016-Q3,HRV,UNE_LF_M,PT_LF_SUB,_Z,Y,_T,Y_GE15,_Z,Q,12.8,0,1,A
2017-Q2,HRV,UNE_LF_M,PT_LF_SUB,_Z,Y,_T,Y_GE15,_Z,Q,11.13333,0,1,A
2018-Q4,HRV,UNE_LF_M,PT_LF_SUB,_Z,Y,_T,Y_GE15,_Z,Q,7.466667,0,1,A
2019-Q4,HRV,UNE_LF_M,PT_LF_SUB,_Z,Y,_T,Y_GE15,_Z,Q,6.2,0,1,A
2020-Q1,HRV,UNE_LF_M,PT_LF_SUB,_Z,Y,_T,Y_GE15,_Z,Q,6.1,0,1,A
2020-Q2,HRV,UNE_LF_M,PT_LF_SUB,_Z,Y,_T,Y_GE15,_Z,Q,7.9,0,1,A
2020-Q3,HRV,UNE_LF_M,PT_LF_SUB,_Z,Y,_T,Y_GE15,_Z,Q,8.2,0,1,A
2021-Q1,HRV,UNE_LF_M,PT_LF_SUB,_Z,Y,_T,Y_GE15,_Z,Q,8.3,0,1,A
2021-Q2,HRV,UNE_LF_M,PT_LF_SUB,_Z,Y,_T,Y_GE15,_Z,Q,7.966667,0,1,A
2021-Q3,HRV,UNE_LF_M,PT_LF_SUB,_Z,Y,_T,Y_GE15,_Z,Q,7.133333,0,1,A
2021-Q4,HRV,UNE_LF_M,PT_LF_SUB,_Z,Y,_T,Y_GE15,_Z,Q,6.566667,0,1,A
2022-Q1,HRV,UNE_LF_M,PT_LF_SUB,_Z,Y,_T,Y_GE15,_Z,Q,6.5,0,1,A
2022-Q2,HRV,UNE_LF_M,PT_LF_SUB,_Z,Y,_T,Y_GE15,_Z,Q,6.733333,0,1,A
2022-Q3,HRV,UNE_LF_M,PT_LF_SUB,_Z,Y,_T,Y_GE15,_Z,Q,6.866667,0,1,A
2023-Q2,HRV,UNE_LF_M,PT_LF_SUB,_Z,Y,_T,Y_GE15,_Z,Q,6.133333,0,1,A
2023-Q3,HRV,UNE_LF_M,PT_LF_SUB,_Z,Y,_T,Y_GE15,_Z,Q,6.066667,0,1,A
2024-Q1,HRV,UNE_LF_M,PT_LF_SUB,_Z,Y,_T,Y_GE15,_Z,Q,5.366667,0,1,A
2024-Q4,HRV,UNE_LF_M,PT_LF_SUB,_Z,Y,_T,Y_GE15,_Z,Q,5,0,1,A
2025-Q2,HRV,UNE_LF_M,PT_LF_SUB,_Z,Y,_T,Y_GE15,_Z,Q,4.8,0,1,A
2025-Q3,HRV,UNE_LF_M,PT_LF_SUB,_Z,Y,_T,Y_GE15,_Z,Q,4.733333,0,1,A
2025-Q4,HRV,UNE_LF_M,PT_LF_SUB,_Z,Y,_T,Y_GE15,_Z,Q,4.633333,0,1,A
2009-Q1,ROU,UNE_LF_M,PT_LF_SUB,_Z,Y,_T,Y_GE15,_Z,Q,8.033334,0,1,A
2009-Q4,ROU,UNE_LF_M,PT_LF_SUB,_Z,Y,_T,Y_GE15,_Z,Q,8.9,0,1,A
2010-Q1,ROU,UNE_LF_M,PT_LF_SUB,_Z,Y,_T,Y_GE15,_Z,Q,9.4,0,1,A
2010-Q3,ROU,UNE_LF_M,PT_LF_SUB,_Z,Y,_T,Y_GE15,_Z,Q,8.9,0,1,A
2011-Q1,ROU,UNE_LF_M,PT_LF_SUB,_Z,Y,_T,Y_GE15,_Z,Q,8.866667,0,1,A
2011-Q2,ROU,UNE_LF_M,PT_LF_SUB,_Z,Y,_T,Y_GE15,_Z,Q,9.133333,0,1,A
2011-Q3,ROU,UNE_LF_M,PT_LF_SUB,_Z,Y,_T,Y_GE15,_Z,Q,9.133333,0,1,A
2012-Q3,ROU,UNE_LF_M,PT_LF_SUB,_Z,Y,_T,Y_GE15,_Z,Q,8.733334,0,1,A
2012-Q4,ROU,UNE_LF_M,PT_LF_SUB,_Z,Y,_T,Y_GE15,_Z,Q,8.633333,0,1,A
2013-Q4,ROU,UNE_LF_M,PT_LF_SUB,_Z,Y,_T,Y_GE15,_Z,Q,8.933333,0,1,A
2014-Q2,ROU,UNE_LF_M,PT_LF_SUB,_Z,Y,_T,Y_GE15,_Z,Q,8.633333,0,1,A
2014-Q4,ROU,UNE_LF_M,PT_LF_SUB,_Z,Y,_T,Y_GE15,_Z,Q,8.533334,0,1,A
2015-Q2,ROU,UNE_LF_M,PT_LF_SUB,_Z,Y,_T,Y_GE15,_Z,Q,8.433333,0,1,A
2015-Q3,ROU,UNE_LF_M,PT_LF_SUB,_Z,Y,_T,Y_GE15,_Z,Q,8.333333,0,1,A
2016-Q2,ROU,UNE_LF_M,PT_LF_SUB,_Z,Y,_T,Y_GE15,_Z,Q,7.3,0,1,A
2017-Q1,ROU,UNE_LF_M,PT_LF_SUB,_Z,Y,_T,Y_GE15,_Z,Q,6.4,0,1,A
2017-Q2,ROU,UNE_LF_M,PT_LF_SUB,_Z,Y,_T,Y_GE15,_Z,Q,6.1,0,1,A
2018-Q2,ROU,UNE_LF_M,PT_LF_SUB,_Z,Y,_T,Y_GE15,_Z,Q,5.3,0,1,A
2018-Q4,ROU,UNE_LF_M,PT_LF_SUB,_Z,Y,_T,Y_GE15,_Z,Q,5.1,0,1,A
2019-Q1,ROU,UNE_LF_M,PT_LF_SUB,_Z,Y,_T,Y_GE15,_Z,Q,5,0,1,A
2019-Q2,ROU,UNE_LF_M,PT_LF_SUB,_Z,Y,_T,Y_GE15,_Z,Q,4.866667,0,1,A
2019-Q3,ROU,UNE_LF_M,PT_LF_SUB,_Z,Y,_T,Y_GE15,_Z,Q,4.9,0,1,A
2019-Q4,ROU,UNE_LF_M,PT_LF_SUB,_Z,Y,_T,Y_GE15,_Z,Q,4.866667,0,1,A
2020-Q2,ROU,UNE_LF_M,PT_LF_SUB,_Z,Y,_T,Y_GE15,_Z,Q,6.466667,0,1,A
2020-Q4,ROU,UNE_LF_M,PT_LF_SUB,_Z,Y,_T,Y_GE15,_Z,Q,6.133333,0,1,A
2021-Q1,ROU,UNE_LF_M,PT_LF_SUB,_Z,Y,_T,Y_GE15,_Z,Q,6.033333,0,1,A
2021-Q2,ROU,UNE_LF_M,PT_LF_SUB,_Z,Y,_T,Y_GE15,_Z,Q,5.366667,0,1,A
2021-Q3,ROU,UNE_LF_M,PT_LF_SUB,_Z,Y,_T,Y_GE15,_Z,Q,5.366667,0,1,A
2021-Q4,ROU,UNE_LF_M,PT_LF_SUB,_Z,Y,_T,Y_GE15,_Z,Q,5.633333,0,1,A
2022-Q1,ROU,UNE_LF_M,PT_LF_SUB,_Z,Y,_T,Y_GE15,_Z,Q,5.933333,0,1,A
2022-Q2,ROU,UNE_LF_M,PT_LF_SUB,_Z,Y,_T,Y_GE15,_Z,Q,5.566667,0,1,A
2022-Q4,ROU,UNE_LF_M,PT_LF_SUB,_Z,Y,_T,Y_GE15,_Z,Q,5.5,0,1,A
2023-Q1,ROU,UNE_LF_M,PT_LF_SUB,_Z,Y,_T,Y_GE15,_Z,Q,5.666667,0,1,A
2023-Q2,ROU,UNE_LF_M,PT_LF_SUB,_Z,Y,_T,Y_GE15,_Z,Q,5.6,0,1,A
2023-Q3,ROU,UNE_LF_M,PT_LF_SUB,_Z,Y,_T,Y_GE15,_Z,Q,5.433333,0,1,A
2023-Q4,ROU,UNE_LF_M,PT_LF_SUB,_Z,Y,_T,Y_GE15,_Z,Q,5.5,0,1,A
2024-Q3,ROU,UNE_LF_M,PT_LF_SUB,_Z,Y,_T,Y_GE15,_Z,Q,5.666667,0,1,A
2025-Q1,ROU,UNE_LF_M,PT_LF_SUB,_Z,Y,_T,Y_GE15,_Z,Q,6.1,0,1,A
2025-Q2,ROU,UNE_LF_M,PT_LF_SUB,_Z,Y,_T,Y_GE15,_Z,Q,6.166667,0,1,A
2025-Q3,ROU,UNE_LF_M,PT_LF_SUB,_Z,Y,_T,Y_GE15,_Z,Q,6,0,1,A
2025-Q4,ROU,UNE_LF_M,PT_LF_SUB,_Z,Y,_T,Y_GE15,_Z,Q,6.166667,0,1,A
2002-Q1,LVA,UNE_LF_M,PT_LF_SUB,_Z,Y,_T,Y_GE15,_Z,Q,12.63333,0,1,A
2002-Q2,LVA,UNE_LF_M,PT_LF_SUB,_Z,Y,_T,Y_GE15,_Z,Q,13.53333,0,1,A
2002-Q3,LVA,UNE_LF_M,PT_LF_SUB,_Z,Y,_T,Y_GE15,_Z,Q,11.5,0,1,A
2002-Q4,LVA,UNE_LF_M,PT_LF_SUB,_Z,Y,_T,Y_GE15,_Z,Q,12.26667,0,1,A
2003-Q2,LVA,UNE_LF_M,PT_LF_SUB,_Z,Y,_T,Y_GE15,_Z,Q,11.8,0,1,A
2003-Q4,LVA,UNE_LF_M,PT_LF_SUB,_Z,Y,_T,Y_GE15,_Z,Q,11.06667,0,1,A
2004-Q1,LVA,UNE_LF_M,PT_LF_SUB,_Z,Y,_T,Y_GE15,_Z,Q,11.83333,0,1,A
2004-Q2,LVA,UNE_LF_M,PT_LF_SUB,_Z,Y,_T,Y_GE15,_Z,Q,11.43333,0,1,A
2004-Q4,LVA,UNE_LF_M,PT_LF_SUB,_Z,Y,_T,Y_GE15,_Z,Q,12.03333,0,1,A
2005-Q1,LVA,UNE_LF_M,PT_LF_SUB,_Z,Y,_T,Y_GE15,_Z,Q,11.1,0,1,A
2005-Q4,LVA,UNE_LF_M,PT_LF_SUB,_Z,Y,_T,Y_GE15,_Z,Q,8.833333,0,1,A
2006-Q1,LVA,UNE_LF_M,PT_LF_SUB,_Z,Y,_T,Y_GE15,_Z,Q,8.2,0,1,A
2006-Q4,LVA,UNE_LF_M,PT_LF_SUB,_Z,Y,_T,Y_GE15,_Z,Q,6.5,0,1,A
2007-Q1,LVA,UNE_LF_M,PT_LF_SUB,_Z,Y,_T,Y_GE15,_Z,Q,6.8,0,1,A
2007-Q2,LVA,UNE_LF_M,PT_LF_SUB,_Z,Y,_T,Y_GE15,_Z,Q,6.133333,0,1,A
2007-Q4,LVA,UNE_LF_M,PT_LF_SUB,_Z,Y,_T,Y_GE15,_Z,Q,5.366667,0,1,A
2008-Q1,LVA,UNE_LF_M,PT_LF_SUB,_Z,Y,_T,Y_GE15,_Z,Q,6.466667,0,1,A
2008-Q2,LVA,UNE_LF_M,PT_LF_SUB,_Z,Y,_T,Y_GE15,_Z,Q,6.5,0,1,A
2008-Q3,LVA,UNE_LF_M,PT_LF_SUB,_Z,Y,_T,Y_GE15,_Z,Q,7.666667,0,1,A
2008-Q4,LVA,UNE_LF_M,PT_LF_SUB,_Z,Y,_T,Y_GE15,_Z,Q,10.5,0,1,A
2009-Q1,LVA,UNE_LF_M,PT_LF_SUB,_Z,Y,_T,Y_GE15,_Z,Q,13.76667,0,1,A
2009-Q2,LVA,UNE_LF_M,PT_LF_SUB,_Z,Y,_T,Y_GE15,_Z,Q,17.06667,0,1,A
2009-Q3,LVA,UNE_LF_M,PT_LF_SUB,_Z,Y,_T,Y_GE15,_Z,Q,19.33333,0,1,A
2009-Q4,LVA,UNE_LF_M,PT_LF_SUB,_Z,Y,_T,Y_GE15,_Z,Q,20.36667,0,1,A
2010-Q1,LVA,UNE_LF_M,PT_LF_SUB,_Z,Y,_T,Y_GE15,_Z,Q,20.6,0,1,A
2010-Q2,LVA,UNE_LF_M,PT_LF_SUB,_Z,Y,_T,Y_GE15,_Z,Q,20.2,0,1,A
2010-Q3,LVA,UNE_LF_M,PT_LF_SUB,_Z,Y,_T,Y_GE15,_Z,Q,19.06667,0,1,A
2010-Q4,LVA,UNE_LF_M,PT_LF_SUB,_Z,Y,_T,Y_GE15,_Z,Q,18.06667,0,1,A
2011-Q1,LVA,UNE_LF_M,PT_LF_SUB,_Z,Y,_T,Y_GE15,_Z,Q,16.96667,0,1,A
2011-Q2,LVA,UNE_LF_M,PT_LF_SUB,_Z,Y,_T,Y_GE15,_Z,Q,16.93333,0,1,A
2011-Q4,LVA,UNE_LF_M,PT_LF_SUB,_Z,Y,_T,Y_GE15,_Z,Q,15.36667,0,1,A
2012-Q1,LVA,UNE_LF_M,PT_LF_SUB,_Z,Y,_T,Y_GE15,_Z,Q,15.73333,0,1,A
2012-Q2,LVA,UNE_LF_M,PT_LF_SUB,_Z,Y,_T,Y_GE15,_Z,Q,16.2,0,1,A
2012-Q3,LVA,UNE_LF_M,PT_LF_SUB,_Z,Y,_T,Y_GE15,_Z,Q,13.96667,0,1,A
2013-Q1,LVA,UNE_LF_M,PT_LF_SUB,_Z,Y,_T,Y_GE15,_Z,Q,12.53333,0,1,A
2013-Q2,LVA,UNE_LF_M,PT_LF_SUB,_Z,Y,_T,Y_GE15,_Z,Q,11.43333,0,1,A
2013-Q3,LVA,UNE_LF_M,PT_LF_SUB,_Z,Y,_T,Y_GE15,_Z,Q,11.96667,0,1,A
2013-Q4,LVA,UNE_LF_M,PT_LF_SUB,_Z,Y,_T,Y_GE15,_Z,Q,11.5,0,1,A
2014-Q1,LVA,UNE_LF_M,PT_LF_SUB,_Z,Y,_T,Y_GE15,_Z,Q,11.4,0,1,A
2014-Q2,LVA,UNE_LF_M,PT_LF_SUB,_Z,Y,_T,Y_GE15,_Z,Q,10.66667,0,1,A
2014-Q4,LVA,UNE_LF_M,PT_LF_SUB,_Z,Y,_T,Y_GE15,_Z,Q,10.4,0,1,A
2015-Q1,LVA,UNE_LF_M,PT_LF_SUB,_Z,Y,_T,Y_GE15,_Z,Q,9.8,0,1,A
2015-Q2,LVA,UNE_LF_M,PT_LF_SUB,_Z,Y,_T,Y_GE15,_Z,Q,9.8,0,1,A
2016-Q1,LVA,UNE_LF_M,PT_LF_SUB,_Z,Y,_T,Y_GE15,_Z,Q,9.8,0,1,A
2016-Q4,LVA,UNE_LF_M,PT_LF_SUB,_Z,Y,_T,Y_GE15,_Z,Q,9.4,0,1,A
2017-Q1,LVA,UNE_LF_M,PT_LF_SUB,_Z,Y,_T,Y_GE15,_Z,Q,8.933333,0,1,A
2018-Q1,LVA,UNE_LF_M,PT_LF_SUB,_Z,Y,_T,Y_GE15,_Z,Q,7.766667,0,1,A
2020-Q2,LVA,UNE_LF_M,PT_LF_SUB,_Z,Y,_T,Y_GE15,_Z,Q,8.6,0,1,A
2020-Q3,LVA,UNE_LF_M,PT_LF_SUB,_Z,Y,_T,Y_GE15,_Z,Q,8.566667,0,1,A
2020-Q4,LVA,UNE_LF_M,PT_LF_SUB,_Z,Y,_T,Y_GE15,_Z,Q,8,0,1,A
2021-Q1,LVA,UNE_LF_M,PT_LF_SUB,_Z,Y,_T,Y_GE15,_Z,Q,7.666667,0,1,A
2021-Q2,LVA,UNE_LF_M,PT_LF_SUB,_Z,Y,_T,Y_GE15,_Z,Q,7.9,0,1,A
2022-Q1,LVA,UNE_LF_M,PT_LF_SUB,_Z,Y,_T,Y_GE15,_Z,Q,6.9,0,1,A
2022-Q2,LVA,UNE_LF_M,PT_LF_SUB,_Z,Y,_T,Y_GE15,_Z,Q,6.666667,0,1,A
2022-Q3,LVA,UNE_LF_M,PT_LF_SUB,_Z,Y,_T,Y_GE15,_Z,Q,7.033333,0,1,A
2022-Q4,LVA,UNE_LF_M,PT_LF_SUB,_Z,Y,_T,Y_GE15,_Z,Q,6.833333,0,1,A
2023-Q2,LVA,UNE_LF_M,PT_LF_SUB,_Z,Y,_T,Y_GE15,_Z,Q,6.4,0,1,A
2023-Q4,LVA,UNE_LF_M,PT_LF_SUB,_Z,Y,_T,Y_GE15,_Z,Q,6.966667,0,1,A
2024-Q1,LVA,UNE_LF_M,PT_LF_SUB,_Z,Y,_T,Y_GE15,_Z,Q,6.866667,0,1,A
2024-Q2,LVA,UNE_LF_M,PT_LF_SUB,_Z,Y,_T,Y_GE15,_Z,Q,6.9,0,1,A
2024-Q4,LVA,UNE_LF_M,PT_LF_SUB,_Z,Y,_T,Y_GE15,_Z,Q,7,0,1,A
2025-Q1,LVA,UNE_LF_M,PT_LF_SUB,_Z,Y,_T,Y_GE15,_Z,Q,7.066667,0,1,A
2025-Q2,LVA,UNE_LF_M,PT_LF_SUB,_Z,Y,_T,Y_GE15,_Z,Q,6.666667,0,1,A
2025-Q3,LVA,UNE_LF_M,PT_LF_SUB,_Z,Y,_T,Y_GE15,_Z,Q,7.133333,0,1,A
2025-Q4,LVA,UNE_LF_M,PT_LF_SUB,_Z,Y,_T,Y_GE15,_Z,Q,6.9,0,1,A
2009-Q1,EST,UNE_LF_M,PT_LF_SUB,_Z,Y,_T,Y_GE15,_Z,Q,10.86667,0,1,A
2009-Q2,EST,UNE_LF_M,PT_LF_SUB,_Z,Y,_T,Y_GE15,_Z,Q,12.8,0,1,A
2009-Q3,EST,UNE_LF_M,PT_LF_SUB,_Z,Y,_T,Y_GE15,_Z,Q,14.7,0,1,A
2009-Q4,EST,UNE_LF_M,PT_LF_SUB,_Z,Y,_T,Y_GE15,_Z,Q,16,0,1,A
2010-Q1,EST,UNE_LF_M,PT_LF_SUB,_Z,Y,_T,Y_GE15,_Z,Q,18.2,0,1,A
2010-Q2,EST,UNE_LF_M,PT_LF_SUB,_Z,Y,_T,Y_GE15,_Z,Q,17.73333,0,1,A
2010-Q3,EST,UNE_LF_M,PT_LF_SUB,_Z,Y,_T,Y_GE15,_Z,Q,15.8,0,1,A
2010-Q4,EST,UNE_LF_M,PT_LF_SUB,_Z,Y,_T,Y_GE15,_Z,Q,14.33333,0,1,A
2011-Q1,EST,UNE_LF_M,PT_LF_SUB,_Z,Y,_T,Y_GE15,_Z,Q,13.8,0,1,A
2011-Q2,EST,UNE_LF_M,PT_LF_SUB,_Z,Y,_T,Y_GE15,_Z,Q,12.76667,0,1,A
2011-Q3,EST,UNE_LF_M,PT_LF_SUB,_Z,Y,_T,Y_GE15,_Z,Q,11.36667,0,1,A
2011-Q4,EST,UNE_LF_M,PT_LF_SUB,_Z,Y,_T,Y_GE15,_Z,Q,11.3,0,1,A
2012-Q1,EST,UNE_LF_M,PT_LF_SUB,_Z,Y,_T,Y_GE15,_Z,Q,10.83333,0,1,A
2012-Q2,EST,UNE_LF_M,PT_LF_SUB,_Z,Y,_T,Y_GE15,_Z,Q,9.9,0,1,A
2012-Q3,EST,UNE_LF_M,PT_LF_SUB,_Z,Y,_T,Y_GE15,_Z,Q,9.566667,0,1,A
2012-Q4,EST,UNE_LF_M,PT_LF_SUB,_Z,Y,_T,Y_GE15,_Z,Q,9.266666,0,1,A
2013-Q1,EST,UNE_LF_M,PT_LF_SUB,_Z,Y,_T,Y_GE15,_Z,Q,9.333333,0,1,A
2013-Q2,EST,UNE_LF_M,PT_LF_SUB,_Z,Y,_T,Y_GE15,_Z,Q,7.9,0,1,A
2013-Q3,EST,UNE_LF_M,PT_LF_SUB,_Z,Y,_T,Y_GE15,_Z,Q,8.066667,0,1,A
2013-Q4,EST,UNE_LF_M,PT_LF_SUB,_Z,Y,_T,Y_GE15,_Z,Q,8.633333,0,1,A
2014-Q1,EST,UNE_LF_M,PT_LF_SUB,_Z,Y,_T,Y_GE15,_Z,Q,8.1,0,1,A
2014-Q2,EST,UNE_LF_M,PT_LF_SUB,_Z,Y,_T,Y_GE15,_Z,Q,7.133333,0,1,A
2014-Q3,EST,UNE_LF_M,PT_LF_SUB,_Z,Y,_T,Y_GE15,_Z,Q,7.5,0,1,A
2014-Q4,EST,UNE_LF_M,PT_LF_SUB,_Z,Y,_T,Y_GE15,_Z,Q,6.566667,0,1,A
2015-Q1,EST,UNE_LF_M,PT_LF_SUB,_Z,Y,_T,Y_GE15,_Z,Q,6.533333,0,1,A
2015-Q2,EST,UNE_LF_M,PT_LF_SUB,_Z,Y,_T,Y_GE15,_Z,Q,6.533333,0,1,A
2015-Q3,EST,UNE_LF_M,PT_LF_SUB,_Z,Y,_T,Y_GE15,_Z,Q,5.833333,0,1,A
2015-Q4,EST,UNE_LF_M,PT_LF_SUB,_Z,Y,_T,Y_GE15,_Z,Q,6.6,0,1,A
2016-Q1,EST,UNE_LF_M,PT_LF_SUB,_Z,Y,_T,Y_GE15,_Z,Q,6.533333,0,1,A
2016-Q2,EST,UNE_LF_M,PT_LF_SUB,_Z,Y,_T,Y_GE15,_Z,Q,6.6,0,1,A
2016-Q3,EST,UNE_LF_M,PT_LF_SUB,_Z,Y,_T,Y_GE15,_Z,Q,7.4,0,1,A
2016-Q4,EST,UNE_LF_M,PT_LF_SUB,_Z,Y,_T,Y_GE15,_Z,Q,6.833333,0,1,A
2017-Q1,EST,UNE_LF_M,PT_LF_SUB,_Z,Y,_T,Y_GE15,_Z,Q,5.7,0,1,A
2017-Q2,EST,UNE_LF_M,PT_LF_SUB,_Z,Y,_T,Y_GE15,_Z,Q,6.233333,0,1,A
2017-Q3,EST,UNE_LF_M,PT_LF_SUB,_Z,Y,_T,Y_GE15,_Z,Q,5.633333,0,1,A
2017-Q4,EST,UNE_LF_M,PT_LF_SUB,_Z,Y,_T,Y_GE15,_Z,Q,5.733333,0,1,A
2018-Q1,EST,UNE_LF_M,PT_LF_SUB,_Z,Y,_T,Y_GE15,_Z,Q,6.233333,0,1,A
2018-Q2,EST,UNE_LF_M,PT_LF_SUB,_Z,Y,_T,Y_GE15,_Z,Q,5.066667,0,1,A
2018-Q3,EST,UNE_LF_M,PT_LF_SUB,_Z,Y,_T,Y_GE15,_Z,Q,5.5,0,1,A
2018-Q4,EST,UNE_LF_M,PT_LF_SUB,_Z,Y,_T,Y_GE15,_Z,Q,4.7,0,1,A
2019-Q1,EST,UNE_LF_M,PT_LF_SUB,_Z,Y,_T,Y_GE15,_Z,Q,4.4,0,1,A
2019-Q2,EST,UNE_LF_M,PT_LF_SUB,_Z,Y,_T,Y_GE15,_Z,Q,4.9,0,1,A
2019-Q3,EST,UNE_LF_M,PT_LF_SUB,_Z,Y,_T,Y_GE15,_Z,Q,4.266667,0,1,A
2019-Q4,EST,UNE_LF_M,PT_LF_SUB,_Z,Y,_T,Y_GE15,_Z,Q,4.366667,0,1,A
2020-Q1,EST,UNE_LF_M,PT_LF_SUB,_Z,Y,_T,Y_GE15,_Z,Q,4.933333,0,1,A
2020-Q2,EST,UNE_LF_M,PT_LF_SUB,_Z,Y,_T,Y_GE15,_Z,Q,7.033333,0,1,A
2020-Q3,EST,UNE_LF_M,PT_LF_SUB,_Z,Y,_T,Y_GE15,_Z,Q,7.9,0,1,A
2020-Q4,EST,UNE_LF_M,PT_LF_SUB,_Z,Y,_T,Y_GE15,_Z,Q,7.7,0,1,A
2021-Q1,EST,UNE_LF_M,PT_LF_SUB,_Z,Y,_T,Y_GE15,_Z,Q,6.833333,0,1,A
2021-Q2,EST,UNE_LF_M,PT_LF_SUB,_Z,Y,_T,Y_GE15,_Z,Q,6.6,0,1,A
2021-Q3,EST,UNE_LF_M,PT_LF_SUB,_Z,Y,_T,Y_GE15,_Z,Q,6.033333,0,1,A
2021-Q4,EST,UNE_LF_M,PT_LF_SUB,_Z,Y,_T,Y_GE15,_Z,Q,5.3,0,1,A
2022-Q1,EST,UNE_LF_M,PT_LF_SUB,_Z,Y,_T,Y_GE15,_Z,Q,5.533333,0,1,A
2022-Q2,EST,UNE_LF_M,PT_LF_SUB,_Z,Y,_T,Y_GE15,_Z,Q,5.7,0,1,A
2022-Q3,EST,UNE_LF_M,PT_LF_SUB,_Z,Y,_T,Y_GE15,_Z,Q,5.733333,0,1,A
2022-Q4,EST,UNE_LF_M,PT_LF_SUB,_Z,Y,_T,Y_GE15,_Z,Q,5.4,0,1,A
2023-Q1,EST,UNE_LF_M,PT_LF_SUB,_Z,Y,_T,Y_GE15,_Z,Q,5.3,0,1,A
2023-Q2,EST,UNE_LF_M,PT_LF_SUB,_Z,Y,_T,Y_GE15,_Z,Q,6.666667,0,1,A
2023-Q3,EST,UNE_LF_M,PT_LF_SUB,_Z,Y,_T,Y_GE15,_Z,Q,7.3,0,1,A
2023-Q4,EST,UNE_LF_M,PT_LF_SUB,_Z,Y,_T,Y_GE15,_Z,Q,6.5,0,1,A
2024-Q1,EST,UNE_LF_M,PT_LF_SUB,_Z,Y,_T,Y_GE15,_Z,Q,7.466667,0,1,A
2024-Q2,EST,UNE_LF_M,PT_LF_SUB,_Z,Y,_T,Y_GE15,_Z,Q,7.533333,0,1,A
2024-Q3,EST,UNE_LF_M,PT_LF_SUB,_Z,Y,_T,Y_GE15,_Z,Q,7.866667,0,1,A
2024-Q4,EST,UNE_LF_M,PT_LF_SUB,_Z,Y,_T,Y_GE15,_Z,Q,7.6,0,1,A
2025-Q1,EST,UNE_LF_M,PT_LF_SUB,_Z,Y,_T,Y_GE15,_Z,Q,7.9,0,1,A
2025-Q2,EST,UNE_LF_M,PT_LF_SUB,_Z,Y,_T,Y_GE15,_Z,Q,7.666667,0,1,A
2025-Q3,EST,UNE_LF_M,PT_LF_SUB,_Z,Y,_T,Y_GE15,_Z,Q,7.566667,0,1,A
2025-Q4,EST,UNE_LF_M,PT_LF_SUB,_Z,Y,_T,Y_GE15,_Z,Q,6.633333,0,1,A
1998-Q1,LTU,UNE_LF_M,PT_LF_SUB,_Z,Y,_T,Y_GE15,_Z,Q,13.93333,0,1,A
2022-Q1,LTU,UNE_LF_M,PT_LF_SUB,_Z,Y,_T,Y_GE15,_Z,Q,6.133333,0,1,A
2022-Q2,LTU,UNE_LF_M,PT_LF_SUB,_Z,Y,_T,Y_GE15,_Z,Q,5.933333,0,1,A
2022-Q4,LTU,UNE_LF_M,PT_LF_SUB,_Z,Y,_T,Y_GE15,_Z,Q,6.166667,0,1,A
2023-Q1,LTU,UNE_LF_M,PT_LF_SUB,_Z,Y,_T,Y_GE15,_Z,Q,6.733333,0,1,A
2023-Q2,LTU,UNE_LF_M,PT_LF_SUB,_Z,Y,_T,Y_GE15,_Z,Q,6.633333,0,1,A
2023-Q3,LTU,UNE_LF_M,PT_LF_SUB,_Z,Y,_T,Y_GE15,_Z,Q,6.833333,0,1,A
2023-Q4,LTU,UNE_LF_M,PT_LF_SUB,_Z,Y,_T,Y_GE15,_Z,Q,7.166667,0,1,A
2024-Q1,LTU,UNE_LF_M,PT_LF_SUB,_Z,Y,_T,Y_GE15,_Z,Q,7.333333,0,1,A
2024-Q2,LTU,UNE_LF_M,PT_LF_SUB,_Z,Y,_T,Y_GE15,_Z,Q,7.133333,0,1,A
2024-Q3,LTU,UNE_LF_M,PT_LF_SUB,_Z,Y,_T,Y_GE15,_Z,Q,7.1,0,1,A
2024-Q4,LTU,UNE_LF_M,PT_LF_SUB,_Z,Y,_T,Y_GE15,_Z,Q,6.766667,0,1,A
2025-Q1,LTU,UNE_LF_M,PT_LF_SUB,_Z,Y,_T,Y_GE15,_Z,Q,6.733333,0,1,A
2025-Q2,LTU,UNE_LF_M,PT_LF_SUB,_Z,Y,_T,Y_GE15,_Z,Q,6.966667,0,1,A
2025-Q3,LTU,UNE_LF_M,PT_LF_SUB,_Z,Y,_T,Y_GE15,_Z,Q,6.766667,0,1,A
2025-Q4,LTU,UNE_LF_M,PT_LF_SUB,_Z,Y,_T,Y_GE15,_Z,Q,6.7,0,1,A
2010-Q3,CRI,UNE_LF_M,PT_LF_SUB,_Z,Y,_T,Y_GE15,_Z,Q,8.673522,0,1,A
2010-Q4,CRI,UNE_LF_M,PT_LF_SUB,_Z,Y,_T,Y_GE15,_Z,Q,9.253862,0,1,A
2011-Q1,CRI,UNE_LF_M,PT_LF_SUB,_Z,Y,_T,Y_GE15,_Z,Q,9.848454,0,1,A
2011-Q2,CRI,UNE_LF_M,PT_LF_SUB,_Z,Y,_T,Y_GE15,_Z,Q,9.833297,0,1,A
2011-Q3,CRI,UNE_LF_M,PT_LF_SUB,_Z,Y,_T,Y_GE15,_Z,Q,10.93079,0,1,A
2011-Q4,CRI,UNE_LF_M,PT_LF_SUB,_Z,Y,_T,Y_GE15,_Z,Q,10.55641,0,1,A
2012-Q1,CRI,UNE_LF_M,PT_LF_SUB,_Z,Y,_T,Y_GE15,_Z,Q,10.60905,0,1,A
2012-Q2,CRI,UNE_LF_M,PT_LF_SUB,_Z,Y,_T,Y_GE15,_Z,Q,10.22197,0,1,A
2012-Q3,CRI,UNE_LF_M,PT_LF_SUB,_Z,Y,_T,Y_GE15,_Z,Q,9.969249,0,1,A
2012-Q4,CRI,UNE_LF_M,PT_LF_SUB,_Z,Y,_T,Y_GE15,_Z,Q,9.910968,0,1,A
2013-Q1,CRI,UNE_LF_M,PT_LF_SUB,_Z,Y,_T,Y_GE15,_Z,Q,9.764469,0,1,A
2013-Q2,CRI,UNE_LF_M,PT_LF_SUB,_Z,Y,_T,Y_GE15,_Z,Q,10.49317,0,1,A
2013-Q3,CRI,UNE_LF_M,PT_LF_SUB,_Z,Y,_T,Y_GE15,_Z,Q,8.933922,0,1,A
2013-Q4,CRI,UNE_LF_M,PT_LF_SUB,_Z,Y,_T,Y_GE15,_Z,Q,8.356793,0,1,A
2014-Q1,CRI,UNE_LF_M,PT_LF_SUB,_Z,Y,_T,Y_GE15,_Z,Q,9.834189,0,1,A
2014-Q2,CRI,UNE_LF_M,PT_LF_SUB,_Z,Y,_T,Y_GE15,_Z,Q,9.060143,0,1,A
2014-Q3,CRI,UNE_LF_M,PT_LF_SUB,_Z,Y,_T,Y_GE15,_Z,Q,9.933903,0,1,A
2014-Q4,CRI,UNE_LF_M,PT_LF_SUB,_Z,Y,_T,Y_GE15,_Z,Q,9.658238,0,1,A
2015-Q1,CRI,UNE_LF_M,PT_LF_SUB,_Z,Y,_T,Y_GE15,_Z,Q,10.15613,0,1,A
2015-Q2,CRI,UNE_LF_M,PT_LF_SUB,_Z,Y,_T,Y_GE15,_Z,Q,9.483934,0,1,A
2015-Q3,CRI,UNE_LF_M,PT_LF_SUB,_Z,Y,_T,Y_GE15,_Z,Q,9.230853,0,1,A
2015-Q4,CRI,UNE_LF_M,PT_LF_SUB,_Z,Y,_T,Y_GE15,_Z,Q,9.600916,0,1,A
2016-Q1,CRI,UNE_LF_M,PT_LF_SUB,_Z,Y,_T,Y_GE15,_Z,Q,9.506897,0,1,A
2016-Q2,CRI,UNE_LF_M,PT_LF_SUB,_Z,Y,_T,Y_GE15,_Z,Q,9.405438,0,1,A
2016-Q3,CRI,UNE_LF_M,PT_LF_SUB,_Z,Y,_T,Y_GE15,_Z,Q,9.679549,0,1,A
2016-Q4,CRI,UNE_LF_M,PT_LF_SUB,_Z,Y,_T,Y_GE15,_Z,Q,9.575646,0,1,A
2017-Q1,CRI,UNE_LF_M,PT_LF_SUB,_Z,Y,_T,Y_GE15,_Z,Q,9.124197,0,1,A
2017-Q2,CRI,UNE_LF_M,PT_LF_SUB,_Z,Y,_T,Y_GE15,_Z,Q,8.532363,0,1,A
2017-Q3,CRI,UNE_LF_M,PT_LF_SUB,_Z,Y,_T,Y_GE15,_Z,Q,9.360992,0,1,A
2017-Q4,CRI,UNE_LF_M,PT_LF_SUB,_Z,Y,_T,Y_GE15,_Z,Q,9.252237,0,1,A
2018-Q1,CRI,UNE_LF_M,PT_LF_SUB,_Z,Y,_T,Y_GE15,_Z,Q,10.21423,0,1,A
2018-Q2,CRI,UNE_LF_M,PT_LF_SUB,_Z,Y,_T,Y_GE15,_Z,Q,8.7255490000000009,0,1,A
2018-Q3,CRI,UNE_LF_M,PT_LF_SUB,_Z,Y,_T,Y_GE15,_Z,Q,10.17194,0,1,A
2018-Q4,CRI,UNE_LF_M,PT_LF_SUB,_Z,Y,_T,Y_GE15,_Z,Q,11.96772,0,1,A
2019-Q1,CRI,UNE_LF_M,PT_LF_SUB,_Z,Y,_T,Y_GE15,_Z,Q,11.24853,0,1,A
2019-Q2,CRI,UNE_LF_M,PT_LF_SUB,_Z,Y,_T,Y_GE15,_Z,Q,11.92031,0,1,A
2019-Q3,CRI,UNE_LF_M,PT_LF_SUB,_Z,Y,_T,Y_GE15,_Z,Q,11.33512,0,1,A
2019-Q4,CRI,UNE_LF_M,PT_LF_SUB,_Z,Y,_T,Y_GE15,_Z,Q,12.44796,0,1,A
2020-Q1,CRI,UNE_LF_M,PT_LF_SUB,_Z,Y,_T,Y_GE15,_Z,Q,12.45242,0,1,A
2020-Q2,CRI,UNE_LF_M,PT_LF_SUB,_Z,Y,_T,Y_GE15,_Z,Q,23.95814,0,1,A
2020-Q3,CRI,UNE_LF_M,PT_LF_SUB,_Z,Y,_T,Y_GE15,_Z,Q,21.87175,0,1,A
2020-Q4,CRI,UNE_LF_M,PT_LF_SUB,_Z,Y,_T,Y_GE15,_Z,Q,20.03593,0,1,A
2021-Q1,CRI,UNE_LF_M,PT_LF_SUB,_Z,Y,_T,Y_GE15,_Z,Q,18.69602,0,1,A
2021-Q2,CRI,UNE_LF_M,PT_LF_SUB,_Z,Y,_T,Y_GE15,_Z,Q,18.04579,0,1,A
2021-Q3,CRI,UNE_LF_M,PT_LF_SUB,_Z,Y,_T,Y_GE15,_Z,Q,15.30788,0,1,A
2021-Q4,CRI,UNE_LF_M,PT_LF_SUB,_Z,Y,_T,Y_GE15,_Z,Q,13.68327,0,1,A
2022-Q1,CRI,UNE_LF_M,PT_LF_SUB,_Z,Y,_T,Y_GE15,_Z,Q,13.5392,0,1,A
2022-Q2,CRI,UNE_LF_M,PT_LF_SUB,_Z,Y,_T,Y_GE15,_Z,Q,11.675840000000001,0,1,A
2022-Q4,CRI,UNE_LF_M,PT_LF_SUB,_Z,Y,_T,Y_GE15,_Z,Q,11.68584,0,1,A
2023-Q1,CRI,UNE_LF_M,PT_LF_SUB,_Z,Y,_T,Y_GE15,_Z,Q,10.55235,0,1,A
2023-Q2,CRI,UNE_LF_M,PT_LF_SUB,_Z,Y,_T,Y_GE15,_Z,Q,9.558416,0,1,A
2023-Q3,CRI,UNE_LF_M,PT_LF_SUB,_Z,Y,_T,Y_GE15,_Z,Q,8.124215,0,1,A
2023-Q4,CRI,UNE_LF_M,PT_LF_SUB,_Z,Y,_T,Y_GE15,_Z,Q,7.280163,0,1,A
2024-Q1,CRI,UNE_LF_M,PT_LF_SUB,_Z,Y,_T,Y_GE15,_Z,Q,7.807399,0,1,A
2024-Q2,CRI,UNE_LF_M,PT_LF_SUB,_Z,Y,_T,Y_GE15,_Z,Q,8.507128,0,1,A
2024-Q3,CRI,UNE_LF_M,PT_LF_SUB,_Z,Y,_T,Y_GE15,_Z,Q,6.609055,0,1,A
2024-Q4,CRI,UNE_LF_M,PT_LF_SUB,_Z,Y,_T,Y_GE15,_Z,Q,6.885652,0,1,A
2025-Q1,CRI,UNE_LF_M,PT_LF_SUB,_Z,Y,_T,Y_GE15,_Z,Q,7.453269,0,1,A
2025-Q2,CRI,UNE_LF_M,PT_LF_SUB,_Z,Y,_T,Y_GE15,_Z,Q,7.382634,0,1,A
2025-Q3,CRI,UNE_LF_M,PT_LF_SUB,_Z,Y,_T,Y_GE15,_Z,Q,5.761569,0,1,A
2025-Q4,CRI,UNE_LF_M,PT_LF_SUB,_Z,Y,_T,Y_GE15,_Z,Q,6.34654,0,1,A
2025-Q4,USA,UNE_LF_M,PT_LF_SUB,_Z,Y,_T,Y_GE15,_Z,Q,4.45,0,1,A
2003-Q4,AUT,UNE_LF_M,PT_LF_SUB,_Z,Y,_T,Y_GE15,_Z,Q,5.033333,0,1,B
2002-Q4,FRA,UNE_LF_M,PT_LF_SUB,_Z,Y,_T,Y_GE15,_Z,Q,8.566667,0,1,B
2011-Q4,ISR,UNE_LF_M,PT_LF_SUB,_Z,Y,_T,Y_GE15,_Z,Q,5.4,0,1,B
2024-Q4,ISR,UNE_LF_M,PT_LF_SUB,_Z,Y,_T,Y_GE15,_Z,Q,2.720247,0,1,B
1990-Q4,KOR,UNE_LF_M,PT_LF_SUB,_Z,Y,_T,Y_GE15,_Z,Q,2.566667,0,1,B
1999-Q2,KOR,UNE_LF_M,PT_LF_SUB,_Z,Y,_T,Y_GE15,_Z,Q,7,0,1,B
2004-Q4,MEX,UNE_LF_M,PT_LF_SUB,_Z,Y,_T,Y_GE15,_Z,Q,3.934365,0,1,B
2002-Q4,NLD,UNE_LF_M,PT_LF_SUB,_Z,Y,_T,Y_GE15,_Z,Q,4.1,0,1,B
1995-Q4,NOR,UNE_LF_M,PT_LF_SUB,_Z,Y,_T,Y_GE15,_Z,Q,5.066667,0,1,B
1997-Q1,NOR,UNE_LF_M,PT_LF_SUB,_Z,Y,_T,Y_GE15,_Z,Q,4.2,0,1,B
2005-Q4,NOR,UNE_LF_M,PT_LF_SUB,_Z,Y,_T,Y_GE15,_Z,Q,4.4,0,1,B
2000-Q4,SWE,UNE_LF_M,PT_LF_SUB,_Z,Y,_T,Y_GE15,_Z,Q,5.1,0,1,B
2005-Q1,SWE,UNE_LF_M,PT_LF_SUB,_Z,Y,_T,Y_GE15,_Z,Q,7.366667,0,1,B
2018-Q2,SWE,UNE_LF_M,PT_LF_SUB,_Z,Y,_T,Y_GE15,_Z,Q,6.433333,0,1,B
2009-Q2,CHE,UNE_LF_M,PT_LF_SUB,_Z,Y,_T,Y_GE15,_Z,Q,4.115837,0,1,B
2006-Q4,TUR,UNE_LF_M,PT_LF_SUB,_Z,Y,_T,Y_GE15,_Z,Q,8.766666,0,1,B
2013-Q4,TUR,UNE_LF_M,PT_LF_SUB,_Z,Y,_T,Y_GE15,_Z,Q,9.133333,0,1,B
2008-Q4,BEL,UNE_LF_M,PT_LF_SUB,_Z,Y,_T,Y_GE15,_Z,Q,6.833333,0,1,B
2008-Q4,EST,UNE_LF_M,PT_LF_SUB,_Z,Y,_T,Y_GE15,_Z,Q,7.933333,0,1,B
2008-Q4,FIN,UNE_LF_M,PT_LF_SUB,_Z,Y,_T,Y_GE15,_Z,Q,6.566667,0,1,B
2008-Q4,HUN,UNE_LF_M,PT_LF_SUB,_Z,Y,_T,Y_GE15,_Z,Q,8.2,0,1,B
2008-Q4,POL,UNE_LF_M,PT_LF_SUB,_Z,Y,_T,Y_GE15,_Z,Q,6.8,0,1,B
2008-Q4,SVK,UNE_LF_M,PT_LF_SUB,_Z,Y,_T,Y_GE15,_Z,Q,8.9,0,1,B
2003-Q4,ITA,UNE_LF_M,PT_LF_SUB,_Z,Y,_T,Y_GE15,_Z,Q,8.2,0,1,B
1983-Q1,ITA,UNE_LF_M,PT_LF_SUB,_Z,Y,_T,Y_GE15,_Z,Q,7.066667,0,1,P
1983-Q2,ITA,UNE_LF_M,PT_LF_SUB,_Z,Y,_T,Y_GE15,_Z,Q,7.266667,0,1,P
1983-Q3,ITA,UNE_LF_M,PT_LF_SUB,_Z,Y,_T,Y_GE15,_Z,Q,7.433333,0,1,P
1983-Q4,ITA,UNE_LF_M,PT_LF_SUB,_Z,Y,_T,Y_GE15,_Z,Q,7.7,0,1,P
1984-Q1,ITA,UNE_LF_M,PT_LF_SUB,_Z,Y,_T,Y_GE15,_Z,Q,7.866667,0,1,P
1984-Q2,ITA,UNE_LF_M,PT_LF_SUB,_Z,Y,_T,Y_GE15,_Z,Q,7.833333,0,1,P
1984-Q3,ITA,UNE_LF_M,PT_LF_SUB,_Z,Y,_T,Y_GE15,_Z,Q,7.8,0,1,P
1984-Q4,ITA,UNE_LF_M,PT_LF_SUB,_Z,Y,_T,Y_GE15,_Z,Q,7.833333,0,1,P
1985-Q1,ITA,UNE_LF_M,PT_LF_SUB,_Z,Y,_T,Y_GE15,_Z,Q,8,0,1,P
1985-Q2,ITA,UNE_LF_M,PT_LF_SUB,_Z,Y,_T,Y_GE15,_Z,Q,8.033334,0,1,P
1985-Q3,ITA,UNE_LF_M,PT_LF_SUB,_Z,Y,_T,Y_GE15,_Z,Q,8.233334,0,1,P
1985-Q4,ITA,UNE_LF_M,PT_LF_SUB,_Z,Y,_T,Y_GE15,_Z,Q,8.4,0,1,P
1986-Q1,ITA,UNE_LF_M,PT_LF_SUB,_Z,Y,_T,Y_GE15,_Z,Q,8.566667,0,1,P
1986-Q2,ITA,UNE_LF_M,PT_LF_SUB,_Z,Y,_T,Y_GE15,_Z,Q,8.766666,0,1,P
1986-Q3,ITA,UNE_LF_M,PT_LF_SUB,_Z,Y,_T,Y_GE15,_Z,Q,9,0,1,P
1986-Q4,ITA,UNE_LF_M,PT_LF_SUB,_Z,Y,_T,Y_GE15,_Z,Q,9.133333,0,1,P
1987-Q1,ITA,UNE_LF_M,PT_LF_SUB,_Z,Y,_T,Y_GE15,_Z,Q,9.266666,0,1,P
1987-Q2,ITA,UNE_LF_M,PT_LF_SUB,_Z,Y,_T,Y_GE15,_Z,Q,9.666667,0,1,P
1987-Q3,ITA,UNE_LF_M,PT_LF_SUB,_Z,Y,_T,Y_GE15,_Z,Q,9.8,0,1,P
1987-Q4,ITA,UNE_LF_M,PT_LF_SUB,_Z,Y,_T,Y_GE15,_Z,Q,9.733334,0,1,P
1988-Q1,ITA,UNE_LF_M,PT_LF_SUB,_Z,Y,_T,Y_GE15,_Z,Q,9.7,0,1,P
1988-Q2,ITA,UNE_LF_M,PT_LF_SUB,_Z,Y,_T,Y_GE15,_Z,Q,9.633333,0,1,P
1988-Q3,ITA,UNE_LF_M,PT_LF_SUB,_Z,Y,_T,Y_GE15,_Z,Q,9.6,0,1,P
1988-Q4,ITA,UNE_LF_M,PT_LF_SUB,_Z,Y,_T,Y_GE15,_Z,Q,9.8,0,1,P
1989-Q1,ITA,UNE_LF_M,PT_LF_SUB,_Z,Y,_T,Y_GE15,_Z,Q,9.8,0,1,P
1989-Q2,ITA,UNE_LF_M,PT_LF_SUB,_Z,Y,_T,Y_GE15,_Z,Q,9.8,0,1,P
1989-Q3,ITA,UNE_LF_M,PT_LF_SUB,_Z,Y,_T,Y_GE15,_Z,Q,9.7,0,1,P
1989-Q4,ITA,UNE_LF_M,PT_LF_SUB,_Z,Y,_T,Y_GE15,_Z,Q,9.366667,0,1,P
1990-Q1,ITA,UNE_LF_M,PT_LF_SUB,_Z,Y,_T,Y_GE15,_Z,Q,9,0,1,P
1990-Q2,ITA,UNE_LF_M,PT_LF_SUB,_Z,Y,_T,Y_GE15,_Z,Q,8.9,0,1,P
1990-Q3,ITA,UNE_LF_M,PT_LF_SUB,_Z,Y,_T,Y_GE15,_Z,Q,8.8,0,1,P
1990-Q4,ITA,UNE_LF_M,PT_LF_SUB,_Z,Y,_T,Y_GE15,_Z,Q,8.733334,0,1,P
1991-Q1,ITA,UNE_LF_M,PT_LF_SUB,_Z,Y,_T,Y_GE15,_Z,Q,8.633333,0,1,P
1991-Q2,ITA,UNE_LF_M,PT_LF_SUB,_Z,Y,_T,Y_GE15,_Z,Q,8.466666,0,1,P
1991-Q3,ITA,UNE_LF_M,PT_LF_SUB,_Z,Y,_T,Y_GE15,_Z,Q,8.433333,0,1,P
1991-Q4,ITA,UNE_LF_M,PT_LF_SUB,_Z,Y,_T,Y_GE15,_Z,Q,8.6,0,1,P
2005-Q1,OECD,UNE_LF_M,PT_LF_SUB,_Z,Y,_T,Y_GE15,_Z,Q,6.928809,0,1,E
2005-Q2,OECD,UNE_LF_M,PT_LF_SUB,_Z,Y,_T,Y_GE15,_Z,Q,6.900249,0,1,E
2005-Q3,OECD,UNE_LF_M,PT_LF_SUB,_Z,Y,_T,Y_GE15,_Z,Q,6.779493,0,1,E
2005-Q4,OECD,UNE_LF_M,PT_LF_SUB,_Z,Y,_T,Y_GE15,_Z,Q,6.725302,0,1,E
2006-Q1,OECD,UNE_LF_M,PT_LF_SUB,_Z,Y,_T,Y_GE15,_Z,Q,6.544889,0,1,E
2006-Q2,OECD,UNE_LF_M,PT_LF_SUB,_Z,Y,_T,Y_GE15,_Z,Q,6.370646,0,1,E
2006-Q3,OECD,UNE_LF_M,PT_LF_SUB,_Z,Y,_T,Y_GE15,_Z,Q,6.286279,0,1,E
2006-Q4,OECD,UNE_LF_M,PT_LF_SUB,_Z,Y,_T,Y_GE15,_Z,Q,6.107792,0,1,E
2007-Q1,OECD,UNE_LF_M,PT_LF_SUB,_Z,Y,_T,Y_GE15,_Z,Q,5.997726,0,1,E
2007-Q2,OECD,UNE_LF_M,PT_LF_SUB,_Z,Y,_T,Y_GE15,_Z,Q,5.805544,0,1,E
2007-Q4,OECD,UNE_LF_M,PT_LF_SUB,_Z,Y,_T,Y_GE15,_Z,Q,5.821775,0,1,E
2008-Q1,OECD,UNE_LF_M,PT_LF_SUB,_Z,Y,_T,Y_GE15,_Z,Q,5.824864,0,1,E
2008-Q2,OECD,UNE_LF_M,PT_LF_SUB,_Z,Y,_T,Y_GE15,_Z,Q,5.940753,0,1,E
2008-Q3,OECD,UNE_LF_M,PT_LF_SUB,_Z,Y,_T,Y_GE15,_Z,Q,6.242532,0,1,E
2008-Q4,OECD,UNE_LF_M,PT_LF_SUB,_Z,Y,_T,Y_GE15,_Z,Q,6.765275,0,1,E
2009-Q1,OECD,UNE_LF_M,PT_LF_SUB,_Z,Y,_T,Y_GE15,_Z,Q,7.706892,0,1,E
2009-Q2,OECD,UNE_LF_M,PT_LF_SUB,_Z,Y,_T,Y_GE15,_Z,Q,8.356598,0,1,E
2009-Q3,OECD,UNE_LF_M,PT_LF_SUB,_Z,Y,_T,Y_GE15,_Z,Q,8.597057,0,1,E
2009-Q4,OECD,UNE_LF_M,PT_LF_SUB,_Z,Y,_T,Y_GE15,_Z,Q,8.653084,0,1,E
2010-Q1,OECD,UNE_LF_M,PT_LF_SUB,_Z,Y,_T,Y_GE15,_Z,Q,8.677202,0,1,E
2010-Q2,OECD,UNE_LF_M,PT_LF_SUB,_Z,Y,_T,Y_GE15,_Z,Q,8.577269,0,1,E
2011-Q1,OECD,UNE_LF_M,PT_LF_SUB,_Z,Y,_T,Y_GE15,_Z,Q,8.153102,0,1,E
2011-Q4,OECD,UNE_LF_M,PT_LF_SUB,_Z,Y,_T,Y_GE15,_Z,Q,8.09912,0,1,E
2012-Q1,OECD,UNE_LF_M,PT_LF_SUB,_Z,Y,_T,Y_GE15,_Z,Q,8.081439,0,1,E
2012-Q2,OECD,UNE_LF_M,PT_LF_SUB,_Z,Y,_T,Y_GE15,_Z,Q,8.113273,0,1,E
2012-Q4,OECD,UNE_LF_M,PT_LF_SUB,_Z,Y,_T,Y_GE15,_Z,Q,8.152037,0,1,E
2013-Q1,OECD,UNE_LF_M,PT_LF_SUB,_Z,Y,_T,Y_GE15,_Z,Q,8.210634,0,1,E
2013-Q2,OECD,UNE_LF_M,PT_LF_SUB,_Z,Y,_T,Y_GE15,_Z,Q,8.101627,0,1,E
2013-Q3,OECD,UNE_LF_M,PT_LF_SUB,_Z,Y,_T,Y_GE15,_Z,Q,7.960011,0,1,E
2013-Q4,OECD,UNE_LF_M,PT_LF_SUB,_Z,Y,_T,Y_GE15,_Z,Q,7.78595,0,1,E
2014-Q1,OECD,UNE_LF_M,PT_LF_SUB,_Z,Y,_T,Y_GE15,_Z,Q,7.698103,0,1,E
2014-Q2,OECD,UNE_LF_M,PT_LF_SUB,_Z,Y,_T,Y_GE15,_Z,Q,7.481564,0,1,E
2014-Q3,OECD,UNE_LF_M,PT_LF_SUB,_Z,Y,_T,Y_GE15,_Z,Q,7.387632,0,1,E
2014-Q4,OECD,UNE_LF_M,PT_LF_SUB,_Z,Y,_T,Y_GE15,_Z,Q,7.236927,0,1,E
2015-Q1,OECD,UNE_LF_M,PT_LF_SUB,_Z,Y,_T,Y_GE15,_Z,Q,7.097125,0,1,E
2015-Q2,OECD,UNE_LF_M,PT_LF_SUB,_Z,Y,_T,Y_GE15,_Z,Q,6.985972,0,1,E
2015-Q3,OECD,UNE_LF_M,PT_LF_SUB,_Z,Y,_T,Y_GE15,_Z,Q,6.781824,0,1,E
2015-Q4,OECD,UNE_LF_M,PT_LF_SUB,_Z,Y,_T,Y_GE15,_Z,Q,6.683752,0,1,E
2016-Q1,OECD,UNE_LF_M,PT_LF_SUB,_Z,Y,_T,Y_GE15,_Z,Q,6.598544,0,1,E
2016-Q2,OECD,UNE_LF_M,PT_LF_SUB,_Z,Y,_T,Y_GE15,_Z,Q,6.493442,0,1,E
2016-Q4,OECD,UNE_LF_M,PT_LF_SUB,_Z,Y,_T,Y_GE15,_Z,Q,6.342474,0,1,E
2017-Q2,OECD,UNE_LF_M,PT_LF_SUB,_Z,Y,_T,Y_GE15,_Z,Q,5.981983,0,1,E
2017-Q3,OECD,UNE_LF_M,PT_LF_SUB,_Z,Y,_T,Y_GE15,_Z,Q,5.851324,0,1,E
2017-Q4,OECD,UNE_LF_M,PT_LF_SUB,_Z,Y,_T,Y_GE15,_Z,Q,5.728109,0,1,E
2018-Q1,OECD,UNE_LF_M,PT_LF_SUB,_Z,Y,_T,Y_GE15,_Z,Q,5.570537,0,1,E
2018-Q2,OECD,UNE_LF_M,PT_LF_SUB,_Z,Y,_T,Y_GE15,_Z,Q,5.477,0,1,E
2018-Q3,OECD,UNE_LF_M,PT_LF_SUB,_Z,Y,_T,Y_GE15,_Z,Q,5.439814,0,1,E
2018-Q4,OECD,UNE_LF_M,PT_LF_SUB,_Z,Y,_T,Y_GE15,_Z,Q,5.492347,0,1,E
2019-Q1,OECD,UNE_LF_M,PT_LF_SUB,_Z,Y,_T,Y_GE15,_Z,Q,5.538523,0,1,E
2020-Q4,OECD,UNE_LF_M,PT_LF_SUB,_Z,Y,_T,Y_GE15,_Z,Q,6.950307,0,1,E
2021-Q1,OECD,UNE_LF_M,PT_LF_SUB,_Z,Y,_T,Y_GE15,_Z,Q,6.738691,0,1,E
2021-Q2,OECD,UNE_LF_M,PT_LF_SUB,_Z,Y,_T,Y_GE15,_Z,Q,6.54038,0,1,E
2021-Q3,OECD,UNE_LF_M,PT_LF_SUB,_Z,Y,_T,Y_GE15,_Z,Q,5.918044,0,1,E
2021-Q4,OECD,UNE_LF_M,PT_LF_SUB,_Z,Y,_T,Y_GE15,_Z,Q,5.487412,0,1,E
2010-Q3,OECD,UNE_LF_M,PT_LF_SUB,_Z,Y,_T,Y_GE15,_Z,Q,8.432387,0,1,E
2010-Q4,OECD,UNE_LF_M,PT_LF_SUB,_Z,Y,_T,Y_GE15,_Z,Q,8.41824,0,1,E
2011-Q2,OECD,UNE_LF_M,PT_LF_SUB,_Z,Y,_T,Y_GE15,_Z,Q,8.131123,0,1,E
2011-Q3,OECD,UNE_LF_M,PT_LF_SUB,_Z,Y,_T,Y_GE15,_Z,Q,8.125857,0,1,E
2012-Q3,OECD,UNE_LF_M,PT_LF_SUB,_Z,Y,_T,Y_GE15,_Z,Q,8.078996,0,1,E
2016-Q3,OECD,UNE_LF_M,PT_LF_SUB,_Z,Y,_T,Y_GE15,_Z,Q,6.436588,0,1,E
2017-Q1,OECD,UNE_LF_M,PT_LF_SUB,_Z,Y,_T,Y_GE15,_Z,Q,6.194636,0,1,E
2019-Q2,OECD,UNE_LF_M,PT_LF_SUB,_Z,Y,_T,Y_GE15,_Z,Q,5.398701,0,1,E
2019-Q3,OECD,UNE_LF_M,PT_LF_SUB,_Z,Y,_T,Y_GE15,_Z,Q,5.392668,0,1,E
2019-Q4,OECD,UNE_LF_M,PT_LF_SUB,_Z,Y,_T,Y_GE15,_Z,Q,5.318167,0,1,E
2020-Q1,OECD,UNE_LF_M,PT_LF_SUB,_Z,Y,_T,Y_GE15,_Z,Q,5.416612,0,1,E
2020-Q2,OECD,UNE_LF_M,PT_LF_SUB,_Z,Y,_T,Y_GE15,_Z,Q,8.622225,0,1,E
2020-Q3,OECD,UNE_LF_M,PT_LF_SUB,_Z,Y,_T,Y_GE15,_Z,Q,7.711096,0,1,E
2022-Q1,OECD,UNE_LF_M,PT_LF_SUB,_Z,Y,_T,Y_GE15,_Z,Q,5.201486,0,1,E
2022-Q2,OECD,UNE_LF_M,PT_LF_SUB,_Z,Y,_T,Y_GE15,_Z,Q,5.007718,0,1,E
2022-Q3,OECD,UNE_LF_M,PT_LF_SUB,_Z,Y,_T,Y_GE15,_Z,Q,4.919624,0,1,E
2022-Q4,OECD,UNE_LF_M,PT_LF_SUB,_Z,Y,_T,Y_GE15,_Z,Q,4.936662,0,1,E
2023-Q1,OECD,UNE_LF_M,PT_LF_SUB,_Z,Y,_T,Y_GE15,_Z,Q,4.853144,0,1,E
2023-Q2,OECD,UNE_LF_M,PT_LF_SUB,_Z,Y,_T,Y_GE15,_Z,Q,4.822657,0,1,E
2023-Q3,OECD,UNE_LF_M,PT_LF_SUB,_Z,Y,_T,Y_GE15,_Z,Q,4.838173,0,1,E
2023-Q4,OECD,UNE_LF_M,PT_LF_SUB,_Z,Y,_T,Y_GE15,_Z,Q,4.878429,0,1,E
2024-Q1,OECD,UNE_LF_M,PT_LF_SUB,_Z,Y,_T,Y_GE15,_Z,Q,4.907129,0,1,E
2024-Q2,OECD,UNE_LF_M,PT_LF_SUB,_Z,Y,_T,Y_GE15,_Z,Q,4.937039,0,1,E
2024-Q3,OECD,UNE_LF_M,PT_LF_SUB,_Z,Y,_T,Y_GE15,_Z,Q,4.930126,0,1,E
2024-Q4,OECD,UNE_LF_M,PT_LF_SUB,_Z,Y,_T,Y_GE15,_Z,Q,4.899727,0,1,E
2025-Q1,OECD,UNE_LF_M,PT_LF_SUB,_Z,Y,_T,Y_GE15,_Z,Q,4.911558,0,1,E
2025-Q2,OECD,UNE_LF_M,PT_LF_SUB,_Z,Y,_T,Y_GE15,_Z,Q,4.952518,0,1,E
2025-Q3,OECD,UNE_LF_M,PT_LF_SUB,_Z,Y,_T,Y_GE15,_Z,Q,4.999813,0,1,E
2007-Q3,OECD,UNE_LF_M,PT_LF_SUB,_Z,Y,_T,Y_GE15,_Z,Q,5.820081,0,1,E
1991-Q1,G7,UNE_LF_M,PT_LF_SUB,_Z,Y,_T,Y_GE15,_Z,Q,6.13048,0,1,E
1991-Q2,G7,UNE_LF_M,PT_LF_SUB,_Z,Y,_T,Y_GE15,_Z,Q,6.315892,0,1,E
1991-Q3,G7,UNE_LF_M,PT_LF_SUB,_Z,Y,_T,Y_GE15,_Z,Q,6.426266,0,1,E
1991-Q4,G7,UNE_LF_M,PT_LF_SUB,_Z,Y,_T,Y_GE15,_Z,Q,6.587004,0,1,E
1992-Q1,G7,UNE_LF_M,PT_LF_SUB,_Z,Y,_T,Y_GE15,_Z,Q,6.775599,0,1,E
1992-Q2,G7,UNE_LF_M,PT_LF_SUB,_Z,Y,_T,Y_GE15,_Z,Q,6.989748,0,1,E
1992-Q3,G7,UNE_LF_M,PT_LF_SUB,_Z,Y,_T,Y_GE15,_Z,Q,7.140961,0,1,E
1992-Q4,G7,UNE_LF_M,PT_LF_SUB,_Z,Y,_T,Y_GE15,_Z,Q,7.161285,0,1,E
1993-Q1,G7,UNE_LF_M,PT_LF_SUB,_Z,Y,_T,Y_GE15,_Z,Q,7.143151,0,1,E
1993-Q2,G7,UNE_LF_M,PT_LF_SUB,_Z,Y,_T,Y_GE15,_Z,Q,7.238286,0,1,E
1993-Q3,G7,UNE_LF_M,PT_LF_SUB,_Z,Y,_T,Y_GE15,_Z,Q,7.19975,0,1,E
1993-Q4,G7,UNE_LF_M,PT_LF_SUB,_Z,Y,_T,Y_GE15,_Z,Q,7.251373,0,1,E
1994-Q1,G7,UNE_LF_M,PT_LF_SUB,_Z,Y,_T,Y_GE15,_Z,Q,7.255287,0,1,E
1994-Q2,G7,UNE_LF_M,PT_LF_SUB,_Z,Y,_T,Y_GE15,_Z,Q,7.061687,0,1,E
1994-Q3,G7,UNE_LF_M,PT_LF_SUB,_Z,Y,_T,Y_GE15,_Z,Q,6.938168,0,1,E
1994-Q4,G7,UNE_LF_M,PT_LF_SUB,_Z,Y,_T,Y_GE15,_Z,Q,6.735214,0,1,E
1995-Q1,G7,UNE_LF_M,PT_LF_SUB,_Z,Y,_T,Y_GE15,_Z,Q,6.6556,0,1,E
1995-Q2,G7,UNE_LF_M,PT_LF_SUB,_Z,Y,_T,Y_GE15,_Z,Q,6.722022,0,1,E
1995-Q3,G7,UNE_LF_M,PT_LF_SUB,_Z,Y,_T,Y_GE15,_Z,Q,6.765699,0,1,E
1995-Q4,G7,UNE_LF_M,PT_LF_SUB,_Z,Y,_T,Y_GE15,_Z,Q,6.765602,0,1,E
1996-Q1,G7,UNE_LF_M,PT_LF_SUB,_Z,Y,_T,Y_GE15,_Z,Q,6.775577,0,1,E
1996-Q2,G7,UNE_LF_M,PT_LF_SUB,_Z,Y,_T,Y_GE15,_Z,Q,6.792516,0,1,E
1996-Q3,G7,UNE_LF_M,PT_LF_SUB,_Z,Y,_T,Y_GE15,_Z,Q,6.702859,0,1,E
1996-Q4,G7,UNE_LF_M,PT_LF_SUB,_Z,Y,_T,Y_GE15,_Z,Q,6.756966,0,1,E
1997-Q1,G7,UNE_LF_M,PT_LF_SUB,_Z,Y,_T,Y_GE15,_Z,Q,6.686214,0,1,E
1997-Q2,G7,UNE_LF_M,PT_LF_SUB,_Z,Y,_T,Y_GE15,_Z,Q,6.588771,0,1,E
1997-Q3,G7,UNE_LF_M,PT_LF_SUB,_Z,Y,_T,Y_GE15,_Z,Q,6.473415,0,1,E
1997-Q4,G7,UNE_LF_M,PT_LF_SUB,_Z,Y,_T,Y_GE15,_Z,Q,6.395488,0,1,E
1998-Q1,G7,UNE_LF_M,PT_LF_SUB,_Z,Y,_T,Y_GE15,_Z,Q,6.365328,0,1,E
1998-Q2,G7,UNE_LF_M,PT_LF_SUB,_Z,Y,_T,Y_GE15,_Z,Q,6.349581,0,1,E
1998-Q3,G7,UNE_LF_M,PT_LF_SUB,_Z,Y,_T,Y_GE15,_Z,Q,6.38804,0,1,E
1998-Q4,G7,UNE_LF_M,PT_LF_SUB,_Z,Y,_T,Y_GE15,_Z,Q,6.345039,0,1,E
1999-Q1,G7,UNE_LF_M,PT_LF_SUB,_Z,Y,_T,Y_GE15,_Z,Q,6.263071,0,1,E
1999-Q2,G7,UNE_LF_M,PT_LF_SUB,_Z,Y,_T,Y_GE15,_Z,Q,6.203554,0,1,E
1999-Q3,G7,UNE_LF_M,PT_LF_SUB,_Z,Y,_T,Y_GE15,_Z,Q,6.1082090000000004,0,1,E
1999-Q4,G7,UNE_LF_M,PT_LF_SUB,_Z,Y,_T,Y_GE15,_Z,Q,5.917001,0,1,E
2000-Q1,G7,UNE_LF_M,PT_LF_SUB,_Z,Y,_T,Y_GE15,_Z,Q,5.855763,0,1,E
2000-Q2,G7,UNE_LF_M,PT_LF_SUB,_Z,Y,_T,Y_GE15,_Z,Q,5.687953,0,1,E
2000-Q3,G7,UNE_LF_M,PT_LF_SUB,_Z,Y,_T,Y_GE15,_Z,Q,5.646819,0,1,E
2000-Q4,G7,UNE_LF_M,PT_LF_SUB,_Z,Y,_T,Y_GE15,_Z,Q,5.539552,0,1,E
2001-Q1,G7,UNE_LF_M,PT_LF_SUB,_Z,Y,_T,Y_GE15,_Z,Q,5.620535,0,1,E
2001-Q2,G7,UNE_LF_M,PT_LF_SUB,_Z,Y,_T,Y_GE15,_Z,Q,5.711424,0,1,E
2001-Q3,G7,UNE_LF_M,PT_LF_SUB,_Z,Y,_T,Y_GE15,_Z,Q,5.947078,0,1,E
2001-Q4,G7,UNE_LF_M,PT_LF_SUB,_Z,Y,_T,Y_GE15,_Z,Q,6.329272,0,1,E
2002-Q1,G7,UNE_LF_M,PT_LF_SUB,_Z,Y,_T,Y_GE15,_Z,Q,6.39289,0,1,E
2002-Q2,G7,UNE_LF_M,PT_LF_SUB,_Z,Y,_T,Y_GE15,_Z,Q,6.500677,0,1,E
2002-Q3,G7,UNE_LF_M,PT_LF_SUB,_Z,Y,_T,Y_GE15,_Z,Q,6.477767,0,1,E
2002-Q4,G7,UNE_LF_M,PT_LF_SUB,_Z,Y,_T,Y_GE15,_Z,Q,6.528587,0,1,E
2003-Q1,G7,UNE_LF_M,PT_LF_SUB,_Z,Y,_T,Y_GE15,_Z,Q,6.586936,0,1,E
2003-Q2,G7,UNE_LF_M,PT_LF_SUB,_Z,Y,_T,Y_GE15,_Z,Q,6.737083,0,1,E
2003-Q3,G7,UNE_LF_M,PT_LF_SUB,_Z,Y,_T,Y_GE15,_Z,Q,6.669977,0,1,E
2003-Q4,G7,UNE_LF_M,PT_LF_SUB,_Z,Y,_T,Y_GE15,_Z,Q,6.516284,0,1,E
2004-Q1,G7,UNE_LF_M,PT_LF_SUB,_Z,Y,_T,Y_GE15,_Z,Q,6.451462,0,1,E
2004-Q2,G7,UNE_LF_M,PT_LF_SUB,_Z,Y,_T,Y_GE15,_Z,Q,6.382499,0,1,E
2004-Q3,G7,UNE_LF_M,PT_LF_SUB,_Z,Y,_T,Y_GE15,_Z,Q,6.310481,0,1,E
2004-Q4,G7,UNE_LF_M,PT_LF_SUB,_Z,Y,_T,Y_GE15,_Z,Q,6.301008,0,1,E
2005-Q1,G7,UNE_LF_M,PT_LF_SUB,_Z,Y,_T,Y_GE15,_Z,Q,6.244349,0,1,E
2005-Q2,G7,UNE_LF_M,PT_LF_SUB,_Z,Y,_T,Y_GE15,_Z,Q,6.194494,0,1,E
2005-Q3,G7,UNE_LF_M,PT_LF_SUB,_Z,Y,_T,Y_GE15,_Z,Q,6.112949,0,1,E
2005-Q4,G7,UNE_LF_M,PT_LF_SUB,_Z,Y,_T,Y_GE15,_Z,Q,6.127858,0,1,E
2006-Q1,G7,UNE_LF_M,PT_LF_SUB,_Z,Y,_T,Y_GE15,_Z,Q,5.948304,0,1,E
2006-Q2,G7,UNE_LF_M,PT_LF_SUB,_Z,Y,_T,Y_GE15,_Z,Q,5.830174,0,1,E
2006-Q3,G7,UNE_LF_M,PT_LF_SUB,_Z,Y,_T,Y_GE15,_Z,Q,5.773157,0,1,E
2006-Q4,G7,UNE_LF_M,PT_LF_SUB,_Z,Y,_T,Y_GE15,_Z,Q,5.5808,0,1,E
2007-Q1,G7,UNE_LF_M,PT_LF_SUB,_Z,Y,_T,Y_GE15,_Z,Q,5.529966,0,1,E
2007-Q2,G7,UNE_LF_M,PT_LF_SUB,_Z,Y,_T,Y_GE15,_Z,Q,5.366205,0,1,E
2007-Q3,G7,UNE_LF_M,PT_LF_SUB,_Z,Y,_T,Y_GE15,_Z,Q,5.40248,0,1,E
2007-Q4,G7,UNE_LF_M,PT_LF_SUB,_Z,Y,_T,Y_GE15,_Z,Q,5.421577,0,1,E
2008-Q1,G7,UNE_LF_M,PT_LF_SUB,_Z,Y,_T,Y_GE15,_Z,Q,5.464318,0,1,E
2008-Q2,G7,UNE_LF_M,PT_LF_SUB,_Z,Y,_T,Y_GE15,_Z,Q,5.623024,0,1,E
2008-Q3,G7,UNE_LF_M,PT_LF_SUB,_Z,Y,_T,Y_GE15,_Z,Q,5.927383,0,1,E
2008-Q4,G7,UNE_LF_M,PT_LF_SUB,_Z,Y,_T,Y_GE15,_Z,Q,6.399156,0,1,E
2009-Q1,G7,UNE_LF_M,PT_LF_SUB,_Z,Y,_T,Y_GE15,_Z,Q,7.330344,0,1,E
2009-Q2,G7,UNE_LF_M,PT_LF_SUB,_Z,Y,_T,Y_GE15,_Z,Q,8.024133,0,1,E
2009-Q3,G7,UNE_LF_M,PT_LF_SUB,_Z,Y,_T,Y_GE15,_Z,Q,8.269876,0,1,E
2009-Q4,G7,UNE_LF_M,PT_LF_SUB,_Z,Y,_T,Y_GE15,_Z,Q,8.364688,0,1,E
2010-Q1,G7,UNE_LF_M,PT_LF_SUB,_Z,Y,_T,Y_GE15,_Z,Q,8.287663,0,1,E
2010-Q2,G7,UNE_LF_M,PT_LF_SUB,_Z,Y,_T,Y_GE15,_Z,Q,8.172548,0,1,E
2010-Q3,G7,UNE_LF_M,PT_LF_SUB,_Z,Y,_T,Y_GE15,_Z,Q,8.022413,0,1,E
2010-Q4,G7,UNE_LF_M,PT_LF_SUB,_Z,Y,_T,Y_GE15,_Z,Q,8.000599,0,1,E
2011-Q1,G7,UNE_LF_M,PT_LF_SUB,_Z,Y,_T,Y_GE15,_Z,Q,7.680763,0,1,E
2011-Q2,G7,UNE_LF_M,PT_LF_SUB,_Z,Y,_T,Y_GE15,_Z,Q,7.659885,0,1,E
2011-Q3,G7,UNE_LF_M,PT_LF_SUB,_Z,Y,_T,Y_GE15,_Z,Q,7.637635,0,1,E
2011-Q4,G7,UNE_LF_M,PT_LF_SUB,_Z,Y,_T,Y_GE15,_Z,Q,7.543386,0,1,E
2012-Q1,G7,UNE_LF_M,PT_LF_SUB,_Z,Y,_T,Y_GE15,_Z,Q,7.427994,0,1,E
2012-Q2,G7,UNE_LF_M,PT_LF_SUB,_Z,Y,_T,Y_GE15,_Z,Q,7.408972,0,1,E
2012-Q3,G7,UNE_LF_M,PT_LF_SUB,_Z,Y,_T,Y_GE15,_Z,Q,7.307527,0,1,E
2012-Q4,G7,UNE_LF_M,PT_LF_SUB,_Z,Y,_T,Y_GE15,_Z,Q,7.278479,0,1,E
2013-Q1,G7,UNE_LF_M,PT_LF_SUB,_Z,Y,_T,Y_GE15,_Z,Q,7.303663,0,1,E
2013-Q2,G7,UNE_LF_M,PT_LF_SUB,_Z,Y,_T,Y_GE15,_Z,Q,7.181517,0,1,E
2013-Q3,G7,UNE_LF_M,PT_LF_SUB,_Z,Y,_T,Y_GE15,_Z,Q,7.018446,0,1,E
2013-Q4,G7,UNE_LF_M,PT_LF_SUB,_Z,Y,_T,Y_GE15,_Z,Q,6.827673,0,1,E
2014-Q1,G7,UNE_LF_M,PT_LF_SUB,_Z,Y,_T,Y_GE15,_Z,Q,6.638937,0,1,E
2014-Q2,G7,UNE_LF_M,PT_LF_SUB,_Z,Y,_T,Y_GE15,_Z,Q,6.388408,0,1,E
2014-Q3,G7,UNE_LF_M,PT_LF_SUB,_Z,Y,_T,Y_GE15,_Z,Q,6.302781,0,1,E
2014-Q4,G7,UNE_LF_M,PT_LF_SUB,_Z,Y,_T,Y_GE15,_Z,Q,6.113568,0,1,E
2015-Q1,G7,UNE_LF_M,PT_LF_SUB,_Z,Y,_T,Y_GE15,_Z,Q,5.973177,0,1,E
2015-Q2,G7,UNE_LF_M,PT_LF_SUB,_Z,Y,_T,Y_GE15,_Z,Q,5.900454,0,1,E
2015-Q3,G7,UNE_LF_M,PT_LF_SUB,_Z,Y,_T,Y_GE15,_Z,Q,5.678517,0,1,E
2015-Q4,G7,UNE_LF_M,PT_LF_SUB,_Z,Y,_T,Y_GE15,_Z,Q,5.597445,0,1,E
2016-Q1,G7,UNE_LF_M,PT_LF_SUB,_Z,Y,_T,Y_GE15,_Z,Q,5.52425,0,1,E
2016-Q2,G7,UNE_LF_M,PT_LF_SUB,_Z,Y,_T,Y_GE15,_Z,Q,5.478791,0,1,E
2016-Q3,G7,UNE_LF_M,PT_LF_SUB,_Z,Y,_T,Y_GE15,_Z,Q,5.403126,0,1,E
2016-Q4,G7,UNE_LF_M,PT_LF_SUB,_Z,Y,_T,Y_GE15,_Z,Q,5.34378,0,1,E
2017-Q1,G7,UNE_LF_M,PT_LF_SUB,_Z,Y,_T,Y_GE15,_Z,Q,5.155227,0,1,E
2017-Q2,G7,UNE_LF_M,PT_LF_SUB,_Z,Y,_T,Y_GE15,_Z,Q,4.99942,0,1,E
2017-Q3,G7,UNE_LF_M,PT_LF_SUB,_Z,Y,_T,Y_GE15,_Z,Q,4.922997,0,1,E
2017-Q4,G7,UNE_LF_M,PT_LF_SUB,_Z,Y,_T,Y_GE15,_Z,Q,4.7889,0,1,E
2018-Q1,G7,UNE_LF_M,PT_LF_SUB,_Z,Y,_T,Y_GE15,_Z,Q,4.663321,0,1,E
2018-Q2,G7,UNE_LF_M,PT_LF_SUB,_Z,Y,_T,Y_GE15,_Z,Q,4.554112,0,1,E
2018-Q3,G7,UNE_LF_M,PT_LF_SUB,_Z,Y,_T,Y_GE15,_Z,Q,4.446948,0,1,E
2018-Q4,G7,UNE_LF_M,PT_LF_SUB,_Z,Y,_T,Y_GE15,_Z,Q,4.446263,0,1,E
2019-Q1,G7,UNE_LF_M,PT_LF_SUB,_Z,Y,_T,Y_GE15,_Z,Q,4.423375,0,1,E
2019-Q2,G7,UNE_LF_M,PT_LF_SUB,_Z,Y,_T,Y_GE15,_Z,Q,4.25229,0,1,E
2019-Q3,G7,UNE_LF_M,PT_LF_SUB,_Z,Y,_T,Y_GE15,_Z,Q,4.189735,0,1,E
2019-Q4,G7,UNE_LF_M,PT_LF_SUB,_Z,Y,_T,Y_GE15,_Z,Q,4.172166,0,1,E
2020-Q1,G7,UNE_LF_M,PT_LF_SUB,_Z,Y,_T,Y_GE15,_Z,Q,4.332314,0,1,E
2020-Q2,G7,UNE_LF_M,PT_LF_SUB,_Z,Y,_T,Y_GE15,_Z,Q,8.58519,0,1,E
2020-Q3,G7,UNE_LF_M,PT_LF_SUB,_Z,Y,_T,Y_GE15,_Z,Q,7.005897,0,1,E
2020-Q4,G7,UNE_LF_M,PT_LF_SUB,_Z,Y,_T,Y_GE15,_Z,Q,6.019244,0,1,E
2021-Q1,G7,UNE_LF_M,PT_LF_SUB,_Z,Y,_T,Y_GE15,_Z,Q,5.776431,0,1,E
2021-Q2,G7,UNE_LF_M,PT_LF_SUB,_Z,Y,_T,Y_GE15,_Z,Q,5.553964,0,1,E
2021-Q3,G7,UNE_LF_M,PT_LF_SUB,_Z,Y,_T,Y_GE15,_Z,Q,5.011149,0,1,E
2021-Q4,G7,UNE_LF_M,PT_LF_SUB,_Z,Y,_T,Y_GE15,_Z,Q,4.523929,0,1,E
2022-Q1,G7,UNE_LF_M,PT_LF_SUB,_Z,Y,_T,Y_GE15,_Z,Q,4.244283,0,1,E
2022-Q2,G7,UNE_LF_M,PT_LF_SUB,_Z,Y,_T,Y_GE15,_Z,Q,4.080414,0,1,E
2022-Q3,G7,UNE_LF_M,PT_LF_SUB,_Z,Y,_T,Y_GE15,_Z,Q,3.994035,0,1,E
2022-Q4,G7,UNE_LF_M,PT_LF_SUB,_Z,Y,_T,Y_GE15,_Z,Q,4.006762,0,1,E
2023-Q1,G7,UNE_LF_M,PT_LF_SUB,_Z,Y,_T,Y_GE15,_Z,Q,3.991131,0,1,E
2023-Q2,G7,UNE_LF_M,PT_LF_SUB,_Z,Y,_T,Y_GE15,_Z,Q,4.027187,0,1,E
2023-Q3,G7,UNE_LF_M,PT_LF_SUB,_Z,Y,_T,Y_GE15,_Z,Q,4.107929,0,1,E
2023-Q4,G7,UNE_LF_M,PT_LF_SUB,_Z,Y,_T,Y_GE15,_Z,Q,4.151808,0,1,E
2024-Q1,G7,UNE_LF_M,PT_LF_SUB,_Z,Y,_T,Y_GE15,_Z,Q,4.192738,0,1,E
2024-Q2,G7,UNE_LF_M,PT_LF_SUB,_Z,Y,_T,Y_GE15,_Z,Q,4.265163,0,1,E
2024-Q3,G7,UNE_LF_M,PT_LF_SUB,_Z,Y,_T,Y_GE15,_Z,Q,4.315382,0,1,E
2024-Q4,G7,UNE_LF_M,PT_LF_SUB,_Z,Y,_T,Y_GE15,_Z,Q,4.317658,0,1,E
2025-Q1,G7,UNE_LF_M,PT_LF_SUB,_Z,Y,_T,Y_GE15,_Z,Q,4.35673,0,1,E
2025-Q2,G7,UNE_LF_M,PT_LF_SUB,_Z,Y,_T,Y_GE15,_Z,Q,4.439065,0,1,E
2025-Q3,G7,UNE_LF_M,PT_LF_SUB,_Z,Y,_T,Y_GE15,_Z,Q,4.539766,0,1,E
