Date,akerbp,scat,Oil
2014-10-02,28.65520477294922,16.60452651977539,587.115408
2014-10-03,29.20627212524414,16.692380905151367,581.878176
2014-10-06,29.068506240844727,16.25310516357422,586.440426
2014-10-07,28.10415267944336,16.25310516357422,575.704974
2014-10-08,27.82862091064453,15.989540100097656,565.674116
2014-10-09,27.332666397094727,16.25310516357422,550.390528
2014-10-10,27.00202751159668,15.901689529418945,561.1003410000001
2014-10-13,26.450969696044922,15.901689529418945,556.447711
2014-10-14,26.67140007019043,15.813834190368652,535.707288
2014-10-15,24.963098526000977,15.725979804992676,541.329302
2014-10-16,23.475231170654297,15.46241569519043,546.103123
2014-10-17,24.85287857055664,15.638124465942383,541.20564
2014-10-20,23.144594192504883,15.725979804992676,543.60906
2014-10-21,23.585445404052734,15.813834190368652,545.80365
2014-10-22,24.246707916259766,15.813834190368652,531.689664
2014-10-23,24.522253036499023,15.638124465942383,543.1093850000001
2014-10-24,24.13650131225586,15.638124465942383,535.423014
2014-10-27,23.475231170654297,15.725979804992676,538.038712
2014-10-28,23.695655822753906,15.813834190368652,538.749648
2014-10-29,25.073312759399414,16.692380905151367,546.798
2014-10-30,25.073312759399414,16.692380905151367,544.374642
2014-10-31,24.026287078857422,17.131654739379883,545.91287
2014-11-03,24.026287078857422,16.868091583251953,533.66675
2014-11-04,22.92416763305664,16.692380905151367,528.809245
2014-11-05,22.813955307006836,17.131654739379883,540.753442
2014-11-06,23.53034019470215,17.570926666259766,529.819693
2014-11-07,23.971187591552734,18.18590545654297,539.627889
2014-11-10,25.51416015625,19.328018188476563,522.3737520000001
2014-11-11,25.128408432006836,20.206565856933594,531.769995
2014-11-12,25.128408432006836,20.557981491088867,522.458076
2014-11-13,24.522253036499023,19.328018188476563,503.275983
2014-11-14,24.79778289794922,19.50372886657715,515.975452
2014-11-17,24.46714210510254,20.118709564208984,511.129736
2014-11-18,24.577356338500977,21.612241744995117,502.14643499999994
2014-11-19,24.7426700592041,22.490785598754883,505.10607
2014-11-20,24.85287857055664,21.963655471801758,512.204175
2014-11-21,25.624372482299805,21.612241744995117,517.565976
2014-11-24,25.459054946899414,22.139366149902344,513.0930559999999
2014-11-25,25.624372482299805,22.842205047607422,504.34567200000004
2014-11-26,24.687570571899414,23.281476974487305,502.75192000000004
2014-11-28,20.49949836730957,23.720746994018555,459.43695
2014-12-01,19.176952362060547,23.281476974487305,479.88696200000004
2014-12-02,19.28716468811035,23.632892608642578,468.943398
2014-12-03,19.176952362060547,23.45718765258789,472.42581
2014-12-04,18.460569381713867,24.160024642944336,472.70864700000004
2014-12-05,16.972698211669922,23.720746994018555,469.604619
2014-12-08,16.0358943939209,23.369327545166016,453.077697
2014-12-09,16.752275466918945,23.369327545166016,454.02002000000005
2014-12-10,16.86248779296875,23.720746994018555,436.877469
2014-12-11,16.366535186767578,23.281476974487305,434.862465
2014-12-12,15.53994369506836,23.720746994018555,423.429345
2014-12-15,15.705259323120117,25.12642478942871,413.259004
2014-12-16,16.366535186767578,25.74140739440918,425.993267
2014-12-17,18.185033798217773,25.565698623657227,419.348259
2014-12-18,20.94034767150879,26.004972457885742,399.76713
2014-12-19,22.042465209960938,26.004972457885742,417.79907399999996
2014-12-22,21.41977310180664,26.004972457885742,408.1649
2014-12-23,22.262893676757813,25.477842330932617,419.768862
2014-12-29,22.042465209960938,26.619951248168945,396.555588
2014-12-30,21.9708309173584,26.795663833618164,402.579626
2015-01-02,21.430789947509766,27.147079467773438,395.827032
2015-01-05,19.964963912963867,27.586353302001953,382.567185
2015-01-06,20.268054962158203,28.02562713623047,369.67630399999996
2015-01-07,20.664817810058594,27.05922508239746,376.563591
2015-01-08,21.57406234741211,26.444242477416992,374.37896
2015-01-09,21.06157875061035,26.444242477416992,370.839665
2015-01-12,19.650861740112305,25.477842330932617,356.15895
2015-01-13,18.692018508911133,25.477842330932617,355.255488
2015-01-14,17.997678756713867,24.423585891723633,372.93174100000005
2015-01-15,17.887460708618164,24.775005340576172,353.04263199999997
2015-01-16,16.9175968170166,24.423585891723633,368.17487200000005
2015-01-20,16.87902069091797,24.599294662475586,355.664827
2015-01-21,16.945148468017578,24.599294662475586,364.25334000000004
2015-01-22,17.63397216796875,25.038570404052734,349.118523
2015-01-23,17.881954193115234,25.038570404052734,351.860292
2015-01-26,17.799291610717773,24.423585891723633,348.01088
2015-01-27,17.358444213867188,24.599294662475586,357.32280000000003
2015-01-28,18.0362491607666,25.477842330932617,341.75224
2015-01-29,17.52375602722168,25.038570404052734,344.030112
2015-01-30,17.744186401367188,26.356388092041016,373.421502
2015-02-02,19.6177978515625,25.74140739440918,379.82585
2015-02-03,22.042465209960938,26.268531799316406,402.695592
2015-02-04,20.896259307861328,26.53209686279297,365.32269
2015-02-05,21.023006439208984,26.092824935913086,382.118456
2015-02-06,21.023006439208984,26.356388092041016,386.83008
2015-02-09,20.901769638061523,26.268531799316406,404.864796
2015-02-10,20.223966598510742,25.74140739440918,379.60498
2015-02-11,19.397371292114258,26.707807540893555,371.02639999999997
2015-02-12,20.361732482910156,26.707807540893555,394.90959200000003
2015-02-13,21.326087951660156,26.883516311645508,400.40031
2015-02-17,22.25187110900879,26.444242477416992,402.230244
2015-02-18,22.3565731048584,26.883516311645508,391.845571
2015-02-19,20.7750244140625,26.883516311645508,388.10303999999996
2015-02-20,20.98994255065918,27.849916458129883,379.90971
2015-02-23,20.62624168395996,27.23493194580078,379.024968
2015-02-24,20.449899673461914,28.37704086303711,369.121872
2015-02-25,21.469369888305664,29.167736053466797,382.3221
2015-02-26,21.00096893310547,30.30984878540039,360.58661
2015-02-27,21.524471282958984,30.30984878540039,380.184504
2015-03-02,21.0064697265625,29.607011795043945,380.241243
2015-03-03,21.403234481811523,30.30984878540039,388.76991300000003
2015-03-04,21.502424240112305,30.30984878540039,399.05347300000005
2015-03-05,21.882658004760742,30.30984878540039,391.90273199999996
2015-03-06,22.59353256225586,29.870573043823242,386.54623699999996
2015-03-09,22.224323272705078,29.782718658447266,394.56504000000007
2015-03-10,21.337108612060547,29.167736053466797,389.57279400000004
2015-03-11,21.3150634765625,29.870573043823242,393.32304
2015-03-12,23.144594192504883,29.167736053466797,381.42697599999997
2015-03-13,23.061927795410156,29.607011795043945,366.166944
2015-03-16,22.158191680908203,29.870573043823242,361.442861
2015-03-17,21.6236629486084,29.694866180419922,358.68777400000005
2015-03-18,22.40065574645996,30.749116897583008,375.008038
2015-03-19,23.365020751953125,32.154788970947266,356.029358
2015-03-20,24.439592361450195,32.769775390625,371.9146
2015-03-23,24.95207405090332,32.769775390625,374.76336
2015-03-24,25.56926918029785,33.03334045410156,369.086737
2015-03-25,24.83084487915039,32.24264907836914,381.346875
2015-03-26,24.08139991760254,31.364097595214844,402.946439
2015-03-27,25.122907638549805,32.06694030761719,388.847939
2015-03-30,24.406530380249023,31.276248931884766,388.316532
2015-03-31,24.505720138549805,31.627668380737305,386.03093999999993
2015-04-01,24.21916961669922,31.627668380737305,404.974612
2015-04-07,26.91936492919922,30.92483139038086,434.205785
2015-04-08,28.958288192749023,31.45195960998535,402.91472
2015-04-09,29.20627212524414,31.45195960998535,408.336363
2015-04-10,28.73786735534668,32.06694030761719,420.707055
2015-04-13,27.773515701293945,34.5268669128418,420.83656
2015-04-14,27.938831329345703,34.790443420410156,427.95635999999996
2015-04-15,31.272754669189453,36.108253479003906,447.435
2015-04-16,31.46562385559082,36.19610595703125,443.128723
2015-04-17,31.520729064941406,37.77748489379883,432.582579
2015-04-20,30.80435562133789,37.42607116699219,443.78973599999995
2015-04-21,30.225732803344727,38.216758728027344,437.625804
2015-04-22,29.50935173034668,37.250362396240234,441.445647
2015-04-23,30.997211456298828,36.89894104003906,447.38356300000004
2015-04-24,30.556373596191406,38.216758728027344,438.31220399999995
2015-04-27,30.41861343383789,37.95319747924805,433.023528
2015-04-28,30.032861709594727,37.77748489379883,438.149705
2015-04-29,28.90318489074707,38.656036376953125,446.22711499999997
2015-04-30,30.280845642089844,38.743892669677734,445.725082
2015-05-04,31.245206832885742,40.41313171386719,447.132096
2015-05-05,31.410518646240234,41.02811050415039,458.809506
2015-05-06,31.961580276489258,40.85240173339844,456.45709500000004
2015-05-07,30.58392906188965,39.97385787963867,434.53213800000003
2015-05-08,31.245206832885742,41.71492385864258,443.762995
2015-05-11,30.88701057434082,39.41706466674805,447.83802999999995
2015-05-12,31.2176456451416,40.65436935424805,453.523752
2015-05-13,31.410518646240234,41.09627151489258,450.57980000000003
2015-05-15,31.35541343688965,42.42195510864258,441.56597099999993
2015-05-18,30.91456413269043,43.30575180053711,437.43679199999997
2015-05-19,29.50935173034668,43.30575180053711,428.18571
2015-05-20,28.985843658447266,43.217369079589844,445.330776
2015-05-21,29.48179817199707,43.04061508178711,455.85146399999996
2015-05-22,29.316484451293945,41.980064392089844,443.737344
2015-05-26,28.489896774291992,39.77058410644531,438.801297
2015-05-27,28.021484375,39.77058410644531,446.053311
2015-05-28,27.459407806396484,38.97517013549805,449.56663199999997
2015-05-29,28.131698608398438,38.44489288330078,468.8173
2015-06-01,27.801069259643555,38.35651779174805,479.23932
2015-06-02,28.710317611694336,38.97517013549805,482.19193
2015-06-03,28.54499053955078,38.97517013549805,467.03112300000004
2015-06-04,27.88372230529785,38.79841613769531,447.77160000000003
2015-06-05,28.352123260498047,38.09137725830078,464.137631
2015-06-08,29.261384963989258,38.00299835205078,459.856015
2015-06-09,28.65520477294922,36.50055694580078,469.37451
2015-06-10,29.39914321899414,37.11921310424805,473.245136
2015-06-11,28.73786735534668,37.82624816894531,475.126502
2015-06-12,28.32457160949707,37.73786163330078,464.666016
2015-06-15,28.29701805114746,36.50055694580078,462.315933
2015-06-16,28.29701805114746,35.88190841674805,466.75777999999997
2015-06-17,29.45425033569336,36.58893585205078,463.261128
2015-06-18,29.536903381347656,35.35163497924805,467.802958
2015-06-19,30.253293991088867,35.97028350830078,465.685858
2015-06-22,30.528827667236328,36.854068756103516,462.413056
2015-06-23,30.44615936279297,36.323795318603516,475.44518999999997
2015-06-24,30.831907272338867,36.23542404174805,469.302204
2015-06-25,30.72169303894043,37.03083038330078,465.803112
2015-06-26,30.528827667236328,36.50055694580078,465.275356
2015-06-29,29.45425033569336,35.79352951049805,461.48690200000004
2015-06-30,30.58392906188965,35.61676788330078,467.32246399999997
2015-07-01,31.35541343688965,36.58893585205078,448.51637999999997
2015-07-02,31.272754669189453,36.58893585205078,452.468254
2015-07-06,30.30838966369629,35.61676788330078,424.75737599999997
2015-07-07,29.48179817199707,35.79352951049805,430.042707
2015-07-08,30.473712921142578,38.00299835205078,424.62127499999997
2015-07-09,30.473712921142578,39.77058410644531,430.44773599999996
2015-07-10,30.198169708251953,40.56599426269531,419.67855
2015-07-13,30.060415267944336,39.32868957519531,420.55745799999994
2015-07-14,31.35541343688965,39.77058410644531,432.46359999999993
2015-07-15,31.272754669189453,41.273033142089844,417.42454
2015-07-16,31.548280715942383,44.012779235839844,414.90117000000004
2015-07-17,30.72169303894043,43.30575180053711,414.95184
2015-07-20,29.702224731445313,45.073326110839844,410.756681
2015-07-21,29.895099639892578,44.189537048339844,415.09600900000004
2015-07-22,28.68276023864746,43.48250198364258,402.176229
2015-07-23,28.65520477294922,44.41048812866211,392.04357899999997
2015-07-24,27.69085121154785,44.10116195678711,394.55393399999997
2015-07-27,26.67140007019043,42.863853454589844,385.70437300000003
2015-07-28,26.632808685302734,42.863853454589844,392.528916
2015-07-29,27.745962142944336,45.073326110839844,397.831521
2015-07-30,28.65520477294922,43.394126892089844,396.169802
2015-07-31,27.60819435119629,42.42195510864258,386.669458
2015-08-03,26.616281509399414,42.952232360839844,371.905225
2015-08-04,27.404298782348633,43.04061508178711,375.300975
2015-08-05,26.423412322998047,44.41048812866211,373.026528
2015-08-06,25.045753479003906,43.74764633178711,370.57394899999997
2015-08-07,25.899898529052734,43.30575180053711,362.515358
2015-08-10,25.233112335205078,42.333580017089844,370.098876
2015-08-11,25.238624572753906,42.06843185424805,354.217626
2015-08-12,25.899898529052734,41.09627151489258,351.650886
2015-08-13,26.010116577148438,40.91950988769531,345.286722
2015-08-14,26.081750869750977,40.21248245239258,347.228265
2015-08-17,26.054197311401367,39.59382629394531,345.960237
2015-08-18,25.82275390625,40.21248245239258,352.47724
2015-08-19,24.7426700592041,38.88679122924805,338.3717
2015-08-20,24.439592361450195,37.29596710205078,338.48780000000005
2015-08-21,24.4010066986084,35.61676788330078,332.551585
2015-08-24,22.191253662109375,33.937564849853516,311.45860200000004
2015-08-25,23.39807891845703,36.76569366455078,319.45225500000004
2015-08-26,23.811378479003906,36.50055694580078,320.84360000000004
2015-08-27,24.577356338500977,37.20758819580078,353.885522
2015-08-28,27.11223793029785,36.323795318603516,375.40880999999996
2015-08-31,26.66036605834961,38.35651779174805,410.55432
2015-09-01,27.21143341064453,36.23542404174805,377.87018400000005
2015-09-02,27.07366371154785,35.88190841674805,382.63709
2015-09-03,28.46234130859375,36.76569366455078,386.06617500000004
2015-09-04,27.222455978393555,36.23542404174805,380.8062960000001
2015-09-08,26.368310928344727,37.64948654174805,379.492064
2015-09-09,27.057130813598633,38.62165069580078,364.482909
2015-09-10,26.065216064453125,39.59382629394531,376.14423
2015-09-11,25.007184982299805,39.59382629394531,368.18957500000005
2015-09-14,24.56633758544922,39.06355667114258,360.86278799999997
2015-09-15,25.701519012451172,40.12410354614258,364.53511799999995
2015-09-16,26.263595581054688,40.47761535644531,387.70807199999996
2015-09-17,26.572195053100586,39.94734573364258,382.36217500000004
2015-09-18,25.833770751953125,38.71002960205078,361.663661
2015-09-21,26.175437927246094,38.97517013549805,382.50732
2015-09-22,26.15890884399414,38.71002960205078,381.382668
2015-09-23,25.277196884155273,38.26813507080078,368.899879
2015-09-24,24.35692596435547,36.41218185424805,378.318402
2015-09-25,24.83635711669922,35.97028350830078,388.591605
2015-09-28,24.103450775146484,35.79352951049805,380.87652
2015-09-29,24.79778289794922,35.174869537353516,384.485712
2015-09-30,26.175437927246094,35.26325607299805,383.086602
2015-10-01,28.65520477294922,36.23542404174805,379.430775
2015-10-02,28.875633239746094,36.67731475830078,384.08891400000005
2015-10-05,29.426694869995117,37.03083038330078,386.641632
2015-10-06,29.895099639892578,36.67731475830078,405.41961999999995
2015-10-07,30.80435562133789,36.23542404174805,393.29433599999993
2015-10-08,30.39105224609375,35.97028350830078,405.141698
2015-10-09,30.666584014892578,36.67731475830078,401.72599299999996
2015-10-12,29.61956787109375,36.23542404174805,379.1875160000001
2015-10-13,29.729782104492188,35.08649444580078,380.57231
2015-10-14,30.198169708251953,34.46784210205078,377.61906600000003
2015-10-15,31.07988739013672,37.03083038330078,373.70685
2015-10-16,30.859458923339844,36.23542404174805,383.0827
2015-10-19,29.812437057495117,36.41218185424805,372.0867769999999
2015-10-20,29.674667358398438,37.03083038330078,372.24372
2015-10-21,29.068506240844727,37.11921310424805,368.900238
2015-10-22,28.60010528564453,36.942447662353516,368.07223999999997
2015-10-23,28.958288192749023,37.11921310424805,366.54311599999994
2015-10-26,28.73786735534668,38.97517013549805,361.884691
2015-10-27,27.415319442749023,38.97517013549805,365.768329
2015-10-28,29.068506240844727,39.59382629394531,390.31314
2015-10-29,28.79297637939453,38.00299835205078,394.39140000000003
2015-10-30,28.73786735534668,37.29596710205078,397.30694
2015-11-02,28.62765121459961,38.88679122924805,390.34123199999993
2015-11-03,30.30838966369629,38.44489288330078,407.4779520000001
2015-11-04,30.997211456298828,38.44489288330078,395.104968
2015-11-05,31.410518646240234,38.00299835205078,387.121878
2015-11-06,32.67795181274414,38.26813507080078,378.231312
2015-11-09,33.339237213134766,38.26813507080078,378.102369
2015-11-10,33.036155700683594,39.77058410644531,383.06276099999997
2015-11-11,32.78817367553711,41.36140823364258,369.66206
2015-11-12,30.280845642089844,40.56599426269531,362.841646
2015-11-13,31.410518646240234,39.94734573364258,352.766024
2015-11-16,31.548280715942383,39.77058410644531,361.682368
2015-11-17,31.43807029724121,39.85895919799805,352.59961
2015-11-18,32.9534912109375,37.47272872924805,352.76867500000003
2015-11-19,32.67795181274414,37.47272872924805,351.18733
2015-11-20,32.48508834838867,37.03083038330078,339.191229
2015-11-23,32.374874114990234,36.854068756103516,338.935443
2015-11-24,31.686050415039063,35.97028350830078,353.539029
2015-11-25,30.58392906188965,34.99811553955078,357.492816
2015-11-27,30.969667434692383,35.26325607299805,352.342336
2015-11-30,31.63094711303711,36.23542404174805,351.348829
2015-12-01,32.45753479003906,36.854068756103516,352.26280599999996
2015-12-02,33.339237213134766,36.942447662353516,343.933062
2015-12-03,32.98104476928711,37.29596710205078,353.168868
2015-12-04,32.237117767333984,37.56110382080078,339.368
2015-12-07,30.859458923339844,37.56110382080078,324.77674
2015-12-08,31.13499641418457,36.854068756103516,329.561842
2015-12-09,31.410518646240234,36.23542404174805,323.91628799999995
2015-12-10,31.43807029724121,36.23542404174805,317.01088799999997
2015-12-11,29.895099639892578,35.174869537353516,310.54715
2015-12-14,28.54499053955078,34.46784210205078,316.36903
2015-12-15,28.958288192749023,34.90972900390625,322.41494400000005
2015-12-16,29.15117073059082,35.61676788330078,310.710555
2015-12-17,28.159257888793945,35.79352951049805,306.8865359999999
2015-12-18,28.159257888793945,34.20270538330078,304.39371199999994
2015-12-21,28.04904556274414,33.142154693603516,303.81542499999995
2015-12-22,28.820524215698242,33.849185943603516,314.73161999999996
2015-12-23,30.198169708251953,34.20270538330078,320.826576
2015-12-28,30.501262664794922,34.46784210205078,316.36836
2015-12-29,30.694129943847656,34.55621337890625,328.976436
2015-12-30,30.44615936279297,34.46784210205078,322.02859
2016-01-04,31.768712997436523,34.20270538330078,325.860525
2016-01-05,32.20956039428711,34.55621337890625,320.93872799999997
2016-01-06,29.2889347076416,34.29108428955078,304.296466
2016-01-07,26.236045837402344,32.96539306640625,297.04667
2016-01-08,24.79778289794922,32.16998291015625,295.92820000000006
2016-01-11,23.860979080200195,31.904848098754883,279.254676
2016-01-12,24.79778289794922,31.551328659057617,270.591984
2016-01-13,24.13650131225586,30.57915687561035,268.83979200000005
2016-01-14,23.905057907104492,29.34185218811035,275.34479
2016-01-15,24.621440887451172,30.13726043701172,259.27191
2016-01-19,24.21916961669922,31.021059036254883,252.03067499999997
2016-01-20,23.431150436401367,29.87212562561035,236.41948399999998
2016-01-21,24.47816276550293,30.75592041015625,263.22549
2016-01-22,26.44545555114746,31.197813034057617,280.952442
2016-01-25,25.34883689880371,32.435123443603516,265.08216699999997
2016-01-26,25.486608505249023,32.78863525390625,258.569528
2016-01-27,24.968608856201172,33.318912506103516,280.5376
2016-01-28,27.60819435119629,32.87701416015625,287.734761
2016-01-29,28.985843658447266,32.523494720458984,292.35056399999996
2016-02-01,27.58063316345215,32.25836181640625,273.550944
2016-02-02,26.092777252197266,32.523494720458984,260.75491
2016-02-03,27.553085327148438,32.611881256103516,280.984351
2016-02-04,28.710317611694336,32.70025634765625,269.206093
2016-02-05,29.536903381347656,32.611881256103516,263.5444
2016-02-08,27.82862091064453,31.728090286254883,256.620125
2016-02-09,29.20627212524414,29.60698890686035,240.64333200000002
2016-02-10,28.021484375,29.43022918701172,235.33756199999996
2016-02-11,27.88372230529785,28.36968231201172,224.08164
2016-02-12,28.84807777404785,29.34185218811035,251.65356
2016-02-16,28.65520477294922,28.016164779663086,249.885195
2016-02-17,30.859458923339844,29.60698890686035,264.357288
2016-02-18,32.0717887878418,29.87212562561035,264.378917
2016-02-19,30.776798248291016,29.96050453186035,254.293501
2016-02-22,32.374874114990234,30.75592041015625,270.08315200000004
2016-02-23,32.237117767333984,31.728090286254883,273.7444
2016-02-24,30.72169303894043,30.75592041015625,264.93729
2016-02-25,31.272754669189453,30.57915687561035,271.69478
2016-02-26,32.12690353393555,30.844295501708984,273.895935
2016-02-29,33.61477279663086,30.402400970458984,285.794008
2016-03-01,33.06370544433594,30.490781784057617,297.559475
2016-03-02,32.567745208740234,29.78374671936035,300.036487
2016-03-03,33.06370544433594,29.518611907958984,298.78848000000005
2016-03-04,33.477012634277344,30.75592041015625,307.149003
2016-03-07,34.6066780090332,31.021059036254883,323.82139
2016-03-08,34.66178894042969,32.16998291015625,313.51383200000004
2016-03-09,33.50455093383789,31.374570846557617,322.147584
2016-03-10,33.421905517578125,31.374570846557617,323.27720700000003
2016-03-11,34.138275146484375,31.46294593811035,327.666186
2016-03-14,33.06370544433594,32.70025634765625,314.95752
2016-03-15,32.62285614013672,31.728090286254883,309.940352
2016-03-16,33.06370544433594,31.816465377807617,330.044526
2016-03-17,33.752532958984375,31.28619384765625,336.56032799999997
2016-03-18,35.21284103393555,33.584049224853516,329.333733
2016-03-21,34.771995544433594,34.37946319580078,334.36598
2016-03-22,34.716888427734375,34.99811553955078,349.24941000000007
2016-03-23,34.4964599609375,35.35163497924805,322.945392
2016-03-29,33.008602142333984,33.672428131103516,312.71259299999997
2016-03-30,33.86275100708008,34.46784210205078,307.364334
2016-03-31,34.16583251953125,34.64459991455078,305.46424799999994
2016-04-01,33.339237213134766,34.90972900390625,291.988736
2016-04-04,31.768712997436523,35.08649444580078,284.40531
2016-04-05,31.35541343688965,34.02594757080078,288.4870920000001
2016-04-06,32.347328186035156,35.174869537353516,315.476208
2016-04-07,33.09125900268555,34.02594757080078,310.32854000000003
2016-04-08,34.16583251953125,34.37946319580078,329.38896400000004
2016-04-11,34.38625717163086,34.29108428955078,333.23260600000003
2016-04-12,34.331146240234375,34.73297882080078,345.632508
2016-04-13,35.543479919433594,35.52839660644531,343.67055000000005
2016-04-14,36.48028564453125,35.52839660644531,341.26614
2016-04-15,35.736358642578125,35.174869537353516,333.12627999999995
2016-04-18,34.63422775268555,35.174869537353516,328.03383
2016-04-19,37.77528762817383,34.82135772705078,333.650296
2016-04-20,37.66506576538086,34.73297882080078,346.65571199999994
2016-04-21,38.29877853393555,34.82135772705078,349.90913
2016-04-22,37.88550567626953,33.318912506103516,350.961252
2016-04-25,37.66506576538086,33.407291412353516,343.064943
2016-04-26,36.86603546142578,32.70025634765625,347.626512
2016-04-27,38.408992767333984,32.346736907958984,368.68777399999993
2016-04-28,38.684532165527344,32.70025634765625,374.70721499999996
2016-04-29,39.621341705322266,31.374570846557617,371.573576
2016-05-02,39.18049621582031,31.197813034057617,359.5036
2016-05-03,38.98762512207031,31.197813034057617,351.229725
2016-05-04,38.877410888671875,31.816465377807617,355.37300700000003
2016-05-06,38.90495681762695,32.050540924072266,364.82043
2016-05-09,39.456024169921875,32.41066360473633,355.87288000000007
2016-05-10,39.78665542602539,32.050540924072266,367.33662000000004
2016-05-11,40.17239761352539,32.050540924072266,378.60315099999997
2016-05-12,41.35719299316406,32.50069808959961,378.06850399999996
2016-05-13,40.14484786987305,34.12122344970703,377.474118
2016-05-18,42.43174362182617,33.31095504760742,395.849556
2016-05-19,40.42037582397461,32.59072494506836,402.559808
2016-05-20,41.27452850341797,33.31095504760742,396.671604
2016-05-23,41.41229248046875,33.671077728271484,401.854932
2016-05-24,42.48686599731445,34.75143051147461,401.575968
2016-05-25,44.140037536621094,34.931495666503906,409.43999
2016-05-26,42.982818603515625,35.11155319213867,405.7151
2016-05-27,43.20323181152344,34.571372985839844,410.24083199999995
2016-05-31,43.06548309326172,37.09220504760742,410.26487000000003
2016-06-01,42.183780670166016,36.91214370727539,408.76782099999997
2016-06-02,42.62461853027344,36.46199417114258,410.058558
2016-06-03,44.96663284301758,37.09220504760742,405.324774
2016-06-06,46.674930572509766,36.82211685180664,407.06524800000005
2016-06-07,47.11578369140625,36.82211685180664,409.35699
2016-06-08,47.804603576660156,36.19190979003906,414.48143799999997
2016-06-09,46.17897415161133,35.56169891357422,411.92997600000007
2016-06-10,49.76089096069336,34.661407470703125,402.675452
2016-06-13,53.81117248535156,34.571372985839844,404.66252999999995
2016-06-14,51.965126037597656,33.31095504760742,404.57146600000004
2016-06-15,51.22121047973633,34.21125793457031,398.61293600000005
2016-06-16,51.000770568847656,31.6904239654541,387.313002
2016-06-17,51.000770568847656,32.050540924072266,402.24480000000005
2016-06-20,51.66204833984375,32.32063674926758,407.92544
2016-06-21,52.68150329589844,33.58104705810547,405.47243000000003
2016-06-22,52.65394592285156,33.58104705810547,407.619972
2016-06-23,53.287681579589844,34.12122344970703,402.87096800000006
2016-06-24,52.40596389770508,33.94116973876953,397.5384200000001
2016-06-27,50.780330657958984,32.050540924072266,391.64038
2016-06-28,51.79979705810547,33.130897521972656,405.952721
2016-06-29,53.315208435058594,33.22092819213867,418.33123
2016-06-30,55.877662658691406,32.86081314086914,404.386752
2016-07-01,56.59403610229492,33.130897521972656,409.30719600000003
2016-07-05,55.7674446105957,32.14057159423828,390.7328949999999
2016-07-06,55.326602935791016,31.6904239654541,400.21018200000003
2016-07-07,57.6961555480957,31.60039710998535,382.746602
2016-07-08,57.80636978149414,32.14057159423828,384.96898699999997
2016-07-11,57.861480712890625,33.040863037109375,380.790963
2016-07-12,59.67997741699219,32.14057159423828,394.66450799999996
2016-07-13,60.01060104370117,31.870485305786133,377.47784899999994
2016-07-14,61.663814544677734,32.41066360473633,381.445428
2016-07-15,60.61677932739258,32.50069808959961,384.604041
2016-07-18,59.955509185791016,32.950836181640625,383.12976100000003
2016-07-19,59.51466751098633,32.77077865600586,378.19007999999997
2016-07-20,57.861480712890625,33.130897521972656,381.921712
2016-07-21,60.61677932739258,34.03119659423828,373.312716
2016-07-22,58.5778694152832,32.050540924072266,369.883587
2016-07-25,56.86956787109375,32.680747985839844,363.31287999999995
2016-07-26,57.641048431396484,31.6904239654541,361.79182399999996
2016-07-27,58.853389739990234,31.960512161254883,359.82462999999996
2016-07-28,58.35742950439453,31.6904239654541,350.1232380000001
2016-07-29,58.743167877197266,32.050540924072266,355.449472
2016-08-01,59.790199279785156,32.59072494506836,338.85103499999997
2016-08-02,56.48382568359375,32.50069808959961,333.00475
2016-08-03,56.81446075439453,32.23060989379883,343.28711999999996
2016-08-04,58.743167877197266,32.32063674926758,354.29526400000003
2016-08-05,60.06572341918945,32.41066360473633,352.53905699999996
2016-08-08,59.56977462768555,32.680747985839844,365.333958
2016-08-09,62.82103729248047,32.77077865600586,361.34127
2016-08-10,62.545509338378906,32.050540924072266,345.56892500000004
2016-08-11,63.151668548583984,31.6904239654541,360.053952
2016-08-12,62.7108268737793,31.60039710998535,365.209875
2016-08-15,63.31698226928711,31.240276336669922,375.21489599999995
2016-08-16,63.372100830078125,29.61974334716797,379.73643699999997
2016-08-17,62.7108268737793,28.539390563964844,385.288429
2016-08-18,62.765953063964844,28.359329223632813,393.35538
2016-08-19,62.87614059448242,28.17926788330078,398.282592
2016-08-22,62.38019561767578,28.269298553466797,386.12808
2016-08-23,61.49850082397461,28.359329223632813,389.390632
2016-08-24,63.04145812988281,28.449359893798828,379.832595
2016-08-25,62.325077056884766,28.539390563964844,385.957187
2016-08-26,62.82103729248047,29.079565048217773,390.32404799999995
2016-08-29,62.765953063964844,28.80947494506836,389.935546
2016-08-30,63.20677947998047,28.269298553466797,385.19712000000004
2016-08-31,62.65571212768555,27.99921226501465,372.32737599999996
2016-09-01,61.82912826538086,27.81915283203125,360.396111
2016-09-02,63.53742599487305,27.45903205871582,369.50236
2016-09-06,65.19060516357422,28.269298553466797,370.21881
2016-09-07,66.127410888671875,27.81915283203125,372.044634
2016-09-08,65.35590362548828,27.27897071838379,387.70820000000003
2016-09-09,64.74974822998047,27.188945770263672,376.509632
2016-09-12,63.482330322265625,26.82882308959961,382.21726400000006
2016-09-13,62.7108268737793,26.64876937866211,368.62127999999996
2016-09-14,64.529327392578125,26.55873680114746,360.64143599999994
2016-09-15,64.63953399658203,25.65843963623047,360.99512500000003
2016-09-16,65.35590362548828,26.10858917236328,355.11873599999996
2016-09-19,65.35590362548828,25.838502883911133,359.084902
2016-09-20,64.47423553466797,24.938207626342773,363.25340000000006
2016-09-21,64.2538070678711,25.028230667114258,375.314268
2016-09-22,66.07231140136719,26.018558502197266,373.59439999999995
2016-09-23,66.01720428466797,27.27897071838379,360.08786399999997
2016-09-26,63.9782600402832,26.55873680114746,369.7476
2016-09-27,63.096561431884766,26.198619842529297,362.56246500000003
2016-09-28,62.7108268737793,26.378677368164063,381.121083
2016-09-29,66.127410888671875,27.549060821533203,384.46095199999996
2016-09-30,70.0399398803711,27.909181594848633,384.227124
2016-10-03,69.43377685546875,28.62941551208496,389.25808
2016-10-04,70.866546630859375,29.70977020263672,388.868433
2016-10-05,70.480804443359375,29.079565048217773,398.81590000000006
2016-10-06,72.24418640136719,28.62941551208496,405.58299600000004
2016-10-07,71.36250305175781,27.549060821533203,402.055824
2016-10-10,73.51164245605469,27.27897071838379,403.28987199999995
2016-10-11,71.30738067626953,26.918853759765625,413.82955200000004
2016-10-12,72.24418640136719,27.27897071838379,410.812062
2016-10-13,71.252288818359375,28.449359893798828,415.024904
2016-10-14,72.46461486816406,28.17926788330078,413.016015
2016-10-17,71.80333709716797,27.549060821533203,410.498553
2016-10-18,71.9135513305664,27.27897071838379,409.81925
2016-10-19,71.638031005859375,26.64876937866211,420.9589230000001
2016-10-20,71.80333709716797,26.468711853027344,410.66040599999997
2016-10-21,70.9216537475586,27.098913192749023,416.27231099999995
2016-10-24,71.03185272216797,26.10858917236328,414.00507200000004
2016-10-25,72.9605712890625,28.899507522583008,408.75370000000004
2016-10-26,70.59100341796875,30.700098037719727,403.498875
2016-10-27,71.9686508178711,31.060218811035156,408.790185
2016-10-28,71.638031005859375,30.520038604736328,403.45032000000003
2016-10-31,73.0707778930664,29.979862213134766,386.520771
2016-11-01,75.38524627685547,30.880157470703125,381.800116
2016-11-02,71.638031005859375,29.61974334716797,370.62696000000005
2016-11-03,70.4256820678711,29.169597625732422,365.60909
2016-11-04,68.88270568847656,28.539390563964844,361.911654
2016-11-07,70.20526885986328,28.80947494506836,369.33996
2016-11-08,70.31544494628906,29.25962257385254,369.656624
2016-11-09,69.6541976928711,28.0892391204834,373.97124
2016-11-10,68.88270568847656,27.549060821533203,371.590898
2016-11-11,67.50506591796875,27.188945770263672,362.701349
2016-11-14,67.72550201416016,26.73879623413086,366.943356
2016-11-15,72.46461486816406,26.55873680114746,387.021712
2016-11-16,71.9135513305664,26.64876937866211,386.20756400000005
2016-11-17,71.36250305175781,27.81915283203125,384.72852599999993
2016-11-18,70.9216537475586,27.45903205871582,391.33941899999996
2016-11-21,73.45655059814453,27.008882522583008,405.721348
2016-11-22,73.89737701416016,26.82882308959961,410.03709999999995
2016-11-23,74.117828369140625,27.7291202545166,399.600832
2016-11-25,72.9605712890625,30.430007934570313,400.02131199999997
2016-11-28,72.24418640136719,31.42033576965332,391.77649799999995
2016-11-29,72.29109191894531,31.15024757385254,388.687838
2016-11-30,76.37471771240234,30.430007934570313,419.02150499999993
2016-12-01,78.47172546386719,29.52971076965332,430.80871999999994
2016-12-02,77.97505187988281,30.79012680053711,436.54963
2016-12-05,79.0235595703125,30.520038604736328,434.173884
2016-12-06,77.64395904541016,31.15024757385254,426.25789
2016-12-07,77.4783935546875,31.060218811035156,417.698135
2016-12-08,78.63728332519531,30.24994659423828,425.84600800000004
2016-12-09,77.97505187988281,30.15991973876953,438.09770100000003
2016-12-12,81.28611755371094,29.979862213134766,445.463136
2016-12-13,82.11388397216797,32.23060989379883,446.97065000000003
2016-12-14,82.16902160644531,32.14057159423828,432.38116399999996
2016-12-15,80.6238784790039,32.23060989379883,439.64365999999995
2016-12-16,82.16902160644531,31.780452728271484,450.81471600000003
2016-12-19,81.12055969238281,32.950836181640625,452.59787300000005
2016-12-20,81.78273010253906,32.86081314086914,455.20174000000003
2016-12-21,82.5553207397461,32.59072494506836,445.542416
2016-12-22,81.83795166015625,32.32063674926758,452.7821859999999
2016-12-23,82.66571044921875,32.680747985839844,452.72624599999995
2016-12-27,83.714202880859375,32.950836181640625,460.57983599999994
2016-12-28,84.92823028564453,34.03119659423828,471.383077
2016-12-29,85.4800796508789,34.84146499633789,467.1184999999999
2016-12-30,85.25936126708984,34.661407470703125,463.32499999999993
2017-01-03,87.63226318359375,35.021522521972656,453.835536
2017-01-04,85.86640930175781,34.84146499633789,458.786966
2017-01-05,87.57709503173828,34.84146499633789,461.94344700000005
2017-01-06,85.8111801147461,35.38163757324219,458.122862
2017-01-09,85.7560043334961,35.92182540893555,445.5595650000001
2017-01-10,83.714202880859375,35.11155319213867,436.447242
2017-01-11,84.26605224609375,34.931495666503906,450.357948
2017-01-12,85.7560043334961,34.75143051147461,449.85876299999995
2017-01-13,89.1222152709961,34.39131546020508,444.87150399999996
2017-01-17,87.13560485839844,34.48134231567383,443.595875
2017-01-18,88.01856994628906,34.661407470703125,433.0170719999999
2017-01-19,88.23926544189453,36.10187530517578,434.47675499999997
2017-01-20,88.73592376708984,35.65172576904297,442.926353
2017-01-23,87.52188873291016,35.38163757324219,442.9408260000001
2017-01-24,86.63895416259766,34.75143051147461,436.555872
2017-01-25,88.57041931152344,33.58104705810547,434.14892399999997
2017-01-26,87.46672058105469,34.03119659423828,443.909796
2017-01-27,87.46672058105469,35.741756439208984,444.068954
2017-01-30,86.85968017578125,34.661407470703125,439.44997400000005
2017-01-31,82.61051940917969,33.31095504760742,435.93127499999997
2017-02-01,85.70081329345703,34.30128479003906,443.73713999999995
2017-02-02,84.431610107421875,34.39131546020508,438.85831499999995
2017-02-03,84.54195404052734,34.571372985839844,443.70649799999995
2017-02-06,88.515228271484375,34.39131546020508,437.75657999999993
2017-02-07,90.06036376953125,34.21125793457031,434.330399
2017-02-08,87.85298156738281,34.21125793457031,436.22115199999996
2017-02-09,88.12096405029297,34.30128479003906,440.39459100000005
2017-02-10,89.17066955566406,35.11155319213867,451.146896
2017-02-13,89.502166748046875,34.39131546020508,443.54
2017-02-14,89.44691467285156,34.571372985839844,444.745143
2017-02-15,87.56846618652344,33.94116973876953,445.42294799999996
2017-02-16,86.68450927734375,33.94116973876953,444.697001
2017-02-17,84.0325927734375,33.130897521972656,444.55813499999994
2017-02-21,87.07122802734375,34.75143051147461,451.855692
2017-02-22,85.02708435058594,34.48134231567383,449.52521099999996
2017-02-23,84.75080871582031,34.21125793457031,453.802056
2017-02-24,81.656890869140625,34.03119659423828,449.693508
2017-02-27,80.93868255615234,34.30128479003906,451.142132
2017-02-28,81.49117279052734,34.21125793457031,451.9584
2017-03-01,82.37513732910156,34.661407470703125,452.80918799999995
2017-03-02,81.43592071533203,34.661407470703125,444.65508100000005
2017-03-03,81.54642486572266,35.11155319213867,450.782491
2017-03-06,79.33650207519531,35.11155319213867,450.311859
2017-03-07,82.098907470703125,34.84146499633789,445.525296
2017-03-08,81.60166931152344,34.84146499633789,422.54843399999993
2017-03-09,78.72875213623047,34.661407470703125,417.95324999999997
2017-03-10,79.5574951171875,34.661407470703125,414.10450999999995
2017-03-13,78.89451599121094,35.11155319213867,410.55269499999997
2017-03-14,78.39726257324219,35.29161071777344,406.632472
2017-03-15,78.28675842285156,35.56169891357422,415.74333600000006
2017-03-16,78.94976043701172,36.37196731567383,412.42886999999996
2017-03-17,77.84479522705078,37.3622932434082,409.80235
2017-03-20,77.45805358886719,37.722412109375,405.708426
2017-03-21,77.78951263427734,37.992496490478516,397.21555600000005
2017-03-22,77.56852722167969,38.17255401611328,400.229457
2017-03-23,76.46357727050781,37.812435150146484,398.6164
2017-03-24,77.73429107666016,36.64205551147461,401.83241999999996
2017-03-27,73.81166076660156,34.931495666503906,398.08072400000003
2017-03-28,76.07685089111328,34.75143051147461,411.40819199999993
2017-03-29,76.187347412109375,34.03119659423828,423.02786399999997
2017-03-30,77.62379455566406,34.39131546020508,429.56703
2017-03-31,76.021575927734375,34.48134231567383,433.41587799999996
2017-04-03,77.347564697265625,34.03119659423828,431.129925
2017-04-04,76.85030364990234,33.85113525390625,439.43182
2017-04-05,77.67902374267578,33.040863037109375,439.01133000000004
2017-04-06,78.39726257324219,32.680747985839844,444.342747
2017-04-07,79.94420623779297,32.86081314086914,450.15987500000006
2017-04-10,79.225982666015625,32.86081314086914,458.68247600000007
2017-04-11,78.0105209350586,32.950836181640625,458.8011000000001
2017-04-12,80.05470275878906,33.40098571777344,455.99270399999995
2017-04-18,78.78400421142578,35.20158004760742,447.363142
2017-04-19,77.78951263427734,34.84146499633789,430.88670900000005
2017-04-20,75.96634674072266,34.661407470703125,430.894058
2017-04-21,75.13762664794922,34.661407470703125,429.10801599999996
2017-04-24,77.01604461669922,35.741756439208984,416.74046999999996
2017-04-25,79.33650207519531,35.475921630859375,421.013114
2017-04-26,79.11549377441406,35.475921630859375,422.41096200000004
2017-04-27,78.50775909423828,35.75092697143555,420.11107200000004
2017-04-28,80.49671173095703,35.65925979614258,420.65867900000006
2017-05-02,81.2701644897461,36.850955963134766,409.39926999999994
2017-05-03,79.06024169921875,37.950984954833984,410.884083
2017-05-04,78.56302642822266,37.400970458984375,395.1918
2017-05-05,79.5574951171875,36.94261932373047,400.777116
2017-05-08,79.66796875,36.6676139831543,401.247144
2017-05-09,80.27571105957031,37.03429412841797,396.3326400000001
2017-05-10,80.1567611694336,36.20927047729492,410.30056800000006
2017-05-11,81.65038299560547,35.65925979614258,410.874359
2017-05-12,80.70994567871094,35.75092697143555,411.916743
2017-05-15,82.70145416259766,36.02592849731445,415.58850199999995
2017-05-16,83.19927978515625,35.56759262084961,413.070336
2017-05-18,80.82057189941406,36.6676139831543,417.417776
2017-05-19,81.15251159667969,36.484275817871094,422.773544
2017-05-22,82.092926025390625,36.11760330200195,423.55724100000003
2017-05-23,81.81634521484375,36.30093765258789,427.373424
2017-05-24,81.926971435546875,36.75928497314453,427.505259
2017-05-26,79.38232421875,37.58430480957031,416.34805
2017-05-30,79.10570526123047,38.317657470703125,419.31394400000005
2017-05-31,76.33977508544922,38.9593391418457,406.200993
2017-06-01,76.395111083984375,38.40932846069336,408.709888
2017-06-02,76.063201904296875,38.225990295410156,403.46816
2017-06-06,76.56105041503906,38.50099563598633,406.81882500000006
2017-06-07,76.94828033447266,38.04265213012695,387.98553999999996
2017-06-08,73.90575408935547,39.32601547241211,387.41208
2017-06-09,72.74407196044922,39.692691802978516,390.381818
2017-06-12,75.1780776977539,39.142677307128906,390.23189
2017-06-13,74.79085540771484,39.60102462768555,391.157403
2017-06-14,73.96106719970703,39.50935363769531,376.374849
2017-06-15,70.47600555419922,39.41768264770508,377.225669
2017-06-16,70.03345489501953,40.701053619384766,378.98387099999997
2017-06-19,70.47600555419922,41.251060485839844,373.381176
2017-06-20,67.32283782958984,41.61774444580078,368.793062
2017-06-21,67.98664855957031,41.70941162109375,362.63476799999995
2017-06-22,66.93563079833984,42.44276428222656,361.194531
2017-06-23,67.48876953125,41.98441696166992,362.93847999999997
2017-06-26,67.3781509399414,42.99278259277344,366.37252000000007
2017-06-27,69.53559112548828,43.084449768066406,373.5231
2017-06-28,68.705810546875,42.80944061279297,377.663762
2017-06-29,68.04197692871094,43.17612075805664,376.327776
2017-06-30,68.318572998046875,43.35945510864258,385.96974000000006
2017-07-05,70.36536407470703,43.90946578979492,378.134575
2017-07-06,69.75684356689453,44.00114059448242,381.02516
2017-07-07,69.20369720458984,43.90946578979492,370.73977499999995
2017-07-10,69.812164306640625,43.26778793334961,371.06412
2017-07-11,69.53559112548828,43.90946578979492,375.809412
2017-07-12,72.63343048095703,44.73448944091797,376.137792
2017-07-13,72.412139892578125,44.82616424560547,381.31692200000003
2017-07-14,74.29298400878906,44.36781692504883,382.52313000000004
2017-07-17,77.058929443359375,45.009498596191406,375.633648
2017-07-18,76.450408935546875,43.726131439208984,373.71024
2017-07-19,77.61210632324219,43.084449768066406,379.88034000000005
2017-07-20,78.93974304199219,43.084449768066406,378.39617499999997
2017-07-21,77.94403839111328,43.084449768066406,366.945012
2017-07-24,78.16529846191406,42.167755126953125,371.033953
2017-07-25,78.44188690185547,41.89274978637695,380.04856600000005
2017-07-26,80.1014633178711,41.06772994995117,387.561524
2017-07-27,81.318450927734375,41.15939712524414,389.99164499999995
2017-07-28,82.0376205444336,41.70941162109375,395.060204
2017-07-31,82.092926025390625,42.25942611694336,398.401287
2017-08-01,81.30918884277344,41.52607345581055,388.71905599999997
2017-08-02,80.97686004638672,42.25942611694336,392.07312
2017-08-03,81.47534942626953,42.626102447509766,387.640986
2017-08-04,80.97686004638672,43.084449768066406,391.023031
2017-08-07,81.80769348144531,43.90946578979492,392.550744
2017-08-08,81.973846435546875,43.45112991333008,387.216277
2017-08-09,81.75228118896484,42.167755126953125,394.815744
2017-08-10,81.530731201171875,41.251060485839844,386.247342
2017-08-11,79.70291900634766,41.15939712524414,389.879637
2017-08-14,79.92449951171875,42.5344352722168,377.098401
2017-08-15,78.09671783447266,43.35945510864258,378.88077899999996
2017-08-16,79.758331298828125,41.98441696166992,372.14424
2017-08-17,76.43506622314453,41.89274978637695,375.218505
2017-08-18,75.77040100097656,41.70941162109375,385.66854800000004
2017-08-21,76.712005615234375,41.251060485839844,374.343088
2017-08-22,76.98892974853516,41.89274978637695,376.563655
2017-08-23,76.32428741455078,41.98441696166992,382.41585000000003
2017-08-24,76.93355560302734,41.89274978637695,370.465528
2017-08-25,78.20747375488281,41.70941162109375,372.379985
2017-08-28,77.81977081298828,41.61774444580078,360.38415999999995
2017-08-29,77.37667083740234,41.43440246582031,358.304166
2017-08-30,77.210479736328125,41.251060485839844,358.101936
2017-08-31,78.65057373046875,42.44276428222656,370.844494
2017-09-01,79.86910247802734,42.7177734375,367.425604
2017-09-05,81.91844177246094,41.342735290527344,379.503657
2017-09-06,82.41693878173828,41.43440246582031,381.99066300000004
2017-09-07,81.80769348144531,41.06772994995117,381.19276
2017-09-08,81.641510009765625,40.88439178466797,366.198848
2017-09-11,80.8106918334961,41.342735290527344,375.401466
2017-09-12,79.6475601196289,41.89274978637695,378.120672
2017-09-13,81.419952392578125,41.80107879638672,386.78808
2017-09-14,82.583099365234375,42.44276428222656,394.138314
2017-09-15,80.58915710449219,41.98441696166992,389.37469
2017-09-18,81.8630599975586,41.70941162109375,389.96184
2017-09-19,82.693878173828125,41.80107879638672,386.570528
2017-09-20,82.47234344482422,41.342735290527344,391.361809
2017-09-21,83.35853576660156,39.692691802978516,395.227062
2017-09-22,84.687835693359375,40.33437728881836,392.141162
2017-09-25,85.13092803955078,40.6093864440918,405.140345
2017-09-26,84.57704162597656,39.87602996826172,406.358953
2017-09-27,85.29710388183594,39.87602996826172,414.57556800000003
2017-09-28,85.13092803955078,38.50099563598633,410.11573799999996
2017-09-29,85.29710388183594,38.317657470703125,411.94424200000003
2017-10-02,85.57404327392578,39.142677307128906,403.935855
2017-10-03,85.79559326171875,39.05100631713867,402.924808
2017-10-04,84.74322509765625,40.42604446411133,396.765
2017-10-05,86.23870086669922,41.52607345581055,404.435691
2017-10-06,85.79559326171875,41.43440246582031,394.99137
2017-10-09,84.96479034423828,41.15939712524414,395.881426
2017-10-10,85.40787506103516,40.97605895996094,404.71524500000004
2017-10-11,86.68180084228516,40.6093864440918,406.71153
2017-10-12,86.51561737060547,40.6093864440918,399.555828
2017-10-13,86.90336608886719,40.6093864440918,406.693011
2017-10-16,86.792572021484375,41.06772994995117,409.206516
2017-10-17,86.95872497558594,40.6093864440918,411.375783
2017-10-18,86.01715087890625,40.701053619384766,414.55222499999996
2017-10-19,85.40787506103516,41.52607345581055,408.23249699999997
2017-10-20,85.57404327392578,41.89274978637695,411.294906
2017-10-23,85.74021911621094,41.89274978637695,415.113888
2017-10-24,91.27896881103516,41.15939712524414,417.649632
2017-10-25,93.660675048828125,41.61774444580078,416.212139
2017-10-26,93.54988098144531,41.70941162109375,423.032556
2017-10-27,95.93157958984375,41.61774444580078,443.01211200000006
2017-10-30,101.91343688964844,42.076087951660156,441.938014
2017-10-31,104.01817321777344,43.084449768066406,444.849624
2017-11-01,106.28295135498047,41.89274978637695,442.57763200000005
2017-11-02,106.56019592285156,41.43440246582031,444.260655
2017-11-03,109.77584075927734,41.251060485839844,452.61124300000006
2017-11-06,110.16390991210938,41.89274978637695,466.93108800000005
2017-11-07,111.43911743164063,42.167755126953125,467.64262999999994
2017-11-08,112.93602752685547,42.167755126953125,464.412588
2017-11-09,113.32416534423828,41.80107879638672,464.62506
2017-11-10,113.60136413574219,41.70941162109375,460.46950000000004
2017-11-13,112.3816146850586,41.251060485839844,462.266756
2017-11-14,112.15988159179688,41.89274978637695,454.662457
2017-11-15,111.05101013183594,41.251060485839844,455.263968
2017-11-16,112.10443115234375,41.342735290527344,452.29136400000004
2017-11-17,110.1084976196289,41.15939712524414,463.035496
2017-11-20,113.2132568359375,41.251060485839844,464.232769
2017-11-21,117.42688751220703,41.70941162109375,469.98154
2017-11-22,113.37959289550781,42.076087951660156,476.49131200000005
2017-11-24,109.88671875,41.52607345581055,479.41796
2017-11-27,107.50270080566406,41.80107879638672,474.11924
2017-11-28,108.11257934570313,41.52607345581055,475.11550800000003
2017-11-29,107.77989959716797,41.70941162109375,471.52245
2017-11-30,108.50068664550781,42.44276428222656,476.66682
2017-12-01,109.88671875,42.076087951660156,484.83014999999995
2017-12-04,106.7819595336914,42.25942611694336,477.99793199999993
2017-12-05,105.34044647216797,41.06772994995117,478.08212399999996
2017-12-06,104.78602600097656,41.06772994995117,460.66918799999996
2017-12-07,103.67716979980469,41.70941162109375,467.4132
2017-12-08,106.2275390625,41.70941162109375,475.35084
2017-12-11,107.94625854492188,41.89274978637695,484.57195200000007
2017-12-12,109.44317626953125,42.25942611694336,476.946288
2017-12-13,108.3897705078125,42.7177734375,473.765821
2017-12-14,108.55611419677734,43.45112991333008,470.5464
2017-12-15,106.7819595336914,44.4594841003418,474.72212700000006
2017-12-18,106.94829559326172,44.642818450927734,477.78112400000003
2017-12-19,106.7819595336914,44.184478759765625,480.783121
2017-12-20,108.55611419677734,44.4594841003418,483.95940800000005
2017-12-21,111.1064682006836,44.4594841003418,490.656902
2017-12-22,111.82722473144531,44.276145935058594,486.3409
2017-12-27,113.2686996459961,44.73448944091797,494.64043200000003
2017-12-28,112.43710327148438,45.559513092041016,494.75712000000004
2017-12-29,111.93807220458984,45.83452224731445,496.0743
2018-01-02,113.2132568359375,45.83452224731445,489.10566600000004
2018-01-03,114.7656478881836,45.83452224731445,499.318245
2018-01-04,115.43095397949219,45.69701385498047,501.6723179999999
2018-01-05,116.2071762084961,45.78868865966797,497.318822
2018-01-08,117.09422302246094,45.78868865966797,498.9882819999999
2018-01-09,118.6466064453125,47.30121612548828,509.99805999999995
2018-01-10,119.75543975830078,47.30121612548828,511.51572
2018-01-11,117.7595443725586,46.38452911376953,513.657738
2018-01-12,118.53571319580078,47.02621078491211,511.08202600000004
2018-01-16,124.52352142333984,46.29286193847656,502.563354
2018-01-17,124.52352142333984,47.11788558959961,504.002808
2018-01-18,124.52352142333984,46.56787109375,501.919704
2018-01-19,125.5214614868164,47.66790008544922,497.748492
2018-01-22,127.73914337158203,47.484561920166016,500.49492
2018-01-23,127.18476104736328,47.66790008544922,507.11838000000006
2018-01-24,128.8480224609375,47.576229095458984,512.007567
2018-01-25,129.95684814453125,46.10952377319336,506.98668200000003
2018-01-26,128.9588623046875,44.138641357421875,509.73558599999996
2018-01-29,128.4044647216797,42.48859405517578,507.18920599999996
2018-01-30,121.97315979003906,41.66358184814453,497.656896
2018-01-31,123.63642883300781,41.388572692871094,497.55832
2018-02-01,125.74321746826172,40.701053619384766,506.371072
2018-02-02,120.97518157958984,40.105201721191406,501.59245
2018-02-05,119.31190490722656,39.46352005004883,495.83542600000004
2018-02-06,114.71439361572266,39.142677307128906,499.46064
2018-02-07,117.85416412353516,39.05100631713867,484.81101899999993
2018-02-08,115.27503967285156,39.46352005004883,484.61328
2018-02-09,111.63066101074219,38.50099563598633,472.62912
2018-02-12,113.81729125976563,39.78436279296875,472.232267
2018-02-13,110.78963470458984,38.91350555419922,468.64767
2018-02-14,108.88335418701172,38.91350555419922,477.55725
2018-02-15,111.85493469238281,39.37185287475586,479.07675199999994
2018-02-16,112.02310943603516,40.380210876464844,480.71200799999997
2018-02-20,113.81729125976563,39.87602996826172,485.058659
2018-02-21,113.59304809570313,39.6468620300293,483.432322
2018-02-22,112.47167205810547,39.692691802978516,495.042688
2018-02-23,112.92020416259766,39.41768264770508,499.781712
2018-02-26,111.63066101074219,39.738529205322266,498.790008
2018-02-27,111.29425048828125,39.78436279296875,492.68173199999995
2018-02-28,110.78963470458984,39.692691802978516,483.60153199999996
2018-03-01,108.09839630126953,39.280181884765625,483.99216199999995
2018-03-02,107.14524841308594,38.9593391418457,477.997923
2018-03-05,109.50009155273438,39.87602996826172,489.15297300000003
2018-03-06,112.8080825805664,39.96769714355469,484.40357
2018-03-07,113.36876678466797,39.87602996826172,476.123242
2018-03-08,114.15371704101563,41.80107879638672,470.228626
2018-03-09,114.6022720336914,41.755245208740234,484.15292800000003
2018-03-12,115.72358703613281,40.838558197021484,476.98398000000003
2018-03-13,116.17214965820313,40.33437728881836,469.75273799999997
2018-03-14,113.2566146850586,39.87602996826172,471.245977
2018-03-15,112.92020416259766,40.05936813354492,471.188872
2018-03-16,114.49009704589844,41.205230712890625,480.60472400000003
2018-03-19,111.68672180175781,40.56355667114258,479.622546
2018-03-20,116.17214965820313,40.33437728881836,489.691675
2018-03-21,119.0876693725586,40.42604446411133,503.52896999999996
2018-03-22,117.51777648925781,39.87602996826172,497.20504999999997
2018-03-23,118.30271911621094,40.28854751586914,510.12766
2018-03-26,118.19055938720703,40.380210876464844,504.52841099999995
2018-03-27,120.76966094970703,41.02189636230469,503.74072899999993
2018-03-28,118.97550201416016,42.03024673461914,500.08039
2018-04-03,120.20902252197266,41.342735290527344,496.329093
2018-04-04,119.98473358154297,40.792724609375,497.18347000000006
2018-04-05,124.13375091552734,41.02189636230469,496.81095300000004
2018-04-06,124.69441986083984,41.02189636230469,486.036065
2018-04-09,124.47013092041016,41.342735290527344,494.06352
2018-04-10,128.5070343017578,43.95530700683594,511.03211200000004
2018-04-11,128.17062377929688,43.26778793334961,519.053571
2018-04-12,130.9740447998047,43.40528869628906,522.347867
2018-04-13,133.10455322265625,45.28451156616211,522.979485
2018-04-16,134.11376953125,45.28451156616211,513.7262410000001
2018-04-17,134.5623321533203,45.51367950439453,516.52545
2018-04-18,138.4871063232422,46.10952377319336,530.895924
2018-04-19,140.9540557861328,45.28451156616211,528.58053
2018-04-20,140.16908264160156,44.00114059448242,532.6464320000001
2018-04-23,141.6268310546875,45.92618942260742,531.786455
2018-04-24,146.33653259277344,45.90756607055664,533.444972
2018-04-25,144.54234313964844,46.41971206665039,541.5996
2018-04-26,148.3549346923828,45.7213249206543,542.0310000000001
2018-04-27,148.91563415527344,46.65251541137695,545.0502749999999
2018-04-30,148.1307373046875,46.55939483642578,548.41144
2018-05-02,150.59765625,46.55939483642578,548.380041
2018-05-03,148.46713256835938,46.55939483642578,550.618645
2018-05-04,148.57923889160156,47.39746856689453,561.6883249999998
2018-05-07,161.4748077392578,47.39746856689453,571.7065319999999
2018-05-08,158.44715881347656,47.39746856689453,558.018576
2018-05-09,163.83116149902344,47.21122741699219,575.3499479999999
2018-05-11,165.64144897460938,47.118106842041016,565.244309
2018-05-14,165.5282440185547,47.118106842041016,566.595891
2018-05-15,169.71458435058594,47.304344177246094,574.372608
2018-05-16,172.42999267578125,48.608009338378906,580.1901750000001
2018-05-18,180.8026123046875,49.44607162475586,579.0571620000001
2018-05-22,175.14549255371094,49.81855392456055,580.072185
2018-05-23,172.42999267578125,49.81855392456055,583.386075
2018-05-24,168.24368286132813,49.72543716430664,572.1117569999999
2018-05-25,164.8494415283203,49.72543716430664,552.0198
2018-05-29,167.11231994628906,50.004791259765625,552.62972
2018-05-30,169.71458435058594,52.79835510253906,560.0388559999999
2018-05-31,169.1488800048828,56.150630950927734,546.0477520000001
2018-06-01,170.73281860351563,55.77815246582031,537.595309
2018-06-04,169.94085693359375,56.150630950927734,524.335816
2018-06-05,165.64144897460938,55.49879455566406,533.1007270000001
2018-06-06,166.5465545654297,55.871273040771484,524.15125
2018-06-07,168.01744079589844,57.08181381225586,529.4938999999999
2018-06-08,167.7911834716797,57.73365020751953,532.052992
2018-06-11,171.0723114013672,58.944190979003906,532.6866799999999
2018-06-12,169.71458435058594,59.502906799316406,531.776818
2018-06-13,170.61972045898438,57.82676696777344,534.519186
2018-06-14,172.31687927246094,56.150630950927734,537.722215
2018-06-15,167.2254180908203,55.312564849853516,528.7783380000001
2018-06-18,168.80943298339844,55.033206939697266,535.4330669999999
2018-06-19,168.01744079589844,55.871273040771484,535.521466
2018-06-20,169.48828125,55.033206939697266,539.139904
2018-06-21,166.20713806152344,53.63642120361328,536.53335200000015
2018-06-22,172.99571228027344,53.17082595825195,558.937764
2018-06-25,169.71458435058594,52.332763671875,565.872513
2018-06-26,171.63800048828125,52.332763671875,610.4914500000001
2018-06-27,178.6528778076172,52.053401947021484,631.657859
2018-06-28,173.2220458984375,50.65662384033203,600.76224
2018-06-29,170.16714477539063,51.30845260620117,604.811844
2018-07-02,169.8277587890625,51.96028137207031,603.2010150000001
2018-07-03,171.4117431640625,51.774044036865234,602.007336
2018-07-05,172.42999267578125,52.51900100708008,589.00215
2018-07-06,169.48828125,51.30845260620117,594.2241200000001
2018-07-09,175.0322723388672,51.867164611816406,590.84856
2018-07-10,179.671142578125,51.680931091308594,595.6739469999999
2018-07-11,180.12371826171875,50.93598175048828,567.2341710000001
2018-07-12,178.76602172851563,51.02909469604492,569.345308
2018-07-13,168.80943298339844,50.004791259765625,578.5251440000001
2018-07-16,163.37857055664063,52.70523452758789,551.756538
2018-07-17,162.4734344482422,55.219444274902344,551.3219230000001
2018-07-18,160.43685913085938,55.312564849853516,562.888642
2018-07-19,161.56829833984375,54.474491119384766,573.68688
2018-07-20,159.41856384277344,56.150630950927734,577.814611
2018-07-23,159.98428344726563,57.73365020751953,553.66339
2018-07-24,158.96600341796875,57.45429611206055,577.9927439999999
2018-07-25,160.21058654785156,58.47860336303711,580.9969530000001
2018-07-26,160.88943481445313,60.34097671508789,583.272366
2018-07-27,164.28372192382813,60.061622619628906,563.204248
2018-07-30,161.45513916015625,58.66483688354492,580.5971639999999
2018-07-31,164.96258544921875,58.47860336303711,567.6771679999999
2018-08-01,162.0692901611328,59.968502044677734,561.0571199999999
2018-08-02,159.101806640625,60.34097671508789,566.582835
2018-08-03,159.78663635253906,58.19924545288086,563.9124149999999
2018-08-06,160.927978515625,59.968502044677734,569.905283
2018-08-07,167.6618194580078,59.037315368652344,566.398545
2018-08-08,165.15087890625,58.57172393798828,550.323312
2018-08-09,163.0965118408203,58.57172393798828,550.033368
2018-08-10,161.61277770996094,57.54741287231445,562.609854
2018-08-13,161.61277770996094,56.802459716796875,562.00825
2018-08-14,160.01492309570313,56.89558029174805,559.9918240000001
2018-08-15,156.8191680908203,55.871273040771484,548.956548
2018-08-16,155.44960021972656,55.964393615722656,553.275568
2018-08-17,155.56369018554688,56.802459716796875,560.2401750000001
2018-08-20,156.59091186523438,56.52310562133789,563.2151
2018-08-21,159.78663635253906,56.05751037597656,568.0259639999999
2018-08-22,160.927978515625,56.33686447143555,565.4618999999999
2018-08-23,160.47142028808594,56.61622619628906,576.0326379999999
2018-08-24,164.00955200195313,55.77815246582031,583.1520339999998
2018-08-27,166.40635681152344,55.871273040771484,583.3608810000001
2018-08-28,168.57492065429688,55.964393615722656,569.176722
2018-08-29,168.8031768798828,56.05751037597656,582.5108640000001
2018-08-30,171.42825317382813,55.49879455566406,584.01635
2018-08-31,169.4879608154297,54.94009017944336,582.3398880000001
2018-09-04,171.42825317382813,55.77815246582031,586.7882259999999
2018-09-05,164.35198974609375,54.84697341918945,578.1568609999999
2018-09-06,162.4117431640625,54.19513702392578,569.8074300000001
2018-09-07,161.15621948242188,54.38137435913086,569.975042
2018-09-10,165.15087890625,55.12632751464844,566.44728
2018-09-11,168.1183624267578,54.75385284423828,579.451483
2018-09-12,173.82504272460938,54.56760787963867,585.119513
2018-09-13,173.482666015625,54.38137435913086,565.15424
2018-09-14,174.39572143554688,54.660728454589844,567.967524
2018-09-17,174.73809814453125,54.19513702392578,564.16998
2018-09-18,174.85226440429688,53.3570671081543,570.2929140000001
2018-09-19,175.19461059570313,53.72954559326172,581.640532
2018-09-20,173.5967559814453,54.10201644897461,576.5844209999999
2018-09-21,179.5316925048828,53.17082595825195,576.7651199999999
2018-09-24,183.06982421875,52.23964309692383,595.228086
2018-09-25,193.3418731689453,54.38137435913086,596.5291400000001
2018-09-26,191.62989807128906,54.84697341918945,587.415814
2018-09-27,193.79837036132813,55.49879455566406,585.820098
2018-09-28,197.10826110839844,56.05751037597656,598.280532
2018-10-01,196.994140625,57.73365020751953,613.4590410000001
2018-10-02,196.53759765625,58.19924545288086,614.6209
2018-10-03,196.76580810546875,57.82676696777344,624.82212
2018-10-04,192.8852996826172,55.77815246582031,612.522096
2018-10-05,188.43405151367188,55.49879455566406,613.9891060000001
2018-10-08,186.2655487060547,54.28825759887695,615.2452529999999
2018-10-09,190.03199768066406,53.54330825805664,622.1149800000001
2018-10-10,182.61328125,55.219444274902344,601.1444280000001
2018-10-11,175.3087921142578,52.425880432128906,582.8624159999999
2018-10-12,176.90660095214844,51.680931091308594,584.1338
2018-10-15,174.39572143554688,50.47038650512695,586.817856
2018-10-16,173.5967559814453,54.75385284423828,584.7621280000001
2018-10-17,171.77061462402344,56.98869705200195,569.441103
2018-10-18,168.46078491210938,57.2680549621582,564.296449
2018-10-19,175.42291259765625,56.150630950927734,569.9129800000001
2018-10-22,165.26502990722656,55.49879455566406,570.4815
2018-10-23,159.55833435058594,51.58781051635742,550.6236369999999
2018-10-24,163.0965118408203,51.58781051635742,554.4314880000001
2018-10-25,165.26502990722656,53.9157829284668,559.0290749999999
2018-10-26,157.96051025390625,53.72954559326172,566.847524
2018-10-29,153.73753356933594,53.45018768310547,560.0329
2018-10-30,152.93865966796875,52.98459243774414,555.389178
2018-10-31,158.64532470703125,53.45018768310547,551.242524
2018-11-01,154.3649444580078,54.38137435913086,531.746372
2018-11-02,153.90415954589844,56.70934295654297,526.01052
2018-11-05,151.83058166503906,57.2680549621582,528.7183679999999
2018-11-06,152.06100463867188,56.52310562133789,519.166536
2018-11-07,155.8625030517578,58.013004302978516,511.952972
2018-11-08,150.6786346435547,57.82676696777344,505.27111699999995
2018-11-09,144.11233520507813,57.919883728027344,506.18586200000004
2018-11-12,147.4530792236328,58.19924545288086,506.73798
2018-11-13,143.42117309570313,56.89558029174805,472.087306
2018-11-14,143.53634643554688,56.42998504638672,477.23083199999996
2018-11-15,143.88197326660156,63.41389846801758,479.5032350000001
2018-11-16,144.57313537597656,64.90379333496094,478.55503500000003
2018-11-19,139.73484802246094,64.25196838378906,482.67618799999997
2018-11-20,130.51901245117188,64.34508514404297,454.07661099999996
2018-11-21,136.97007751464844,64.25196838378906,463.981275
2018-11-26,133.62936401367188,64.15885925292969,440.60051999999996
2018-11-27,135.9333038330078,67.23176574707031,440.82986500000004
2018-11-28,135.9333038330078,66.76617431640625,430.706228
2018-11-29,141.80838012695313,67.79047393798828,439.797744
2018-11-30,140.31077575683594,68.81478118896484,435.423266
2018-12-03,150.56341552734375,68.6285400390625,453.00019199999997
2018-12-04,148.1442413330078,69.28038024902344,449.938439
2018-12-05,145.6099090576172,69.55973052978516,447.30313600000005
2018-12-06,136.62448120117188,65.09004211425781,440.56392
2018-12-07,145.4947052001953,65.9281005859375,449.9267279999999
2018-12-10,138.81324768066406,64.81068420410156,433.078707
2018-12-11,141.46279907226563,69.0941390991211,440.46086999999994
2018-12-12,142.03878784179688,69.373504638671875,437.545504
2018-12-13,138.00685119628906,68.72166442871094,451.268774
2018-12-14,135.9333038330078,68.6285400390625,441.671538
2018-12-17,131.67100524902344,66.76617431640625,429.61961999999994
2018-12-18,127.29346466064453,66.3936996459961,400.658276
2018-12-19,127.98463439941406,66.20745849609375,417.88986800000004
2018-12-20,126.37189483642578,64.81068420410156,394.461956
2018-12-21,125.56552124023438,66.48681640625,395.30971800000003
2018-12-27,122.33998107910156,65.2762680053711,389.78268799999995
2018-12-28,125.56552124023438,68.72166442871094,393.15265500000004
2019-01-02,128.3302459716797,68.16295623779297,402.71176
2019-01-03,131.0950164794922,65.36939239501953,409.79928
2019-01-04,141.11724853515625,70.3046875,413.17653599999994
2019-01-07,141.11724853515625,72.912017822265625,413.398761
2019-01-08,144.57313537597656,73.4707260131836,423.641268
2019-01-09,147.10745239257813,74.40191650390625,444.9823779999999
2019-01-10,146.5314483642578,74.12255096435547,443.048598
2019-01-11,146.87705993652344,74.40191650390625,435.22355200000004
2019-01-14,147.91384887695313,74.49503326416016,429.38578800000005
2019-01-15,151.71536254882813,72.53954315185547,442.61546
2019-01-16,151.60018920898438,72.632659912109375,445.20067200000005
2019-01-17,158.85765075683594,73.4707260131836,443.804741
2019-01-18,164.8479461669922,72.912017822265625,457.01504000000006
2019-01-22,159.0880584716797,71.794586181640625,452.200374
2019-01-23,158.39683532714844,71.60834503173828,450.09252
2019-01-24,159.2032012939453,70.58405303955078,454.098144
2019-01-25,160.47044372558594,74.49503326416016,457.852796
2019-01-28,153.6737518310547,77.9404296875,441.426886
2019-01-29,159.2032012939453,78.21977996826172,450.850878
2019-01-30,158.62725830078125,75.7987060546875,459.543924
2019-01-31,161.73756408691406,78.21977996826172,452.83747200000005
2019-02-01,159.4336395263672,78.12666320800781,466.01729399999994
2019-02-04,162.65916442871094,78.21977996826172,462.639003
2019-02-05,167.15185546875,79.150970458984375,454.893894
2019-02-06,162.8896026611328,79.150970458984375,458.819034
2019-02-07,163.11996459960938,78.40601348876953,451.588764
2019-02-08,156.66891479492188,76.91612243652344,454.193325
2019-02-11,157.72943115234375,78.5922622680664,455.22347499999995
2019-02-12,166.51173400878906,79.61656951904297,460.787568
2019-02-13,167.7998046875,80.08216094970703,464.86532800000003
2019-02-14,169.3220672607422,79.24409484863281,471.12575999999996
2019-02-15,171.1956329345703,78.96473693847656,482.200964
2019-02-19,171.42977905273438,78.21977996826172,484.281928
2019-02-20,171.898193359375,78.31290435791016,488.30441999999994
2019-02-21,173.8887939453125,78.68537902832031,490.59008
2019-02-22,174.8256072998047,78.68537902832031,491.534519
2019-02-25,172.71786499023438,79.61656951904297,475.591572
2019-02-26,174.35720825195313,79.24409484863281,476.53972000000005
2019-02-27,172.2494659423828,79.05784606933594,485.52759999999995
2019-02-28,169.79043579101563,77.3817138671875,487.446363
2019-03-01,170.610107421875,77.3817138671875,476.4692
2019-03-04,176.1136016845703,77.19548034667969,487.43354000000005
2019-03-05,175.76235961914063,78.12666320800781,489.29321999999996
2019-03-06,176.933349609375,78.12666320800781,487.55670599999996
2019-03-07,176.69912719726563,76.91612243652344,491.42949999999996
2019-03-08,170.9613800048828,76.7298812866211,490.675614
2019-03-11,173.18624877929688,75.98493194580078,493.453989
2019-03-12,173.6546173095703,76.35740661621094,491.273595
2019-03-13,175.17691040039063,77.84729766845703,501.32594500000005
2019-03-14,175.41107177734375,80.5477523803711,503.967744
2019-03-15,174.94268798828125,80.5477523803711,501.27857399999994
2019-03-18,174.94268798828125,80.640869140625,503.582707
2019-03-19,177.8701629638672,81.572052001953125,503.57233599999995
2019-03-20,178.92396545410156,80.92022705078125,513.172296
2019-03-21,181.61717224121094,80.45463562011719,506.609074
2019-03-22,178.68980407714844,80.36151885986328,502.24940499999997
2019-03-25,174.35720825195313,76.82300567626953,500.731719
2019-03-26,178.33848571777344,77.3817138671875,511.14611199999996
2019-03-27,176.933349609375,78.77848815917969,511.3122660000001
2019-03-28,175.8794708251953,82.50325012207031,514.6787029999999
2019-03-29,179.74365234375,82.59636688232422,517.465468
2019-04-01,182.90530395507813,81.01334381103516,528.306702
2019-04-02,182.0856475830078,82.87572479248047,538.458336
2019-04-03,180.56333923339844,83.62067413330078,534.53268
2019-04-04,177.98719787597656,83.85346221923828,533.262928
2019-04-05,180.09495544433594,85.29681396484375,542.69786
2019-04-08,185.48135375976563,85.20368957519531,551.232495
2019-04-09,183.43215942382813,84.92433166503906,546.3336899999999
2019-04-10,183.84202575683594,86.4607925415039,549.405702
2019-04-11,180.739013671875,85.20368957519531,541.4801249999999
2019-04-12,179.62657165527344,85.25025939941406,541.634976
2019-04-15,179.3337860107422,87.904144287109375,538.355782
2019-04-16,178.57272338867188,86.507354736328125,542.8176020000001
2019-04-17,178.57272338867188,86.507354736328125,540.209248
2019-04-23,186.12547302246094,86.18144226074219,564.583392
2019-04-24,181.6757354736328,85.389923095703125,565.329968
2019-04-25,179.97784423828125,85.85552215576172,566.724763
2019-04-26,168.91221618652344,81.01334381103516,549.464793
2019-04-29,166.57025146484375,77.19548034667969,550.802049
2019-04-30,166.57025146484375,76.171173095703125,550.0933229999999
2019-05-02,157.26104736328125,74.42823028564453,536.7062999999999
2019-05-03,158.37347412109375,73.4861068725586,543.304284
2019-05-06,155.32896423339844,72.967926025390625,544.6452899999999
2019-05-07,149.6497344970703,73.72163391113281,535.8882239999999
2019-05-08,151.9884033203125,74.61665344238281,545.122407
2019-05-09,150.498291015625,73.4861068725586,539.5331699999999
2019-05-10,152.70362854003906,72.7323989868164,539.05527
2019-05-13,155.80299377441406,72.308441162109375,532.152257
2019-05-14,157.531494140625,74.61665344238281,539.614416
2019-05-15,156.2798309326172,77.2546157836914,543.6061080000001
2019-05-16,160.6904754638672,78.33807373046875,547.755306
2019-05-20,161.107666015625,82.38921356201172,553.8085679999999
2019-05-21,161.64413452148438,83.28424835205078,552.861856
2019-05-22,161.8825225830078,82.76607513427734,536.6081140000001
2019-05-23,149.96188354492188,79.70415496826172,504.835285
2019-05-24,150.43870544433594,83.33134460449219,509.28888
2019-05-28,150.0214385986328,82.57764434814453,511.43305599999997
2019-05-29,142.09425354003906,80.08100128173828,515.4560520000001
2019-05-31,140.90216064453125,79.93968200683594,469.68499199999997
2019-06-03,140.72335815429688,81.6826171875,465.506175
2019-06-04,139.888916015625,81.91815185546875,465.62655
2019-06-05,141.5577850341797,83.1900405883789,447.75136799999996
2019-06-06,138.51803588867188,81.07024383544922,457.853799
2019-06-07,140.96182250976563,82.10658264160156,468.830895
2019-06-11,140.90216064453125,85.30982971191406,460.0163099999999
2019-06-12,133.63058471679688,84.93297576904297,441.717183
2019-06-13,134.58424377441406,85.96931457519531,453.411756
2019-06-14,134.82261657714844,84.085052490234375,455.198238
2019-06-17,134.7630157470703,83.14292907714844,452.81291999999996
2019-06-18,138.10081481933594,84.55611419677734,470.83334799999994
2019-06-19,138.27963256835938,84.980072021484375,469.04272000000003
2019-06-20,145.78964233398438,84.22637176513672,486.341064
2019-06-21,147.2201690673828,82.90740203857422,490.89306
2019-06-24,145.84922790527344,80.88182067871094,489.660087
2019-06-25,144.23997497558594,81.729736328125,490.14315000000005
2019-06-26,147.39894104003906,81.07024383544922,503.755629
2019-06-27,147.1605224609375,81.49420166015625,504.059732
2019-06-28,145.78964233398438,80.31654357910156,495.76506
2019-07-01,154.37255859375,82.059478759765625,502.71437599999996
2019-07-02,151.9287567138672,83.80241394042969,479.2536
2019-07-03,149.0678253173828,84.980072021484375,488.057004
2019-07-08,155.86257934570313,84.88587188720703,495.211515
2019-07-09,152.1671905517578,85.262725830078125,498.28562100000005
2019-07-10,156.2798309326172,86.6288070678711,520.75892
2019-07-11,157.8891143798828,86.7701187133789,511.53251500000005
2019-07-12,160.92886352539063,87.28829193115234,512.884505
2019-07-15,158.00836181640625,89.17256164550781,506.34491
2019-07-16,154.37255859375,88.418853759765625,490.991376
2019-07-17,150.91554260253906,86.39326477050781,484.74739999999997
2019-07-18,146.80291748046875,87.14697265625,473.594364
2019-07-19,149.00823974609375,85.4511489868164,474.61133800000005
2019-07-22,152.52484130859375,85.59246063232422,479.616015
2019-07-23,154.8493194580078,84.7916488647461,490.243068
2019-07-24,154.90895080566406,85.262725830078125,483.50705
2019-07-25,152.46522521972656,85.78089141845703,482.92613600000004
2019-07-26,152.22679138183594,85.40403747558594,487.609644
2019-07-29,150.31951904296875,85.21561431884766,495.61830000000003
2019-07-30,146.98170471191406,85.63957214355469,506.654376
2019-07-31,150.20028686523438,86.1577377319336,513.2203049999999
2019-08-01,150.40908813476563,87.57093048095703,476.86496400000004
2019-08-02,145.7978973388672,91.43367004394531,496.77681200000006
2019-08-05,138.9418487548828,90.86839294433594,487.184877
2019-08-06,138.5171356201172,92.42289733886719,476.94888000000003
2019-08-07,134.75540161132813,93.4592514038086,456.34267600000004
2019-08-08,137.84974670410156,94.7782211303711,470.78052
2019-08-09,139.42723083496094,95.81456756591797,483.88989399999997
2019-08-12,139.0631866455078,95.53192901611328,491.169328
2019-08-13,143.67437744140625,93.74188995361328,508.77189999999996
2019-08-14,137.78907775878906,90.208892822265625,493.20210799999995
2019-08-15,134.45205688476563,90.3502197265625,489.587016
2019-08-16,136.02955627441406,90.86839294433594,493.31647599999997
2019-08-19,143.12832641601563,97.0393295288086,504.798992
2019-08-20,142.09686279296875,96.09720611572266,505.38404399999996
2019-08-21,144.58447265625,96.00299835205078,497.4776099999999
2019-08-22,142.27886962890625,96.75669860839844,496.188374
2019-08-23,138.82049560546875,96.47406005859375,486.757856
2019-08-26,137.2429962158203,94.68401336669922,481.035484
2019-08-27,137.36434936523438,97.32197570800781,494.833014
2019-08-28,139.548583984375,95.908782958984375,503.668928
2019-08-29,142.94630432128906,96.19142150878906,513.702216
2019-08-30,146.7080535888672,99.67729949951172,500.90019900000004
2019-09-03,141.18675231933594,101.65577697753906,493.847946
2019-09-04,145.6159210205078,102.69210815429688,509.431908
2019-09-05,152.5933380126953,102.40947723388672,506.00112399999995
2019-09-06,148.28553771972656,102.9747543334961,507.98226
2019-09-09,152.0472869873047,102.12683868408203,517.5919000000001
2019-09-10,154.89892578125,97.41618347167969,515.108019
2019-09-11,155.6270294189453,99.771514892578125,499.51510399999995
2019-09-12,150.8338165283203,100.14836883544922,495.547031
2019-09-13,152.28997802734375,99.67729949951172,489.625588
2019-09-16,166.54823303222656,98.92359924316406,566.54966
2019-09-17,156.11241149902344,100.3367919921875,530.548854
2019-09-18,159.02476501464844,106.46063232421875,520.695758
2019-09-19,161.5123291015625,107.1201171875,520.0382109999999
2019-09-20,160.6022186279297,112.01919555664063,522.085088
2019-09-23,157.3865509033203,114.37451934814453,532.793689
2019-09-24,155.0809326171875,113.62081146240234,516.00996
2019-09-25,149.74168395996094,113.62081146240234,509.84434
2019-09-26,148.52821350097656,111.07707214355469,510.2374
2019-09-27,148.64959716796875,104.9532241821289,507.33781500000003
2019-09-30,147.6787872314453,110.13493347167969,491.53746600000005
2019-10-01,147.8001708984375,108.72174835205078,489.19112
2019-10-02,145.1304931640625,107.77961730957031,481.76722300000006
2019-10-03,140.8227081298828,105.8011474609375,479.3785469999999
2019-10-04,144.46311950683594,108.06224822998047,480.87570400000004
2019-10-07,149.13494873046875,109.28702545166016,481.80431999999996
2019-10-08,145.6159210205078,108.91017150878906,481.31383999999997
2019-10-09,146.82940673828125,107.21434020996094,481.811861
2019-10-10,149.0136260986328,107.1201171875,488.27447899999993
2019-10-11,151.8652801513672,108.25067901611328,497.74101999999993
2019-10-14,147.6787872314453,108.25067901611328,487.878061
2019-10-15,152.10797119140625,107.4969711303711,482.92104500000005
2019-10-16,149.92367553710938,107.5911865234375,491.6349440000001
2019-10-17,149.86305236816406,108.62753295898438,494.26291299999997
2019-10-18,148.7102508544922,102.69210815429688,492.925125
2019-10-21,150.04507446289063,101.93840789794922,484.677504
2019-10-22,148.77093505859375,97.88725280761719,495.988974
2019-10-23,151.92591857910156,98.82938385009766,511.485
2019-10-24,156.11241149902344,97.9814682006836,511.122823
2019-10-25,156.41578674316406,98.07568359375,518.3562240000001
2019-10-28,158.7820281982422,99.300445556640625,512.04264
2019-10-29,160.35952758789063,97.0393295288086,512.4871380000001
2019-10-30,160.6628875732422,97.698822021484375,506.16677
2019-10-31,156.8551025390625,96.19142150878906,496.51402600000006
2019-11-01,160.00584411621094,96.47406005859375,511.33698
2019-11-04,163.52719116210938,97.9814682006836,513.262061
2019-11-05,164.39210510253906,98.54673767089844,521.28856
2019-11-06,163.52719116210938,99.11201477050781,512.6888049999999
2019-11-07,166.18362426757813,102.2210464477539,517.4427929999999
2019-11-08,163.9596405029297,101.65577697753906,521.3794760000001
2019-11-12,166.80145263671875,101.56156158447266,518.58717
2019-11-13,165.87477111816406,101.46734619140625,523.989936
2019-11-14,167.54278564453125,101.93840789794922,520.574111
2019-11-15,166.6778564453125,106.17798614501953,523.280268
2019-11-18,165.19522094726563,103.63424682617188,518.11317
2019-11-19,164.0214080810547,102.88053894042969,500.12117099999995
2019-11-20,161.8591766357422,102.12683868408203,520.25754
2019-11-21,161.4267120361328,103.1631851196289,531.548716
2019-11-22,163.71255493164063,102.59790802001953,527.264416
2019-11-25,164.39210510253906,103.82266998291016,530.575769
2019-11-26,164.51560974121094,102.69210815429688,533.703975
2019-11-27,164.330322265625,100.80785369873047,533.314932
2019-11-29,163.2801055908203,103.35160827636719,534.76212
2019-12-02,157.4111328125,98.169891357421875,514.627359
2019-12-03,151.72752380371094,96.09720611572266,515.642295
2019-12-04,155.92845153808594,96.00299835205078,536.656954
2019-12-05,156.91693115234375,94.49559020996094,535.086306
2019-12-06,160.62362670898438,94.21295166015625,540.21184
2019-12-09,160.99429321289063,94.58980560302734,539.233489
2019-12-10,162.1062774658203,92.79975128173828,544.3680059999999
2019-12-11,161.55029296875,95.72035217285156,538.3109820000001
2019-12-12,164.39210510253906,94.16584014892578,538.5557540000001
2019-12-13,167.9134521484375,97.9814682006836,541.3326269999999
2019-12-16,169.45790100097656,97.9814682006836,541.703349
2019-12-17,172.5468292236328,103.91688537597656,548.95496
2019-12-18,172.9792938232422,103.91688537597656,550.112598
2019-12-19,173.16461181640625,104.10530853271484,550.2226699999999
2019-12-20,174.21485900878906,112.86710357666016,541.640133
2019-12-23,177.9215545654297,113.05553436279297,541.612908
2019-12-27,178.1686553955078,116.35299682617188,545.878112
2019-12-30,177.9215545654297,116.91827392578125,542.5895019999999
2020-01-02,178.539306640625,116.25878143310547,537.800523
2020-01-03,180.94863891601563,115.88192749023438,555.6537000000001
2020-01-06,183.04913330078125,110.51178741455078,556.668441
2020-01-07,182.678466796875,109.28702545166016,553.0767
2020-01-08,182.43133544921875,111.54814147949219,528.65409
2020-01-09,179.77490234375,111.73655700683594,528.934492
2020-01-10,181.25755310058594,111.92498779296875,525.466864
2020-01-13,181.01046752929688,111.92498779296875,517.36398
2020-01-14,179.46600341796875,113.24396514892578,519.208498
2020-01-15,177.67442321777344,116.82405090332031,513.166126
2020-01-16,179.96022033691406,120.87521362304688,519.01388
2020-01-17,180.94863891601563,122.09998321533203,521.24723
2020-01-21,179.65133666992188,126.15113067626953,520.7142249999999
2020-01-22,176.74778747558594,125.49164581298828,509.806968
2020-01-23,171.434814453125,126.15113067626953,498.88502299999993
2020-01-24,172.9792938232422,131.8981170654297,487.10208600000004
2020-01-27,167.35745239257813,129.44857788085938,483.288888
2020-01-28,166.6160888671875,132.46340942382813,488.27348099999995
2020-01-29,165.38052368164063,141.31942749023438,487.13987699999996
2020-01-30,164.0832061767578,141.03677368164063,481.431874
2020-01-31,161.36497497558594,148.1969757080078,475.536652
2020-02-03,160.68536376953125,147.91432189941406,464.091242
2020-02-04,163.15652465820313,151.9654998779297,457.6016430000001
2020-02-05,167.295654296875,158.6545867919922,466.90520799999996
2020-02-06,165.1334228515625,155.92242431640625,468.92817
2020-02-07,160.43829345703125,153.84974670410156,466.60649400000005
2020-02-10,160.12937927246094,154.0381622314453,458.216559
2020-02-11,162.97120666503906,159.69093322753906,463.04499999999996
2020-02-12,165.44232177734375,160.25624084472656,470.56472900000006
2020-02-13,161.50250244140625,162.9884033203125,475.04896399999996
2020-02-14,162.00701904296875,163.93051147460938,481.13181599999996
2020-02-18,158.85389709472656,167.2279815673828,485.94712
2020-02-19,160.9980010986328,170.4312286376953,494.48756700000007
2020-02-20,161.75477600097656,172.12705993652344,500.59870000000006
2020-02-21,155.76388549804688,170.52545166015625,498.339712
2020-02-24,146.1153106689453,163.7421112060547,481.068576
2020-02-25,146.2414093017578,164.40158081054688,466.573006
2020-02-26,146.93515014648438,162.70574951171875,456.996699
2020-02-27,137.917236328125,152.24813842773438,442.7800730000001
2020-02-28,139.80908203125,151.87127685546875,424.280086
2020-03-02,141.57481384277344,153.09603881835938,437.612866
2020-03-03,146.30453491210938,160.16200256347656,439.3557420000001
2020-03-04,146.55674743652344,161.10414123535156,433.32314
2020-03-05,140.5658416748047,157.052978515625,425.52054
2020-03-06,129.40380859375,148.57382202148438,380.99753999999996
2020-03-09,92.82767486572266,136.89141845703125,295.15819500000003
2020-03-10,87.53046417236328,136.98562622070313,328.15439999999995
2020-03-11,80.2782974243164,128.88330078125,317.266132
2020-03-12,69.9991455078125,112.39604949951172,319.20099600000003
2020-03-13,68.70635223388672,118.23725128173828,316.98747599999996
2020-03-16,61.73797607421875,110.7002182006836,297.89414400000004
2020-03-17,62.58301544189453,116.63563537597656,282.470704
2020-03-18,59.5560417175293,117.01248168945313,219.16672
2020-03-19,57.336238861083984,101.93840789794922,286.10377900000003
2020-03-20,63.535255432128906,107.87382507324219,220.53502799999998
2020-03-23,64.03975677490234,99.86572265625,265.18744399999997
2020-03-24,75.0125961303711,113.43238830566406,232.244805
2020-03-25,76.90445709228516,119.65044403076172,225.658325
2020-03-26,78.54407501220703,122.47682189941406,174.25850000000003
2020-03-27,74.4765625,121.25205993652344,164.372832
2020-03-30,75.35944366455078,121.53470611572266,149.36694
2020-03-31,83.62059020996094,124.45530700683594,215.471907
2020-04-01,80.71971893310547,124.7379379272461,208.96512
2020-04-02,88.22413635253906,118.70832061767578,259.384216
2020-04-03,97.84114074707031,119.36780548095703,296.16348
2020-04-06,98.47175598144531,126.62220001220703,276.588888
2020-04-07,98.97627258300781,134.25344848632813,239.93145
2020-04-08,102.160888671875,141.50784301757813,257.118587
2020-04-14,97.62041473388672,140.37728881835938,207.91172999999998
2020-04-15,87.18360137939453,142.544189453125,209.61992000000004
2020-04-16,83.80976867675781,139.81199645996094,207.78495199999998
2020-04-17,90.74662780761719,144.2400360107422,190.257379
2020-04-21,87.40433502197266,143.20367431640625,94.42194300000001
2020-04-22,92.73307800292969,143.67474365234375,146.572712
2020-04-23,99.32311248779297,150.83494567871094,161.007966
2020-04-24,98.34564208984375,143.486328125,169.944918
2020-04-27,95.22406005859375,142.7326202392578,128.42027399999998
2020-04-28,99.00779724121094,140.56573486328125,128.57436
2020-04-29,106.57527160644531,143.8631591796875,156.37539199999998
2020-04-30,107.26896667480469,141.03677368164063,197.74593600000003
2020-05-04,104.02122497558594,138.869873046875,211.921816
2020-05-05,110.98960876464844,141.03677368164063,253.07360799999998
2020-05-06,105.72391510009766,140.4715118408203,245.054172
2020-05-07,106.98515319824219,149.70437622070313,242.454784
2020-05-08,111.59764862060547,157.14720153808594,252.466097
2020-05-11,109.71484375,162.61155700683594,245.126502
2020-05-12,110.16162872314453,164.02474975585938,262.19816000000003
2020-05-13,104.32164001464844,165.5321502685547,255.168923
2020-05-14,98.83268737792969,159.78515625,280.79794
2020-05-15,100.52409362792969,162.2346954345703,301.456768
2020-05-18,107.28951263427734,166.3800811767578,322.24692
2020-05-19,105.24710083007813,157.33563232421875,321.97608999999994
2020-05-20,108.82128143310547,154.0381622314453,333.103136
2020-05-22,106.8108139038086,164.40158081054688,335.017215
2020-05-26,108.53409576416016,160.63308715820313,344.44955000000004
2020-05-27,110.00208282470703,160.0677947998047,323.1456
2020-05-28,105.7258071899414,152.15391540527344,331.787547
2020-05-29,99.66243743896484,154.79185485839844,344.584375
2020-06-02,106.01298522949219,154.9803009033203,352.48797600000006
2020-06-03,111.08707427978516,153.47288513183594,356.083404
2020-06-04,109.58717346191406,156.2992706298828,352.73963000000003
2020-06-05,119.83102416992188,156.39349365234375,367.37547000000006
2020-06-08,122.16069030761719,152.71920776367188,353.805364
2020-06-09,117.34193420410156,146.40692138671875,363.83931999999993
2020-06-10,115.93778991699219,148.3853759765625,366.314376
2020-06-11,111.27859497070313,144.42843627929688,344.139638
2020-06-12,112.8741683959961,146.12429809570313,347.76628800000003
2020-06-15,110.00208282470703,149.23330688476563,358.722683
2020-06-16,117.56529235839844,148.85646057128906,363.343742
2020-06-17,113.8953628540039,146.8779754638672,361.31262799999996
2020-06-18,113.83155822753906,149.70437622070313,370.141938
2020-06-19,117.8844223022461,144.8052978515625,379.608012
2020-06-22,117.75678253173828,145.93585205078125,390.99018
2020-06-23,118.93754577636719,145.1821746826172,383.16976
2020-06-24,116.32071685791016,145.84165954589844,362.82523699999996
2020-06-25,117.0866470336914,146.12429809570313,375.373136
2020-06-26,114.88465118408203,144.89950561523438,374.029975
2020-06-29,115.13993072509766,143.10946655273438,383.243936
2020-06-30,111.88490295410156,147.3490447998047,382.67044200000004
2020-07-01,117.82060241699219,144.61688232421875,383.61768400000005
2020-07-02,116.70367431640625,154.0381622314453,384.177615
2020-07-06,117.2780990600586,146.31271362304688,379.94734099999994
2020-07-07,118.39501953125,148.85646057128906,382.62975300000005
2020-07-08,117.05469512939453,147.16061401367188,387.44224599999995
2020-07-09,114.24640655517578,149.9870147705078,371.07004
2020-07-10,114.75700378417969,152.3423309326172,385.466016
2020-07-13,119.09710693359375,152.3423309326172,377.120834
2020-07-14,116.28877258300781,151.11756896972656,379.47688999999997
2020-07-15,117.82060241699219,151.87127685546875,382.60380000000004
2020-07-16,116.57601928710938,152.3423309326172,378.873852
2020-07-17,117.56529235839844,153.5670928955078,376.10125
2020-07-20,117.85250854492188,153.28445434570313,378.26953499999996
2020-07-21,123.2457275390625,159.5967254638672,382.94337599999994
2020-07-22,120.53314208984375,152.25404357910156,381.04518
2020-07-23,117.43766784667969,150.26441955566406,375.825013
2020-07-24,117.43766784667969,144.10604858398438,379.88085099999995
2020-07-27,115.1080551147461,146.66415405273438,376.112682
2020-07-28,115.45909118652344,145.81143188476563,373.198941
2020-07-29,114.62934112548828,149.41171264648438,373.847022
2020-07-30,109.30001068115234,148.18003845214844,363.826515
2020-07-31,109.65595245361328,148.55902099609375,363.23783
2020-08-03,111.88197326660156,150.26441955566406,373.231113
2020-08-04,113.84991455078125,149.1274871826172,380.99297700000005
2020-08-05,119.10845947265625,146.8536376953125,379.890875
2020-08-06,118.6246109008789,144.57977294921875,377.19808700000004
2020-08-07,116.0759506225586,144.10604858398438,370.71988799999997
2020-08-10,116.97927856445313,143.9165496826172,378.96984
2020-08-11,118.9149169921875,148.08529663085938,372.39951
2020-08-12,119.39886474609375,148.93800354003906,381.67896
2020-08-13,119.07626342773438,154.14892578125,375.52235999999994
2020-08-14,117.33412170410156,156.51754760742188,375.19532999999996
2020-08-17,117.04376983642578,156.32806396484375,380.374254
2020-08-18,116.14047241210938,153.86471557617188,378.28551100000004
2020-08-19,114.6241683959961,158.12818908691406,379.208543
2020-08-20,112.97886657714844,156.70701599121094,381.48735800000003
2020-08-21,112.01102447509766,152.91725158691406,380.850376
2020-08-24,114.04350280761719,159.64410400390625,380.402452
2020-08-25,114.07573699951172,167.22364807128906,386.19882
2020-08-26,112.30136108398438,168.55006408691406,387.06653800000004
2020-08-27,111.0754165649414,172.52932739257813,382.013632
2020-08-28,110.62378692626953,171.3923797607422,377.49811200000005
2020-08-31,112.14009094238281,179.72988891601563,373.10594299999997
2020-09-01,110.94638061523438,173.76100158691406,372.33697599999994
2020-09-02,109.23657989501953,173.57151794433594,375.14630800000003
2020-09-03,106.13946533203125,175.8453826904297,369.000128
2020-09-04,106.26850128173828,162.7706756591797,354.49520399999994
2020-09-08,101.30028533935547,163.9075927734375,333.85785
2020-09-09,103.65535736083984,169.78173828125,346.304465
2020-09-10,103.6876220703125,167.22364807128906,335.96892499999996
2020-09-11,101.07447814941406,169.02377319335938,337.048837
2020-09-14,100.5905532836914,170.06597900390625,335.22264299999995
2020-09-15,103.1069107055664,173.38201904296875,344.399405
2020-09-16,103.4617919921875,178.68771362304688,360.81095700000003
2020-09-17,104.52640533447266,178.4982147216797,372.611397
2020-09-18,103.75214385986328,179.16143798828125,373.42592
2020-09-21,99.33234405517578,169.87648010253906,362.522914
2020-09-22,101.04222106933594,183.2354278564453,368.9817249999999
2020-09-23,99.46138000488281,185.50929260253906,375.359776
2020-09-24,96.6546859741211,183.5196533203125,382.40874
2020-09-25,95.299713134765625,186.17250061035156,383.746758
2020-09-28,96.26751708984375,195.17320251464844,383.477532
2020-09-29,93.75117492675781,199.91041564941406,368.69689500000004
2020-09-30,94.13829040527344,204.6476287841797,379.73007
2020-10-01,93.58985137939453,209.3848419189453,357.419012
2020-10-02,93.5575942993164,211.65870666503906,343.01502
2020-10-05,96.68692779541016,213.36410522460938,361.86391199999997
2020-10-06,99.68721771240234,222.6490478515625,373.0879
2020-10-07,97.97740173339844,222.8385467529297,369.824268
2020-10-08,99.07427215576172,228.33370971679688,380.35872
2020-10-09,100.20340728759766,220.3751983642578,372.42004799999995
2020-10-12,99.364593505859375,217.1538848876953,358.74534
2020-10-13,97.71929168701172,216.20643615722656,366.518683
2020-10-14,98.71940612792969,210.33229064941406,376.3206
2020-10-15,96.1707534790039,205.4055938720703,382.90767200000005
2020-10-16,98.0741958618164,242.54534912109375,379.82461
2020-10-19,98.0741958618164,234.96580505371094,377.96534099999997
2020-10-20,96.783721923828125,232.88143920898438,384.269382
2020-10-21,96.783721923828125,209.9533233642578,367.82520400000004
2020-10-22,95.5255355834961,205.97406005859375,374.190264
2020-10-23,97.68702697753906,194.22576904296875,365.861651
2020-10-26,95.91267395019531,198.39451599121094,355.560502
2020-10-27,95.65457916259766,194.604736328125,360.40947600000004
2020-10-28,91.88001251220703,187.21470642089844,348.61985300000003
2020-10-29,96.04170989990234,188.54110717773438,342.37162799999993
2020-10-30,95.68683624267578,198.96298217773438,337.999068
2020-11-02,100.44955444335938,199.72093200683594,349.06152000000003
2020-11-03,101.85418701171875,202.37376403808594,352.269216
2020-11-04,103.09551239013672,209.3848419189453,364.342221
2020-11-05,102.93216705322266,216.96438598632813,352.91268800000006
2020-11-06,100.87419128417969,217.53285217285156,340.120303
2020-11-09,112.2094497680664,217.53285217285156,360.97065
2020-11-10,113.77748107910156,213.7430877685547,371.82657399999994
2020-11-11,114.82278442382813,220.9436492919922,374.149881
2020-11-12,113.41815185546875,224.92291259765625,373.43744999999996
2020-11-13,112.99351501464844,218.85928344726563,365.41140900000005
2020-11-16,120.40878295898438,222.08058166503906,373.18094
2020-11-17,120.21278381347656,226.43882751464844,373.745748
2020-11-18,124.62272644042969,220.9436492919922,375.82181999999995
2020-11-19,124.49207305908203,226.43882751464844,375.576636
2020-11-20,125.34142303466797,236.86068725585938,377.36413000000005
2020-11-23,131.45004272460938,239.3240509033203,385.44765699999994
2020-11-24,137.72203063964844,237.99761962890625,402.327406
2020-11-25,133.93270874023438,248.22999572753906,404.38576
2020-11-30,131.6460723876953,263.5785827636719,398.46060000000006
2020-12-01,131.6460723876953,258.27288818359375,394.59322199999997
2020-12-02,129.29405212402344,261.115234375,401.10416299999997
2020-12-03,129.29405212402344,260.92572021484375,402.24954
2020-12-04,138.114013671875,255.80953979492188,405.29840999999993
2020-12-07,137.78738403320313,264.3365173339844,400.836384
2020-12-08,137.78738403320313,265.2839660644531,400.427104
2020-12-09,140.4006805419922,275.8953552246094,397.23141599999997
2020-12-10,143.60202026367188,277.79022216796875,412.98432
2020-12-11,143.40599060058594,282.5274353027344,410.95175400000005
2020-12-14,143.20999145507813,284.6117858886719,409.163338
2020-12-15,140.4006805419922,283.6643371582031,415.99194
2020-12-16,139.42071533203125,286.5066833496094,415.37694
2020-12-17,141.6420135498047,286.1277160644531,414.53967
2020-12-18,140.9886932373047,294.0862121582031,420.684736
2020-12-21,134.06338500976563,291.0544128417969,418.176837
2020-12-22,135.2393798828125,299.7709045410156,406.995716
2020-12-23,139.29000854492188,306.7819519042969,418.631256
2020-12-28,140.9886932373047,323.2674865722656,410.94625
2020-12-29,139.87802124023438,320.4251403808594,411.79231500000003
2020-12-30,141.24998474121094,323.4569396972656,414.28994400000005
2021-01-04,140.4660186767578,334.068359375,403.200686
2021-01-05,143.07936096191406,345.05865478515625,424.79265200000003
2021-01-06,149.024658203125,349.4169006347656,424.47621000000004
2021-01-07,150.4619903564453,367.6077880859375,426.59825400000005
2021-01-08,151.4419708251953,376.7032775878906,437.81958000000003
2021-01-11,149.67799377441406,343.3532409667969,444.53703
2021-01-12,157.8446044921875,334.8262634277344,452.910408
2021-01-13,156.47259521484375,336.3421630859375,448.795223
2021-01-14,157.64859008789063,351.6907653808594,454.735615
2021-01-15,153.59799194335938,331.41546630859375,444.51165000000003
2021-01-19,155.36196899414063,342.7847595214844,450.706176
2021-01-20,156.1459197998047,339.18450927734375,453.49201199999993
2021-01-21,151.57261657714844,344.8691711425781,446.88009999999997
2021-01-22,146.93397521972656,349.60638427734375,444.228388
2021-01-25,143.40599060058594,348.84844970703125,449.437534
2021-01-26,145.03933715820313,337.28961181640625,450.031201
2021-01-27,139.42071533203125,307.72943115234375,455.79782900000004
2021-01-28,139.68203735351563,309.24530029296875,454.719486
2021-01-29,140.0087127685547,308.8663330078125,444.538816
2021-02-01,139.8126983642578,308.1083984375,460.385415
2021-02-02,145.88868713378906,303.18170166015625,470.4962080000001
2021-02-03,147.78334045410156,299.5814208984375,479.658287
2021-02-04,144.25535583496094,290.2964782714844,484.239801
2021-02-05,141.90335083007813,296.3600769042969,488.54816
2021-02-08,140.07398986816406,294.6546936035156,495.04367
2021-02-09,138.96337890625,284.0433349609375,494.46067000000005
2021-02-10,142.4648895263672,286.88568115234375,494.99732900000004
2021-02-11,142.26638793945313,292.19134521484375,491.73194199999995
2021-02-12,140.7444305419922,272.48455810546875,505.4168
2021-02-16,144.18531799316406,283.285400390625,504.275636
2021-02-17,143.39129638671875,279.8746032714844,517.2551390000001
2021-02-18,139.22251892089844,261.8731689453125,510.71824000000004
2021-02-19,140.6121063232422,256.1885070800781,497.22876
2021-02-22,145.1117401123047,244.06124877929688,524.472515
2021-02-23,145.90574645996094,236.292236328125,523.980514
2021-02-24,151.13319396972656,236.292236328125,533.340696
2021-02-25,154.1108856201172,242.54534912109375,530.6617229999999
2021-02-26,149.08193969726563,237.80813598632813,528.166705
2021-03-01,154.5078887939453,249.55641174316406,520.365516
2021-03-02,152.12576293945313,251.0723419189453,509.02608000000004
2021-03-03,153.58152770996094,233.0709228515625,521.525788
2021-03-04,154.3093719482422,237.99761962890625,544.005774
2021-03-05,167.2126007080078,231.3655242919922,565.208672
2021-03-08,165.426025390625,237.99761962890625,557.820837
2021-03-09,165.7568817138672,255.62005615234375,542.7679619999999
2021-03-10,170.58729553222656,248.4195098876953,546.36843
2021-03-11,173.6973419189453,258.4623718261719,556.6080179999999
2021-03-12,175.28538513183594,249.36692810058594,554.3929160000001
2021-03-15,174.16049194335938,243.8717498779297,553.736456
2021-03-16,170.3226318359375,254.8621063232422,549.1031839999999
2021-03-17,171.77835083007813,238.945068359375,548.694365
2021-03-18,168.3374786376953,230.98654174804688,508.5978150000001
2021-03-19,165.7568817138672,230.41807556152344,527.032542
2021-03-22,164.6320037841797,239.13453674316406,522.690664
2021-03-23,159.0736541748047,248.22999572753906,494.65185
2021-03-24,162.9115447998047,228.523193359375,524.947456
2021-03-25,157.15472412109375,222.6490478515625,503.613804
2021-03-26,161.58811950683594,225.11241149902344,523.650699
2021-03-29,164.23492431640625,231.7445068359375,525.659563
2021-03-30,161.98516845703125,233.44989013671875,518.87717
2021-03-31,160.66171264648438,245.0087127685547,504.588831
2021-04-06,162.38214111328125,241.69265747070313,506.22954000000004
2021-04-07,160.99256896972656,237.80813598632813,505.636269
2021-04-08,155.698974609375,236.67120361328125,505.98160200000007
2021-04-09,153.18447875976563,239.60826110839844,504.374101
2021-04-12,153.7138671875,235.53428649902344,506.22615
2021-04-13,154.8387451171875,251.0723419189453,514.5294
2021-04-14,156.42681884765625,247.94578552246094,531.767205
2021-04-15,158.01495361328125,251.0723419189453,532.119168
2021-04-16,157.55172729492188,262.82061767578125,527.897596
2021-04-19,157.08853149414063,247.28256225585938,524.8093769999999
2021-04-20,153.18447875976563,232.21823120117188,519.3624719999999
2021-04-21,152.1919403076172,228.59234619140625,513.029358
2021-04-22,151.33172607421875,249.05337524414063,512.548305
2021-04-23,153.912353515625,248.48236083984375,517.549012
2021-04-26,156.1621856689453,253.43104553222656,515.032686
2021-04-27,153.84619140625,252.1938934326172,521.806461
2021-04-28,157.81640625,246.19834899902344,527.58108
2021-04-29,162.6468505859375,239.9172821044922,531.3230000000001
2021-04-30,158.01495361328125,213.6510467529297,523.1193499999999
2021-05-03,158.13951110839844,217.1722412109375,536.062252
2021-05-04,159.54434204101563,204.03912353515625,547.38188
2021-05-05,166.43450927734375,206.51348876953125,545.8578359999999
2021-05-06,162.75526428222656,190.00192260742188,539.725213
2021-05-07,165.63177490234375,204.8004608154297,539.3563839999999
2021-05-10,166.1669158935547,195.85472106933594,533.532036
2021-05-11,162.0194854736328,193.09486389160156,538.363392
2021-05-12,163.89248657226563,189.66883850097656,545.7464439999999
2021-05-14,165.3642120361328,196.99673461914063,539.2100679999999
2021-05-18,167.2372589111328,196.99673461914063,536.507178
2021-05-19,160.4808349609375,198.5194091796875,523.660984
2021-05-20,160.01260375976563,208.13133239746094,516.67539
2021-05-21,163.2904815673828,211.65252685546875,529.317893
2021-05-25,162.6884002685547,212.22352600097656,550.9820339999999
2021-05-26,161.48426818847656,210.03468322753906,552.7171480000001
2021-05-27,162.75526428222656,209.08299255371094,558.9128340000001
2021-05-28,164.7621307373047,214.6027069091797,555.896623
2021-06-01,172.45504760742188,210.7960205078125,560.7738
2021-06-02,173.92674255371094,206.0376434326172,572.360316
2021-06-03,176.33497619628906,206.32315063476563,573.090966
2021-06-04,177.80662536621094,208.9878387451172,583.1079119999999
2021-06-07,177.33836364746094,206.32315063476563,571.8130199999999
2021-06-08,175.93356323242188,210.4153594970703,578.2813020000001
2021-06-09,179.94728088378906,211.08152770996094,576.15774
2021-06-10,181.552734375,204.8004608154297,584.2510740000001
2021-06-11,182.62306213378906,210.03468322753906,590.4146999999999
2021-06-14,186.23538208007813,222.50161743164063,590.547124
2021-06-15,185.2989044189453,215.74472045898438,600.04362
2021-06-16,184.96438598632813,224.50013732910156,601.2848309999999
2021-06-17,184.3623809814453,214.50753784179688,607.037156
2021-06-18,177.80662536621094,208.3216552734375,619.3851119999999
2021-06-21,182.89064025878906,213.3655242919922,635.84458
2021-06-22,185.8340301513672,216.22056579589844,628.5340600000001
2021-06-23,187.77401733398438,209.36849975585938,622.297698
2021-06-24,188.24224853515625,214.79306030273438,624.879778
2021-06-25,189.78085327148438,220.5030975341797,629.4492199999999
2021-06-28,183.62648010253906,220.6934356689453,623.5630140000001
2021-06-29,183.2920379638672,230.21017456054688,626.8902539999999
2021-06-30,183.5596160888672,216.98190307617188,629.272384
2021-07-01,187.7070770263672,221.9306182861328,647.220294
2021-07-02,188.04156494140625,227.25999450683594,652.6288300000001
2021-07-06,185.76715087890625,227.64065551757813,635.26698
2021-07-07,180.482421875,233.4458770751953,625.540752
2021-07-08,174.46189880371094,224.59530639648438,641.9977620000001
2021-07-09,178.14112854003906,221.7402801513672,649.872416
2021-07-12,176.736328125,228.49717712402344,646.673361
2021-07-13,174.39501953125,226.40347290039063,654.8588639999999
2021-07-14,176.33497619628906,223.73880004882813,639.05582
2021-07-15,169.31100463867188,214.03170776367188,629.993634
2021-07-16,165.96627807617188,215.3640594482422,631.609992
2021-07-19,159.14295959472656,212.31871032714844,595.1461350000001
2021-07-20,161.12750244140625,212.22352600097656,606.9975119999999
2021-07-21,167.35333251953125,221.359619140625,631.503906
2021-07-22,165.66156005859375,225.261474609375,635.995035
2021-07-23,165.1201629638672,188.66957092285156,638.8761119999999
2021-07-26,169.85719299316406,179.86659240722656,638.25333
2021-07-27,164.84945678710938,180.15208435058594,633.7873920000001
2021-07-28,163.69903564453125,186.62347412109375,642.5370450000001
2021-07-29,164.2404022216797,181.103759765625,644.8228560000001
2021-07-30,161.5335235595703,180.77066040039063,649.1201860000001
2021-08-02,163.08999633789063,182.00784301757813,627.035961
2021-08-03,161.73654174804688,181.38926696777344,620.176816
2021-08-04,159.70640563964844,180.6279296875,601.067574
2021-08-05,162.48095703125,181.38926696777344,608.8400999999999
2021-08-06,163.22537231445313,180.6279296875,602.585628
2021-08-09,160.24777221679688,184.10153198242188,593.58208
2021-08-10,162.68394470214844,186.05247497558594,610.200566
2021-08-11,160.45079040527344,183.67327880859375,618.2946000000001
2021-08-12,161.73654174804688,184.05393981933594,610.9171200000001
2021-08-13,160.5861358642578,182.578857421875,602.853168
2021-08-16,156.99951171875,176.25021362304688,596.0751839999999
2021-08-17,158.9619903564453,170.73049926757813,587.6472
2021-08-18,157.6762237548828,178.62940979003906,581.063472
2021-08-19,151.85638427734375,178.67698669433594,574.222671
2021-08-20,149.82623291015625,176.63088989257813,565.373175
2021-08-23,155.71371459960938,180.6279296875,587.5346750000001
2021-08-24,156.32276916503906,179.15281677246094,597.9757500000001
2021-08-25,154.56329345703125,178.4866485595703,606.5721460000001
2021-08-26,154.9693145751953,176.678466796875,593.673552
2021-08-27,156.1197509765625,173.68069458007813,606.246344
2021-08-30,156.32276916503906,171.63458251953125,601.128704
2021-08-31,153.6158905029297,171.11117553710938,593.2812570000001
2021-09-01,152.1271209716797,173.25244140625,596.0652759999999
2021-09-02,155.57835388183594,175.10821533203125,608.8872789999999
2021-09-03,154.089599609375,172.96693420410156,600.0544920000001
2021-09-07,153.81890869140625,166.35279846191406,594.7534619999999
2021-09-08,158.14991760253906,166.35279846191406,601.9962479999999
2021-09-09,151.58572387695313,166.16246032714844,591.889286
2021-09-10,151.45037841796875,163.6881103515625,601.60403
2021-09-13,156.7288055419922,163.6881103515625,610.10046
2021-09-14,163.563720703125,165.401123046875,607.418466
2021-09-15,165.9322509765625,157.12155151367188,622.626207
2021-09-16,167.96238708496094,154.64720153808594,625.948128
2021-09-17,165.45851135253906,154.17135620117188,619.3612350000001
2021-09-20,162.27793884277344,157.6925506591797,615.841065
2021-09-21,164.51113891601563,162.16542053222656,611.6813010000001
2021-09-22,171.68434143066406,162.83160400390625,624.8425800000001
2021-09-23,172.0904083251953,170.68292236328125,632.195585
2021-09-24,177.63949584960938,165.59146118164063,638.6230380000001
2021-09-27,182.85028076171875,164.1639404296875,649.98393
2021-09-28,185.15113830566406,158.45388793945313,652.59372
2021-09-29,185.4218292236328,159.40557861328125,653.277204
2021-09-30,192.93341064453125,155.26577758789063,660.3413360000001
2021-10-01,198.82090759277344,139.08729553222656,656.597183
2021-10-04,206.06182861328125,140.3720703125,666.051624
2021-10-05,208.83641052246094,144.79734802246094,676.6184880000001
2021-10-06,205.38511657714844,140.80032348632813,667.666318
2021-10-07,203.82867431640625,142.03750610351563,674.4500059999999
2021-10-08,210.05450439453125,137.85012817382813,679.73884
2021-10-11,212.08462524414063,137.9928741455078,688.9317120000001
2021-10-12,213.9795379638672,142.03750610351563,689.10435
2021-10-13,215.53594970703125,149.698486328125,687.63108
2021-10-14,221.8293914794922,147.36688232421875,687.3180580000001
2021-10-15,222.84457397460938,143.98843383789063,693.270655
2021-10-18,225.75445556640625,142.846435546875,695.2142520000001
2021-10-19,225.1453857421875,148.65164184570313,694.786242
2021-10-20,225.88983154296875,152.7438507080078,707.51676
2021-10-21,228.73204040527344,157.7877197265625,689.3085040000001
2021-10-22,226.8372344970703,158.7869873046875,705.563457
2021-10-25,231.77723693847656,153.6955108642578,708.301376
2021-10-26,228.32603454589844,154.17135620117188,713.749452
2021-10-27,228.73204040527344,158.21597290039063,692.81479
2021-10-28,219.93467712402344,161.40408325195313,695.9728500000001
2021-10-29,219.1902618408203,158.07322692871094,699.08705
2021-11-01,223.04754638671875,163.21226501464844,707.087576
2021-11-02,225.36705017089844,159.97657775878906,708.1332719999999
2021-11-03,224.06748962402344,154.5044403076172,688.3439399999999
2021-11-04,232.6171417236328,158.21597290039063,672.207472
2021-11-05,232.27508544921875,158.3587188720703,697.441875
2021-11-08,239.2515106201172,158.16839599609375,698.946684
2021-11-09,235.9685516357422,156.3126220703125,716.11356
2021-11-10,236.24208068847656,156.64572143554688,694.703329
2021-11-11,211.07212829589844,154.6947784423828,708.740118
2021-11-12,204.43765258789063,158.2635498046875,702.938214
2021-11-15,205.87400817871094,154.7423553466797,700.638015
2021-11-16,208.88340759277344,162.73641967773438,702.3374160000001
2021-11-17,210.25140380859375,166.7810516357422,684.469808
2021-11-18,201.3597869873047,162.97434997558594,692.317808
2021-11-19,198.07681274414063,156.1698760986328,678.535872
2021-11-22,200.5390625,154.40927124023438,685.3035479999999
2021-11-23,203.89053344726563,152.9817657470703,700.556736
2021-11-24,205.25839233398438,148.08062744140625,700.7290399999998
2021-11-29,195.81967163085938,156.74085998535156,632.9870159999999
2021-11-30,195.88807678222656,152.4583282470703,598.33551
2021-12-01,199.64988708496094,150.0791473388672,591.093344
2021-12-02,199.8551025390625,144.55941772460938,604.7479799999999
2021-12-03,203.27491760253906,142.9415740966797,604.892568
2021-12-06,207.10511779785156,141.27615356445313,634.96921
2021-12-07,215.44956970214844,143.3698272705078,651.2656259999999
2021-12-08,217.77500915527344,142.322998046875,647.1837790000001
2021-12-09,215.51788330078125,140.1341552734375,636.27086
2021-12-10,212.71363830566406,136.0895233154297,644.6155319999999
2021-12-13,206.55795288085938,134.28134155273438,641.315115
2021-12-14,205.87400817871094,133.47242736816406,639.462998
2021-12-15,200.47059631347656,132.71107482910156,643.801713
2021-12-16,206.21597290039063,138.84938049316406,647.4502340000001
2021-12-17,201.906982421875,139.9914093017578,637.199655
2021-12-20,199.44467163085938,140.7051544189453,620.9988139999999
2021-12-21,211.48251342773438,144.32151794433594,638.84772
2021-12-22,196.98240661621094,146.79588317871094,648.31646
2021-12-23,189.86915588378906,146.748291015625,654.052113
2021-12-27,190.21112060546875,149.4605712890625,670.0492399999999
2021-12-28,190.62158203125,144.79734802246094,668.986813
2021-12-29,187.4752655029297,141.6092529296875,676.729802
2021-12-30,185.76536560058594,145.3683624267578,675.8581439999999
2022-01-03,192.3314666748047,148.65164184570313,669.304722
2022-01-04,191.5791015625,150.17431640625,683.6291
2022-01-05,198.21353149414063,146.1772918701172,685.347631
2022-01-06,194.4517364501953,135.8516082763672,704.803536
2022-01-07,193.9729461669922,133.04417419433594,701.2514
2022-01-10,191.168701171875,130.3794708251953,691.882758
2022-01-11,194.10972595214844,132.04490661621094,717.21812
2022-01-12,202.52252197265625,130.80772399902344,720.386559
2022-01-13,199.51312255859375,131.85458374023438,710.311035
2022-01-14,201.15460205078125,129.6657257080078,731.237298
2022-01-18,212.78204345703125,126.95344543457031,748.74901
2022-01-19,209.9778289794922,126.38243865966797,760.605508
2022-01-20,208.81500244140625,133.28208923339844,757.859183
2022-01-21,204.232421875,128.095458984375,754.3643119999999
2022-01-24,196.50360107421875,119.14971160888672,759.5850240000001
2022-01-25,197.1875762939453,118.8166275024414,779.282136
2022-01-26,209.56739807128906,122.71849060058594,784.1760740000001
2022-01-27,213.05563354492188,120.95789337158203,784.2759590000001
2022-01-28,209.15701293945313,120.0062255859375,789.170272
2022-01-31,209.70419311523438,123.81292724609375,799.8900239999999
2022-02-01,202.3173370361328,122.38540649414063,780.6411360000001
2022-02-02,200.9494171142578,125.145263671875,772.5813440000001
2022-02-03,200.33387756347656,115.2954330444336,795.317434
2022-02-04,207.65228271484375,111.91698455810547,808.755777
2022-02-07,202.72776794433594,118.62629699707031,802.39775
2022-02-08,193.2889862060547,114.67684173583984,788.892104
2022-02-09,195.81967163085938,118.76904296875,787.875634
2022-02-10,187.4752655029297,117.0560302734375,790.737558
2022-02-11,190.4163360595703,115.81884765625,821.4213
2022-02-14,182.7559051513672,112.53557586669922,849.9656160000001
2022-02-15,180.37832641601563,116.294677734375,818.796924
2022-02-16,182.8102264404297,115.6285171508789,834.1299339999999
2022-02-17,182.6712646484375,118.7214584350586,817.098984
2022-02-18,178.43280029296875,114.20100402832031,815.5449900000001
2022-02-22,186.07594299316406,110.34671783447266,820.377715
2022-02-23,184.40834045410156,108.2530288696289,814.9598719999999
2022-02-24,197.9575653076172,108.72887420654297,838.3439359999999
2022-02-25,188.43838500976563,112.34524536132813,815.4110880000001
2022-02-28,190.0364990234375,120.67239379882813,853.788208
2022-03-01,205.8091583251953,122.48057556152344,915.6702439999999
2022-03-02,220.6090850830078,117.67461395263672,985.408816
2022-03-03,211.36782836914063,112.1073226928711,956.901033
2022-03-04,216.64852905273438,109.58538055419922,1041.895269
2022-03-07,219.56683349609375,114.24858856201172,1076.2976480000002
2022-03-08,225.12551879882813,134.8523406982422,1111.58542
2022-03-09,206.43453979492188,134.7095947265625,969.8126490000001
2022-03-10,212.6185302734375,131.80699157714844,947.956977
2022-03-11,206.71246337890625,133.37725830078125,975.067062
2022-03-14,198.9998321533203,128.095458984375,928.494866
2022-03-15,191.00929260253906,126.95344543457031,864.01962
2022-03-16,193.58013916015625,132.9014129638672,845.388565
2022-03-17,203.3772430419922,133.6151580810547,911.27420299999994
2022-03-18,204.69741821289063,130.7125701904297,921.931547
2022-03-21,213.31336975097656,130.2367401123047,981.1465019999999
2022-03-22,214.70303344726563,128.4761199951172,969.225282
2022-03-23,220.33120727539063,121.81439971923828,1008.4929310000001
2022-03-24,219.56683349609375,122.90882110595703,987.45314
2022-03-25,220.400634765625,122.00473022460938,1005.52508
2022-03-28,220.53958129882813,121.52890014648438,932.93172
2022-03-29,212.34059143066406,120.57722473144531,902.794575
2022-03-30,226.0287628173828,128.0002899169922,934.0874019999999
2022-03-31,229.7113800048828,127.90511322021484,879.426387
2022-04-01,233.67189025878906,128.28579711914063,868.3547599999999
2022-04-04,233.18553161621094,129.52297973632813,896.2370010000001
2022-04-05,232.42124938964844,135.66127014160156,886.9302580000001
2022-04-06,234.15830993652344,131.997314453125,842.940189
2022-04-07,232.83815002441406,131.56906127929688,841.1386650000001
2022-04-08,240.96766662597656,130.99806213378906,860.985405
2022-04-11,235.96484375,126.0969467163086,825.310668
2022-04-12,242.5657501220703,123.19432830810547,882.897316
2022-04-13,250.7648162841797,123.43224334716797,921.5749920000001
2022-04-19,250.9732666015625,120.4344711303711,903.8901
2022-04-20,248.8192596435547,120.4344711303711,903.8407679999999
2022-04-21,250.13941955566406,119.00696563720703,914.0657760000001
2022-04-22,243.74700927734375,116.19951629638672,915.29971
2022-04-25,229.29446411132813,113.62999725341797,899.21868
2022-04-26,230.47573852539063,111.34597778320313,941.6205960000001
2022-04-27,236.38177490234375,110.58463287353516,942.5998079999999
2022-04-28,233.4634552001953,112.01214599609375,995.752817
2022-04-29,236.59024047851563,109.91846466064453,967.7503520000001
2022-05-02,227.76580810546875,105.7731704711914,991.910508
2022-05-03,241.7041778564453,106.35701751708984,962.459363
2022-05-04,247.1974639892578,109.22758483886719,1014.213632
2022-05-05,250.36663818359375,108.59508514404297,1007.830707
2022-05-06,249.8736572265625,89.464447021484375,1036.042072
2022-05-09,241.56332397460938,89.52283477783203,981.9194640000001
2022-05-10,240.57737731933594,91.89713287353516,966.919456
2022-05-11,246.14109802246094,89.23090362548828,1017.6424499999999
2022-05-12,246.9157257080078,84.94938659667969,1049.44136
2022-05-13,253.32460021972656,87.79076385498047,1085.96952
2022-05-16,257.9727478027344,87.6934585571289,1118.45635
2022-05-18,269.7339172363281,91.371673583984375,1064.336383
2022-05-19,263.466064453125,91.31328582763672,1099.197939
2022-05-20,267.0577697753906,91.89713287353516,1092.7587859999999
2022-05-23,270.6495056152344,93.45405578613281,1061.079824
2022-05-24,270.8608093261719,90.26236724853516,1080.2436449999998
2022-05-25,277.1287536621094,90.76836395263672,1087.9487279999998
2022-05-27,274.1004638671875,92.22797393798828,1091.384256
2022-05-31,287.1997985839844,92.44205474853516,1078.168756
2022-06-01,279.94586181640625,89.85367584228516,1080.700812
2022-06-02,282.97418212890625,89.71744537353516,1102.388784
2022-06-03,287.4110412597656,92.597747802734375,1120.185829
2022-06-07,288.467529296875,89.44498443603516,1141.9415999999999
2022-06-08,292.2704772949219,88.21891784667969,1151.333092
2022-06-09,291.0028076171875,86.95391845703125,1151.717952
2022-06-10,287.0589599609375,85.20237731933594,1158.3922770000001
2022-06-13,277.9034423828125,81.718780517578125,1193.84316
2022-06-14,291.9183654785156,78.2935562133789,1182.6594
2022-06-15,285.7912902832031,82.04962158203125,1148.3104319999998
2022-06-16,274.1004638671875,79.63639068603516,1182.24214
2022-06-17,267.6212158203125,83.68438720703125,1092.105036
2022-06-21,255.1557159423828,88.47190856933594,1081.686051
2022-06-22,242.97190856933594,88.21891784667969,1060.532346
2022-06-23,230.92893981933594,87.10960388183594,1055.6811
2022-06-24,233.6051483154297,90.009368896484375,1081.4290499999997
2022-06-27,240.15480041503906,89.36713409423828,1097.1156560000002
2022-06-28,248.39474487304688,89.83421325683594,1112.492714
2022-06-29,252.4794921875,84.24877166748047,1094.14767
2022-06-30,240.92950439453125,82.3804702758789,1073.602104
2022-07-01,236.07005310058594,87.59613800048828,1096.65775
2022-07-05,235.57708740234375,87.148529052734375,1015.0024050000001
2022-07-06,221.1396026611328,89.15306854248047,1013.281465
2022-07-07,229.0978240966797,95.40019989013672,1057.60358
2022-07-08,233.74598693847656,94.01844024658203,1078.307152
2022-07-11,240.50694274902344,98.91300201416016,1082.01191
2022-07-12,236.21090698242188,97.50203704833984,999.603156
2022-07-13,232.1966552734375,93.99897003173828,1001.587624
2022-07-14,225.57647705078125,93.51243591308594,1002.200815
2022-07-15,227.05543518066406,95.57535552978516,1017.41144
2022-07-18,238.25328063964844,98.183197021484375,1057.619696
2022-07-19,235.01364135742188,97.3560791015625,1054.0581240000001
2022-07-20,234.0277099609375,99.3995361328125,1037.66897
2022-07-21,218.39297485351563,97.2490463256836,982.0866599999999
2022-07-22,221.8439178466797,102.07549285888672,973.2404549999999
2022-07-25,226.8441925048828,102.75663757324219,982.147506
2022-07-26,231.28106689453125,102.31875610351563,966.4433459999999
2022-07-27,228.1822967529297,100.95645141601563,980.9642009999999
2022-07-28,232.26699829101563,106.4543228149414,969.19669
2022-07-29,235.15447998046875,111.5143051147461,981.2380049999999
2022-08-01,228.8865203857422,107.67066955566406,931.0503280000001
2022-08-02,225.57647705078125,110.5412368774414,943.5111059999999
2022-08-03,226.77377319335938,110.49258422851563,903.2568000000001
2022-08-04,217.12527465820313,111.5143051147461,888.288216
2022-08-05,221.98471069335938,109.32489013671875,895.188819
2022-08-08,224.6609649658203,110.49258422851563,911.49268
2022-08-09,232.4078369140625,107.5733642578125,904.7125740000001
2022-08-10,226.0694580078125,107.86528015136719,915.3851760000001
2022-08-11,233.2530059814453,108.10855102539063,920.0891699999999
2022-08-12,233.0417022705078,106.64893341064453,905.068746
2022-08-15,223.25242614746094,109.03297424316406,893.0861279999999
2022-08-16,231.27586364746094,106.84355926513672,866.914065
2022-08-17,230.9178466796875,108.98431396484375,879.7913999999998
2022-08-18,245.0235595703125,104.5081787109375,899.97648
2022-08-19,243.73471069335938,104.8487548828125,915.751595
2022-08-22,245.09523010253906,101.88087463378906,912.797478
2022-08-23,259.3440246582031,102.41606903076172,946.8031299999999
2022-08-24,261.42047119140625,101.88087463378906,926.5439999999999
2022-08-25,260.8476867675781,103.68106842041016,902.40777
2022-08-26,262.781005859375,103.09721374511719,904.484526
2022-08-29,264.9290466308594,95.65320587158203,952.68888
2022-08-30,252.3986358642578,96.7430419921875,895.220176
2022-08-31,248.96170043945313,98.57242584228516,895.3864920000001
2022-09-01,247.5296173095703,97.891265869140625,871.6838100000001
2022-09-02,258.34161376953125,96.820892333984375,873.8165450000001
2022-09-06,249.8925323486328,97.0155029296875,870.556305
2022-09-07,239.93980407714844,96.58735656738281,830.28
2022-09-08,241.80148315429688,99.44818878173828,844.8121000000001
2022-09-09,245.4531707763672,103.34048461914063,867.018723
2022-09-12,244.73715209960938,101.6862564086914,865.892328
2022-09-13,245.5963897705078,102.56202697753906,863.1861120000001
2022-09-14,249.53451538085938,99.7401123046875,899.696688
2022-09-15,242.58905029296875,100.7618408203125,868.2064479999999
2022-09-16,245.5963897705078,96.31489562988281,876.7159919999999
2022-09-19,238.14971923828125,90.3402099609375,886.733335
2022-09-20,233.42398071289063,88.4329833984375,871.239906
2022-09-21,240.36940002441406,91.17705535888672,865.767892
2022-09-22,238.6509246826172,89.52283477783203,870.035502
2022-09-23,218.24423217773438,86.2143783569336,829.5708119999999
2022-09-26,221.89601135253906,83.64546203613281,828.697762
2022-09-27,226.9081268310547,83.58708190917969,846.649063
2022-09-28,224.04409790039063,82.47777557373047,903.191652
2022-09-29,221.46636962890625,80.0645523071289,880.639752
2022-09-30,223.82928466796875,72.94164276123047,867.614834
2022-10-03,234.56961059570313,76.87286376953125,909.496645
2022-10-04,237.07568359375,78.1573257446289,921.4387770000001
2022-10-05,236.64610290527344,75.315948486328125,932.988254
2022-10-06,241.08541870117188,73.3892593383789,940.1975100000001
2022-10-07,243.51992797851563,73.953643798828125,992.7125409999999
2022-10-10,235.42881774902344,71.26795959472656,976.52928
2022-10-11,222.2539825439453,67.88166046142578,962.1648749999999
2022-10-12,219.1750946044922,68.44603729248047,942.4159
2022-10-13,224.11561584472656,68.95204162597656,952.3327409999999
2022-10-14,215.73814392089844,70.97603607177734,915.51852
2022-10-17,217.59982299804688,71.94911193847656,913.2511999999999
2022-10-18,219.03189086914063,73.408721923828125,876.752185
2022-10-19,219.38986206054688,71.229034423828125,913.148
2022-10-20,227.8389434814453,71.38472747802734,912.0184479999999
2022-10-21,227.69580078125,69.92511749267578,916.3238699999999
2022-10-24,228.2686004638672,66.7723617553711,908.4971040000001
2022-10-25,228.55499267578125,68.582275390625,916.0248750000001
2022-10-26,229.7722625732422,70.00296783447266,922.245569
2022-10-27,240.08299255371094,71.13172912597656,917.665334
2022-10-28,240.58421325683594,70.217041015625,906.620785
2022-10-31,241.25994873046875,71.6182632446289,899.3409880000002
2022-11-01,248.5399932861328,73.60333251953125,904.612008
2022-11-02,253.41757202148438,73.35033416748047,930.671034
2022-11-03,256.766357421875,81.718780517578125,935.7383100000001
2022-11-04,263.17279052734375,80.16185760498047,956.7402359999999
2022-11-07,265.138427734375,81.73823547363281,942.11586
2022-11-08,261.9351806640625,81.52416229248047,913.18368
2022-11-09,257.7127685546875,80.10346984863281,882.0842010000001
2022-11-10,254.29119873046875,89.6201400756836,900.6212879999999
2022-11-11,257.0575866699219,87.59613800048828,887.5491519999999
2022-11-14,255.3831787109375,86.44791412353516,858.1050899999999
2022-11-15,253.70880126953125,89.36713409423828,864.7734760000001
2022-11-16,255.60162353515625,85.84461212158203,852.544026
2022-11-17,253.85435485839844,85.90299224853516,831.073215
2022-11-18,245.1911163330078,85.9419174194336,809.9721059999999
2022-11-21,239.29434204101563,83.31462097167969,816.370146
2022-11-22,246.28318786621094,81.2906265258789,821.7177800000001
2022-11-23,244.46310424804688,80.7651596069336,782.3860280000001
2022-11-25,245.84632873535156,80.92086029052734,758.865635
2022-11-28,240.7503204345703,79.32501220703125,763.70634
2022-11-29,247.22952270507813,79.90885925292969,776.9883399999999
2022-11-30,248.75840759277344,83.8984603881836,796.172544
2022-12-01,244.09915161132813,86.9344482421875,794.744664
2022-12-02,237.40151977539063,85.00776672363281,777.6447360000001
2022-12-05,234.34393310546875,86.01976776123047,750.1297050000001
2022-12-06,229.6118927001953,82.06907653808594,736.7939849999999
2022-12-07,221.6766815185547,80.7457046508789,719.0626310000001
2022-12-08,222.55026245117188,81.40739440917969,710.8966499999999
2022-12-09,216.14385986328125,82.6723861694336,708.85164
2022-12-12,216.58067321777344,83.29515838623047,729.1038719999999
2022-12-13,221.5310516357422,86.83714294433594,748.8853359999999
2022-12-14,220.3662872314453,87.07068634033203,750.61077
2022-12-15,223.4238739013672,82.43885040283203,743.1983590000001
2022-12-16,219.49270629882813,78.857940673828125,732.418518
2022-12-19,218.4006805419922,80.72624206542969,743.737995
2022-12-20,219.929443359375,77.70970916748047,752.807536
2022-12-21,222.33187866210938,79.18878173828125,766.628824
2022-12-22,222.76864624023438,77.8848648071289,760.6736320000001
2022-12-23,225.3894805908203,78.74116516113281,782.4277239999999
2022-12-27,226.26309204101563,77.30101776123047,784.44163
2022-12-28,223.35105895996094,75.724639892578125,774.77869
2022-12-29,222.69589233398438,77.223175048828125,777.0060100000001
2022-12-30,221.385498046875,76.48363494873047,790.161168
2023-01-03,222.11346435546875,77.6124038696289,767.462393
2023-01-04,215.1247100830078,76.9312515258789,737.7467019999999
2023-01-05,218.47344970703125,74.7515640258789,744.697648
2023-01-06,221.74949645996094,78.838470458984375,759.270348
2023-01-09,222.04067993164063,81.835540771484375,740.9472069999999
2023-01-10,221.96786499023438,79.34447479248047,747.982935
2023-01-11,219.128662109375,81.38793182373047,773.9493359999999
2023-01-12,223.35105895996094,81.991241455078125,779.620776
2023-01-13,221.74949645996094,83.72331237792969,790.17105
2023-01-17,224.15187072753906,84.94938659667969,795.3417000000001
2023-01-18,227.0638885498047,82.55561828613281,781.8196650000001
2023-01-19,222.76864624023438,79.01362609863281,797.976222
2023-01-20,222.47747802734375,80.356475830078125,804.256047
2023-01-23,224.2974853515625,83.489776611328125,802.1205500000001
2023-01-24,218.47344970703125,82.61400604248047,788.4018779999999
2023-01-25,211.7030487060547,82.16638946533203,791.3138859999999
2023-01-26,212.06700134277344,82.9448471069336,796.553856
2023-01-27,222.98707580566406,82.84754180908203,789.598082
2023-01-30,221.6766815185547,79.7920913696289,771.801639
2023-01-31,220.7302703857422,78.721710205078125,794.987025
2023-02-01,220.14784240722656,80.37593078613281,760.796806
2023-02-02,214.10546875,85.8056869506836,756.3176820000001
2023-02-03,218.25503540039063,81.09600830078125,736.7745200000002
2023-02-06,214.17825317382813,78.93578338623047,759.449636
2023-02-07,216.50784301757813,77.8848648071289,802.375075
2023-02-08,225.6806640625,79.44178009033203,805.973217
2023-02-09,227.64630126953125,78.994171142578125,790.638848
2023-02-10,221.822265625,75.588409423828125,810.8999819999999
2023-02-13,215.05186462402344,74.59587860107422,811.545724
2023-02-14,214.46942138671875,71.773956298828125,799.530432
2023-02-15,209.92239379882813,69.34127044677734,801.8068499999999
2023-02-16,211.33224487304688,68.87419128417969,802.927905
2023-02-17,205.6927490234375,69.24396514892578,791.1134010000001
2023-02-21,205.39593505859375,70.17811584472656,783.029456
2023-02-22,201.314697265625,69.22450256347656,761.9068500000001
2023-02-23,205.61856079101563,70.217041015625,776.600414
2023-02-24,204.28289794921875,67.64811706542969,788.3531680000001
2023-02-27,207.7704620361328,68.75743103027344,785.0211599999999
2023-02-28,207.99307250976563,68.46550750732422,794.308784
2023-03-01,209.4029541015625,67.78435516357422,801.290343
2023-03-02,211.77748107910156,67.083740234375,815.82543
2023-03-03,208.88348388671875,68.30980682373047,829.656324
2023-03-06,211.258056640625,66.90858459472656,839.006313
2023-03-07,211.55482482910156,65.41004943847656,812.876475
2023-03-08,206.360595703125,64.145050048828125,814.644336
2023-03-09,204.28289794921875,63.96989822387695,807.39288
2023-03-10,202.65045166015625,62.56867599487305,816.4057499999999
2023-03-13,195.3042449951172,62.78274917602539,794.460776
2023-03-14,197.53033447265625,64.88459014892578,751.4472600000001
2023-03-15,186.0287628173828,62.451904296875,724.321524
2023-03-16,183.1348114013672,66.01335144042969,736.4152700000001
2023-03-17,182.6154022216797,63.405521392822266,716.19072
2023-03-20,183.357421875,63.28874969482422,719.9801640000001
2023-03-21,187.8096466064453,63.269283294677734,728.55426
2023-03-22,189.2195281982422,63.463905334472656,742.9641119999999
2023-03-23,188.84852600097656,63.133056640625,723.6753709999999
2023-03-24,180.61190795898438,61.61506271362305,728.374372
2023-03-27,184.61891174316406,61.71236801147461,766.9203150000001
2023-03-28,188.62588500976563,61.011756896972656,763.77496
2023-03-29,189.66473388671875,61.61506271362305,760.0003950000001
2023-03-30,187.51283264160156,64.06720733642578,775.358264
2023-03-31,190.18417358398438,67.60919952392578,792.9144960000001
2023-04-03,203.31825256347656,68.69904327392578,832.2204000000002
2023-04-04,199.9048614501953,71.2776870727539,831.6861299999999
2023-04-05,197.6045379638672,71.18038177490234,840.757524
2023-04-11,199.45965576171875,73.02922821044922,863.1416700000001
2023-04-12,201.24053955078125,75.75382995605469,874.7212340000001
2023-04-13,201.314697265625,74.73210906982422,854.570808
2023-04-14,200.42428588867188,75.75382995605469,851.5649599999999
2023-04-17,201.9083709716797,73.85633850097656,837.5283840000001
2023-04-18,195.8979034423828,70.11000061035156,845.0118599999998
2023-04-19,189.73895263671875,71.1500015258789,835.2935740000001
2023-04-20,186.39979553222656,67.94999694824219,819.3015369999999
2023-04-21,185.5835723876953,69.5999984741211,826.297036
2023-04-24,187.8838653564453,69.5999984741211,832.506632
2023-04-25,185.65774536132813,67.6500015258789,817.5467299999999
2023-04-26,182.39280700683594,67.30000305175781,789.287971
2023-04-27,183.50584411621094,69,793.2050219999999
2023-04-28,188.84852600097656,69.5,824.4329280000001
2023-05-02,178.31158447265625,68.0999984741211,769.225999
2023-05-03,179.63111877441406,66.44999694824219,738.5845080000001
2023-05-04,179.32691955566406,67.19999694824219,731.868972
2023-05-05,183.50967407226563,75.6500015258789,756.940556
2023-05-08,187.46429443359375,72.4000015258789,765.3273889999999
2023-05-09,184.4222869873047,69,778.2155280000001
2023-05-10,184.11807250976563,71.55000305175781,764.944898
2023-05-11,181.6083984375,71.94999694824219,746.19578
2023-05-12,184.4222869873047,73.4000015258789,747.7085699999999
2023-05-15,189.36557006835938,74.4000015258789,756.902607
2023-05-16,189.51766967773438,75.5,756.160795
2023-05-19,189.0613555908203,76.1500015258789,774.8311339999999
2023-05-22,188.90924072265625,73.9000015258789,781.43642
2023-05-23,193.54833984375,73.94999694824219,797.1832260000001
2023-05-24,195.4495849609375,73.6500015258789,814.894401
2023-05-25,191.34288024902344,72.69999694824219,785.878016
2023-05-26,191.19078063964844,72.30000305175781,795.5606
2023-05-30,189.5937042236328,74.25,767.57529
2023-05-31,183.43362426757813,74.19999694824219,765.35207
2023-06-01,184.72650146484375,73.80000305175781,784.110848
2023-06-02,195.4495849609375,75.19999694824219,789.7403280000001
2023-06-05,195.90589904785156,76.44999694824219,798.164174
2023-06-06,192.40757751464844,76.1500015258789,797.2789509999999
2023-06-07,199.5563201904297,76.69999694824219,798.314664
2023-06-08,199.4802703857422,76.0999984741211,780.5801520000001
2023-06-09,199.4802703857422,77.69999694824219,755.749488
2023-06-12,194.8411865234375,74.69999694824219,724.946976
2023-06-13,201.15338134765625,71.55000305175781,747.295605
2023-06-14,197.95924377441406,71.9000015258789,724.2985620000001
2023-06-15,197.57901000976563,71.3499984741211,750.711398
2023-06-16,199.25210571289063,71.05000305175781,754.184525
2023-06-20,195.60169982910156,74.4000015258789,760.171758
2023-06-21,196.0579833984375,71.0999984741211,780.23172
2023-06-22,191.6470489501953,69.94999694824219,730.8870579999999
2023-06-23,187.3121795654297,67.6500015258789,750.671085
2023-06-26,188.9853057861328,68.1500015258789,740.893524
2023-06-27,185.33486938476563,68,726.5718720000001
2023-06-28,185.7151336669922,69,752.714868
2023-06-29,188.90924072265625,68.1500015258789,751.27866
2023-06-30,191.49497985839844,70.30000305175781,761.092992
2023-07-03,197.57901000976563,71.5,747.981329
2023-07-05,200.62103271484375,71.80000305175781,768.376188
2023-07-06,193.54833984375,68.1500015258789,766.188696
2023-07-07,198.49160766601563,74.5,794.798576
2023-07-10,201.6096649169922,74.94999694824219,771.0062250000001
2023-07-11,202.5983123779297,73.69999694824219,780.242731
2023-07-12,206.24874877929688,76.1500015258789,778.938331
2023-07-13,208.83445739746094,76.75,773.13474
2023-07-14,201.8378143310547,78.9000015258789,753.690864
2023-07-17,197.19874572753906,74.75,742.493619
2023-07-18,208.1282501220703,77.80000305175781,763.2895760000001
2023-07-19,212.015625,82.05000305175781,756.95568
2023-07-20,211.54910278320313,83.5999984741211,753.693385
2023-07-21,213.80377197265625,83.19999694824219,774.37594
2023-07-24,217.22463989257813,84.80000305175781,794.95647
2023-07-25,217.380126953125,85.1500015258789,805.504216
2023-07-26,215.98068237304688,85.0999984741211,801.186525
2023-07-27,216.75811767578125,83.1500015258789,801.876374
2023-07-28,215.20318603515625,82.75,817.0589249999999
2023-07-31,220.25674438476563,84.5999984741211,829.6892199999999
2023-08-01,216.60267639160156,85.1500015258789,831.576989
2023-08-02,213.80377197265625,83.0999984741211,807.77565
2023-08-03,214.11476135253906,80.75,841.2995559999999
2023-08-04,217.7688446044922,79.80000305175781,845.732716
2023-08-07,217.53561401367188,78.44999694824219,831.674612
2023-08-08,213.64825439453125,79.6500015258789,855.998858
2023-08-09,224.61056518554688,80.5,861.8292549999999
2023-08-10,222.04495239257813,80.44999694824219,840.082607
2023-08-11,222.90016174316406,81.4000015258789,863.329551
2023-08-14,223.83309936523438,78.55000305175781,863.04075
2023-08-15,220.49000549316406,78.94999694824219,851.000304
2023-08-16,221.96717834472656,78.6500015258789,833.05686
2023-08-17,223.52212524414063,77.8499984741211,848.464113
2023-08-18,220.4122314453125,76.5,865.808125
2023-08-21,222.7446746826172,73.0999984741211,852.418665
2023-08-22,222.7446746826172,71.25,849.1252499999999
2023-08-23,218.4685821533203,73.3499984741211,845.1892280000001
2023-08-24,217.7688446044922,74,849.30540800000006
2023-08-25,219.47927856445313,73.44999694824219,857.560743
2023-08-28,222.5114288330078,73.6500015258789,863.3985750000002
2023-08-29,222.6668701171875,72.3499984741211,868.595586
2023-08-30,224.84385681152344,71.6500015258789,865.898332
2023-08-31,224.3773193359375,71,890.2336049999999
2023-09-01,229.8196258544922,69.9000015258789,905.82784
2023-09-05,231.53001403808594,67.5,933.0795279999999
2023-09-06,233.240478515625,67.1500015258789,936.3647599999999
2023-09-07,230.2083282470703,67.5,931.194278
2023-09-08,231.9965057373047,67.69999694824219,933.8017080000001
2023-09-11,233.1627197265625,68.3499984741211,929.9807099999999
2023-09-12,234.01795959472656,68.19999694824219,950.1713790000001
2023-09-13,233.31820678710938,66.94999694824219,947.3903190000001
2023-09-14,239.0714569091797,68.69999694824219,966.301756
2023-09-15,239.460205078125,67.5999984741211,973.406944
2023-09-18,236.89456176757813,67.94999694824219,992.403765
2023-09-19,237.82754516601563,68.25,977.763928
2023-09-20,236.27259826660156,68.5999984741211,957.00896
2023-09-21,232.1520233154297,66.05000305175781,970.713972
2023-09-22,230.51930236816406,66.5,965.934
2023-09-25,226.24322509765625,62.79999923706055,964.024128
2023-09-26,225.62127685546875,61.5,986.2919820000001
2023-09-27,230.90805053710938,60.95000076293945,1010.04361
2023-09-28,230.59710693359375,61.70000076293945,984.073545
2023-09-29,230.13063049316406,63,964.204325
2023-10-02,227.79818725585938,60.849998474121094,954.938406
2023-10-03,225.46578979492188,58.20000076293945,974.174714
2023-10-04,220.49000549316406,57.70000076293945,924.855488
2023-10-05,218.5463409423828,55.900001525878906,904.6498300000001
2023-10-06,220.4122314453125,52.849998474121094,910.318266
2023-10-10,237.20555114746094,57,933.1261380000001
2023-10-11,236.8168487548828,59,907.3498500000001
2023-10-12,241.71487426757813,57,898.7417240000001
2023-10-13,245.13572692871094,56.099998474121094,959.337742
2023-10-16,245.44674682617188,57.349998474121094,946.9978500000001
2023-10-17,246.690673828125,59,949.1696479999999
2023-10-18,248.9453582763672,58.70000076293945,969.6324149999999
2023-10-19,247.07943725585938,60.400001525878906,989.9175849999999
2023-10-20,245.75770568847656,58.849998474121094,982.90448
2023-10-23,241.40390014648438,55.849998474121094,951.828562
2023-10-24,244.35829162597656,59.29999923706055,940.749508
2023-10-25,241.55941772460938,57.45000076293945,963.407331
2023-10-26,238.52723693847656,57.5,942.5488799999999
2023-10-27,241.32614135742188,57.75,965.489256
2023-10-30,244.12503051757813,56.599998474121094,923.1192370000001
2023-10-31,244.8247833251953,56.29999923706055,912.849496
2023-11-01,250.36676025390625,55.54999923706055,907.3385400000001
2023-11-02,251.23907470703125,64.5999984741211,924.907824
2023-11-03,248.7013397216797,68.5999984741211,899.26044
2023-11-06,250.1288299560547,66.19999694824219,897.576012
2023-11-07,239.02613830566406,65.0999984741211,869.776332
2023-11-08,239.7398681640625,64.55000305175781,848.025755
2023-11-09,242.0397491455078,63.900001525878906,852.1223480000001
2023-11-13,249.65298461914063,62.54999923706055,877.806432
2023-11-14,250.36676025390625,66.4000015258789,878.83554
2023-11-15,250.60462951660156,66.4000015258789,833.8294850000001
2023-11-16,242.35693359375,68.0999984741211,797.2251
2023-11-17,244.10166931152344,68.44999694824219,830.747139
2023-11-20,249.5736846923828,68,837.59907
2023-11-21,241.96044921875,66.1500015258789,834.6390449999999
2023-11-22,235.45738220214844,67.55000305175781,823.68
2023-11-24,246.00498962402344,68.25,804.407534
2023-11-27,245.76705932617188,69.1500015258789,794.436078
2023-11-28,243.30860900878906,67.8499984741211,814.23909
2023-11-29,241.56390380859375,70.3499984741211,825.8356120000001
2023-11-30,245.9256591796875,71.6500015258789,811.2113879999999
2023-12-01,243.78445434570313,71.30000305175781,792.77616
2023-12-04,237.12277221679688,74,781.505669
2023-12-05,237.75718688964844,76.5999984741211,783.988785
2023-12-06,232.84030151367188,78.25,754.9516100000001
2023-12-07,233.23683166503906,77.6500015258789,752.9418000000001
2023-12-08,237.91583251953125,78.05000305175781,771.1719050000002
2023-12-11,237.4399871826172,75,777.96675
2023-12-12,232.84030151367188,73.69999694824219,744.245405
2023-12-13,232.36448669433594,72.94999694824219,757.3853070000001
2023-12-14,237.36070251464844,79,751.165806
2023-12-15,233.39544677734375,78.9000015258789,743.183
2023-12-18,236.9641571044922,78.80000305175781,750.0526879999999
2023-12-19,234.02987670898438,79.9000015258789,759.2559630000001
2023-12-20,236.4883575439453,77.55000305175781,762.020759
2023-12-21,236.2504425048828,80.44999694824219,758.1462570000001
2023-12-22,235.69528198242188,79.19999694824219,749.3536050000001
2023-12-27,239.66061401367188,81.6500015258789,754.551171
2023-12-28,235.45738220214844,81.94999694824219,729.8218719999999
2023-12-29,234.34710693359375,82.1500015258789,731.2938359999999
2024-01-02,236.7262420654297,78.3499984741211,727.1812020000001
2024-01-03,237.12277221679688,75.6500015258789,756.494584
2024-01-04,241.7224884033203,74.75,745.7094259999999
2024-01-05,238.47097778320313,74.9000015258789,766.2922
2024-01-08,228.8750457763672,74.5999984741211,737.6028000000001
2024-01-09,229.2715606689453,74.44999694824219,748.6654520000001
2024-01-10,226.02008056640625,73.75,738.2874919999999
2024-01-11,223.79953002929688,76.1500015258789,743.9097900000002
2024-01-12,225.702880859375,75.19999694824219,751.697758
2024-01-16,221.341064453125,71.75,756.434187
2024-01-17,216.50341796875,68.19999694824219,765.139364
2024-01-18,215.6310577392578,68.5,782.225432
2024-01-19,215.6310577392578,66.75,772.300676
2024-01-22,214.9173126220703,67.1500015258789,790.6815600000001
2024-01-23,215.86900329589844,70.44999694824219,785.538832
2024-01-24,215.3931427001953,72.19999694824219,790.132188
2024-01-25,220.3893585205078,72.3499984741211,814.6814969999999
2024-01-26,223.64089965820313,77.80000305175781,817.8020250000001
2024-01-29,222.92715454101563,73.6500015258789,806.899425
2024-01-30,222.76853942871094,75.5999984741211,818.54037
2024-01-31,222.68922424316406,78.5999984741211,798.979604
2024-02-01,222.8478546142578,78.80000305175781,781.590524
2024-02-02,216.66204833984375,77.1500015258789,760.8766320000001
2024-02-05,212.14161682128906,72.55000305175781,781.084811
2024-02-06,217.29647827148438,73,787.433865
2024-02-07,212.69674682617188,70,783.9479680000002
2024-02-08,209.36593627929688,70.9000015258789,813.3076930000001
2024-02-09,213.33120727539063,70.25,817.5730460000001
2024-02-12,210.6348114013672,71.55000305175781,812.673252
2024-02-13,210.9073486328125,70.05000305175781,819.716848
2024-02-14,212.53221130371094,70.5,815.835761
2024-02-15,209.44496154785156,72.1500015258789,829.843791
2024-02-16,212.28846740722656,72.44999694824219,839.9570400000001
2024-02-20,210.6636199951172,72.05000305175781,825.4972799999999
2024-02-21,211.06982421875,69.80000305175781,827.256318
2024-02-22,210.41989135742188,69.5999984741211,834.0060080000001
2024-02-23,209.1199951171875,66.94999694824219,815.75448
2024-02-26,210.5823974609375,64.5,827.015136
2024-02-27,211.96351623535156,64.8499984741211,840.27006
2024-02-28,211.15109252929688,64.1500015258789,842.874288
2024-02-29,209.36375427246094,65.6500015258789,840.936144
2024-03-01,213.18214416503906,67.44999694824219,856.13234
2024-03-04,211.6385498046875,67.69999694824219,839.7855360000001
2024-03-05,210.9886016845703,68,836.74647
2024-03-06,213.9945831298828,66.5,844.5477040000001
2024-03-07,212.20724487304688,67.75,834.6529800000001
2024-03-08,212.69468688964844,68.19999694824219,819.0362879999999
2024-03-11,210.33865356445313,64.6500015258789,825.8398830000001
2024-03-12,213.18214416503906,64.4000015258789,824.7475500000002
2024-03-13,215.2944793701172,64.25,846.6316499999999
2024-03-14,216.5131378173828,69.19999694824219,862.359576
2024-03-15,215.86318969726563,67.75,866.6793799999999
2024-03-18,217.48805236816406,66.8499984741211,887.853168
2024-03-19,220.49404907226563,68.8499984741211,901.783101
2024-03-20,218.950439453125,71,883.518322
2024-03-21,220.90029907226563,72.0999984741211,867.708369
2024-03-22,219.6003875732422,73.5999984741211,870.4949599999999
2024-03-25,223.82504272460938,73,882.668787
2024-03-26,220.98150634765625,72.3499984741211,882.635823
2024-03-27,219.19415283203125,72.1500015258789,887.310365
2024-04-02,227.7246856689453,72.1500015258789,936.1845900000001
2024-04-03,230.3245086669922,68.6500015258789,932.16753
2024-04-04,229.43080139160156,73.1500015258789,934.928896
2024-04-05,231.9493408203125,73.3499984741211,939.24759
2024-04-08,230.64942932128906,75.25,934.2618839999999
2024-04-09,234.30538940429688,78.44999694824219,917.8833240000001
2024-04-10,236.3364715576172,75.5,926.3891880000001
2024-04-11,237.8800811767578,76.05000305175781,928.9855940000001
2024-04-12,245.92320251464844,76.4000015258789,940.494588
2024-04-15,237.71759033203125,71.30000305175781,940.5769629999999
2024-04-16,233.0867462158203,70.05000305175781,945.5307100000001
2024-04-17,232.7617645263672,70.6500015258789,918.92031
2024-04-18,231.21815490722656,69.69999694824219,917.7651999999999
2024-04-19,230.16201782226563,66.69999694824219,925.360002
2024-04-22,227.805908203125,67.30000305175781,923.855658
2024-04-23,225.77484130859375,70.1500015258789,925.053551
2024-04-24,225.6123809814453,70,923.291382
2024-04-25,229.75575256347656,70.80000305175781,927.937824
2024-04-26,231.7056121826172,74.05000305175781,940.3070159999999
2024-04-29,231.94847106933594,74.1500015258789,926.1943460000001
2024-04-30,226.21002197265625,81.55000305175781,920.3520149999999
2024-05-02,223.04974365234375,75.3499984741211,892.155477
2024-05-03,220.30523681640625,76.19999694824219,867.96198
2024-05-06,225.96051025390625,76.75,867.1786199999999
2024-05-07,225.79420471191406,77.19999694824219,868.930029
2024-05-08,223.63186645507813,79.5,881.7500229999998
2024-05-10,229.45346069335938,79.25,864.334319
2024-05-13,228.95445251464844,78.5999984741211,873.266058
2024-05-14,227.95648193359375,78.1500015258789,861.504324
2024-05-15,222.38438415527344,76.05000305175781,862.8094660000002
2024-05-16,219.88943481445313,76,866.24307
2024-05-21,220.388427734375,73.8499984741211,859.980788
2024-05-22,216.8123321533203,77.9000015258789,846.6754650000001
2024-05-23,219.55679321289063,78.0999984741211,821.987688
2024-05-24,217.810302734375,76.9000015258789,832.24116
2024-05-28,221.3864288330078,79.55000305175781,848.0261600000001
2024-05-29,219.72312927246094,78.44999694824219,843.787792
2024-05-30,220.72108459472656,86.5,832.783224
2024-05-31,223.63186645507813,87.1500015258789,817.850721
2024-06-03,221.2200927734375,86.4000015258789,790.5385660000001
2024-06-04,213.98468017578125,85,785.3532609999999
2024-06-05,214.06787109375,86.75,792.4393680000001
2024-06-06,213.23622131347656,87,809.918288
2024-06-07,215.23214721679688,85.05000305175781,806.6261999999999
2024-06-10,215.73117065429688,84,842.8533749999999
2024-06-11,216.64599609375,83.4000015258789,844.7416959999999
2024-06-12,218.72511291503906,84.8499984741211,847.520856
2024-06-13,213.06988525390625,84.9000015258789,843.8978440000001
2024-06-14,212.15505981445313,87.19999694824219,847.344405
2024-06-17,212.73721313476563,87.30000305175781,872.0690579999999
2024-06-18,217.22816467285156,88.80000305175781,883.2545470000001
2024-06-20,222.55075073242188,90.8499984741211,877.9118940000001
2024-06-21,219.22412109375,89.19999694824219,861.476701
2024-06-24,221.1369171142578,88.25,873.969247
2024-06-25,222.05174255371094,88.44999694824219,866.562249
2024-06-26,223.88140869140625,88.4000015258789,876.1454
2024-06-27,224.9625244140625,86.4000015258789,884.8991520000001
2024-06-28,226.37637329101563,86.6500015258789,881.80818
2024-07-01,229.03765869140625,85.9000015258789,901.11483
2024-07-02,231.44943237304688,83.05000305175781,899.7209550000001
2024-07-03,228.87130737304688,82.94999694824219,907.3586899999999
2024-07-05,224.79620361328125,83,893.0796599999999
2024-07-08,220.05577087402344,83,884.345435
2024-07-09,217.64401245117188,83.30000305175781,879.471276
2024-07-10,216.64599609375,84.5999984741211,894.140936
2024-07-11,215.98068237304688,86.44999694824219,902.400152
2024-07-12,222.63392639160156,88.69999694824219,897.191889
2024-07-15,220.47161865234375,87.75,896.212824
2024-07-16,217.89346313476563,86.69999694824219,885.284864
2024-07-17,221.35205078125,86.05000305175781,904.9893119999999
2024-07-18,222.9720916748047,86.80000305175781,904.6928280000001
2024-07-19,223.2279052734375,86.4000015258789,884.24837
2024-07-22,222.6310272216797,85.5999984741211,889.24875
2024-07-23,221.010986328125,86.55000305175781,861.8996639999999
2024-07-24,223.057373046875,86.55000305175781,867.24963
2024-07-25,221.0962371826172,87.44999694824219,884.4451070000001
2024-07-26,220.1583251953125,89.05000305175781,863.7277859999999
2024-07-29,220.41409301757813,89.1500015258789,851.1676849999999
2024-07-30,218.19717407226563,88.8499984741211,836.613195
2024-07-31,225.87115478515625,88.0999984741211,866.1191680000001
2024-08-01,223.48370361328125,90,846.3942499999999
2024-08-02,215.7244415283203,86.8499984741211,825.617403
2024-08-05,209.15892028808594,81.25,822.33624
2024-08-06,210.0115966796875,87.5,820.1897
2024-08-07,215.0423126220703,88.55000305175781,827.10882
2024-08-08,217.00344848632813,85.19999694824219,844.0632599999999
2024-08-09,216.5771026611328,85.8499984741211,848.2342520000001
2024-08-12,221.010986328125,84.5999984741211,877.83552
2024-08-13,217.42977905273438,84.19999694824219,861.325482
2024-08-14,220.5846710205078,87.94999694824219,837.934048
2024-08-15,222.37522888183594,88,849.741186
2024-08-16,223.82476806640625,85,839.0375
2024-08-19,224.2510986328125,83,805.8225419999999
2024-08-20,218.02664184570313,82.69999694824219,793.3457999999999
2024-08-21,218.28244018554688,80.55000305175781,764.714876
2024-08-22,217.51504516601563,78.0999984741211,779.1393079999999
2024-08-23,219.98777770996094,77.80000305175781,804.6321679999999
2024-08-26,224.6774444580078,77.94999694824219,827.22976
2024-08-27,224.08056640625,79.5,803.4489
2024-08-28,221.0962371826172,78.44999694824219,795.302248
2024-08-29,222.0341796875,79.05000305175781,807.3500300000001
2024-08-30,216.49183654785156,81,783.8460719999999
2024-09-03,205.40719604492188,76.4000015258789,760.0158720000001
2024-09-04,204.2134552001953,77.55000305175781,749.0061629999999
2024-09-05,202.16705322265625,79.6500015258789,744.6361600000001
2024-09-06,196.36892700195313,77.9000015258789,728.943678
2024-09-09,193.7256622314453,78.25,753.104555
2024-09-10,190.911865234375,77.8499984741211,719.9900080000001
2024-09-11,191.76454162597656,80.3499984741211,737.7552
2024-09-12,193.5551300048828,82.05000305175781,757.139337
2024-09-13,196.28369140625,83.19999694824219,744.1606650000001
2024-09-16,195.94261169433594,83.8499984741211,752.7925799999999
2024-09-17,193.5551300048828,84.80000305175781,763.6764959999999
2024-09-18,193.21408081054688,81.4000015258789,760.779885
2024-09-19,195.17518615722656,81.30000305175781,762.028168
2024-09-20,194.4930877685547,79,764.127216
2024-09-23,199.0974578857422,81.5999984741211,749.671167
2024-09-24,198.41534423828125,80.5999984741211,754.527902
2024-09-25,195.08993530273438,80.0999984741211,735.022834
2024-09-26,185.45481872558594,81.30000305175781,721.453308
2024-09-27,191.42347717285156,82.69999694824219,724.123256
2024-09-30,192.8730010986328,83.1500015258789,722.41125
2024-10-01,198.0742645263672,82.75,745.036374
2024-10-02,206.34512329101563,80.30000305175781,745.896708
2024-10-03,205.40719604492188,80.69999694824219,789.124445
2024-10-04,209.841064453125,81.4000015258789,793.8308990000002
2024-10-07,210.0968475341797,82.5999984741211,825.321312
2024-10-08,201.82598876953125,82,790.2749200000001
2024-10-09,199.18275451660156,82.80000305175781,794.37491
2024-10-10,204.72506713867188,82.05000305175781,824.7510819999999
2024-10-11,205.06613159179688,81.5999984741211,816.8581859999999
2024-10-15,196.5394744873047,80.0999984741211,768.5706299999999
2024-10-16,197.90374755859375,79.44999694824219,768.6051
2024-10-17,197.5626678466797,79.44999694824219,778.672272
2024-10-18,195.94261169433594,81.25,759.848376
2024-10-21,198.15953063964844,84.0999984741211,776.184816
2024-10-22,198.33006286621094,82.30000305175781,795.8498400000001
2024-10-23,194.91941833496094,83.69999694824219,785.6552340000001
2024-10-24,195.43099975585938,84.05000305175781,772.095794
2024-10-25,199.0974578857422,84.94999694824219,786.3647739999999
2024-10-28,192.02032470703125,82.80000305175781,744.9144450000001
2024-10-29,192.1055908203125,81.94999694824219,741.6591840000001
2024-10-30,199.95013427734375,81.1500015258789,756.866094
2024-10-31,200.03541564941406,79.5999984741211,763.355222
2024-11-01,199.2679901123047,82.5999984741211,767.0443560000001
2024-11-04,201.193603515625,86.5999984741211,786.9766629999999
2024-11-05,200.22842407226563,83,793.08963
2024-11-06,195.31483459472656,80.5,801.504498
2024-11-07,197.33291625976563,80.55000305175781,791.841246
2024-11-08,196.27999877929688,80.1500015258789,772.620493
2024-11-12,192.15611267089844,80.30000305175781,756.582609
2024-11-13,191.27867126464844,78.25,761.0563080000001
2024-11-14,197.85939025878906,80,770.20436
2024-11-15,201.45681762695313,80.6500015258789,744.299485
2024-11-18,198.1226043701172,79.05000305175781,771.290786
2024-11-19,199.35098266601563,78.30000305175781,768.8123999999999
2024-11-20,201.63230895996094,78.0999984741211,763.4397
2024-11-21,204.61557006835938,77.9000015258789,777.056327
2024-11-22,203.3871612548828,79.8499984741211,796.3863040000001
2024-11-25,200.66712951660156,79.6500015258789,766.2864
2024-11-26,198.21034240722656,78.8499984741211,766.5930999999999
2024-11-27,200.4916534423828,80.05000305175781,766.274418
2024-11-29,198.64906311035156,80.5999984741211,754.88734
2024-12-02,195.40257263183594,79.80000305175781,758.4389399999999
2024-12-03,202.2465057373047,79.9000015258789,776.0413900000001
2024-12-04,202.4219970703125,82.30000305175781,762.112036
2024-12-05,200.4916534423828,80.19999694824219,758.673108
2024-12-06,192.6825714111328,80.30000305175781,761.210568
2024-12-09,199.2632598876953,81.1500015258789,762.8593950000001
2024-12-10,196.10452270507813,80.69999694824219,767.2781699999999
2024-12-11,196.63099670410156,80.75,786.6367329999999
2024-12-12,195.84129333496094,81.25,780.37915
2024-12-13,196.3677520751953,79.25,794.151232
2024-12-16,192.94580078125,77.94999694824219,792.709006
2024-12-17,189.96255493164063,77.44999694824219,787.929015
2024-12-18,188.73414611816406,78.8499984741211,793.39896
2024-12-19,189.2606201171875,78.1500015258789,796.7145399999998
2024-12-20,186.97930908203125,77.8499984741211,796.29733
2024-12-23,188.38316345214844,79.25,789.55475
2024-12-27,193.03353881835938,79.1500015258789,809.013744
2024-12-30,194.525146484375,79.5,813.5544870000001
2025-01-02,204.35231018066406,81,837.730491
2025-01-03,208.56396484375,83,848.873256
2025-01-06,209.96783447265625,82.69999694824219,834.583041
2025-01-07,213.03884887695313,81.30000305175781,846.9820540000001
2025-01-08,213.47755432128906,79.9000015258789,844.3442839999999
2025-01-10,221.28662109375,78.19999694824219,881.658427
2025-01-13,224.70860290527344,75.5,913.5988689999999
2025-01-14,224.09439086914063,76.5,894.54544
2025-01-15,224.00665283203125,79.6500015258789,917.3026980000001
2025-01-16,222.86598205566406,77.3499984741211,903.5425799999998
2025-01-17,225.05953979492188,78.05000305175781,897.0530719999999
2025-01-21,217.4259490966797,77.05000305175781,876.1508630000002
2025-01-22,217.68919372558594,75.5,856.65448
2025-01-23,218.7421112060547,75.75,845.96325
2025-01-24,210.58204650878906,75.55000305175781,841.1559030000001
2025-01-27,209.70460510253906,77.0999984741211,824.422001
2025-01-28,209.5291290283203,77.9000015258789,838.0952050000001
2025-01-29,209.002685546875,78.8499984741211,826.395612
2025-01-30,208.12525939941406,80.3499984741211,826.4612899999998
2025-01-31,207.68653869628906,79.3499984741211,822.61854
2025-02-03,207.1600799560547,77.30000305175781,838.230928
2025-02-04,211.28399658203125,76.69999694824219,828.3539440000002
2025-02-05,214.9691619873047,79.8499984741211,799.339552
2025-02-06,213.21432495117188,79.0999984741211,798.6537979999999
2025-02-07,214.9691619873047,77.94999694824219,798.9765639999999
2025-02-10,220.84791564941406,77.94999694824219,815.710588
2025-02-11,226.0247039794922,78,826.0027739999999
2025-02-12,218.56661987304688,76.8499984741211,806.5559480000001
2025-02-13,215.32012939453125,77,807.952168
2025-02-14,215.58335876464844,78.1500015258789,790.0759999999999
2025-02-18,214.5569305419922,76.8499984741211,805.870821
2025-02-19,216.45408630371094,78.4000015258789,808.925874
2025-02-20,217.44781494140625,77.5,810.17052
2025-02-21,215.18931579589844,78,785.861856
2025-02-24,212.56947326660156,80.0999984741211,790.002444
2025-02-25,211.21438598632813,81.0999984741211,768.3671400000001
2025-02-26,209.04620361328125,81.55000305175781,767.673229
2025-02-27,210.67233276367188,80.3499984741211,788.740656
2025-02-28,210.03994750976563,81,787.974152
2025-03-03,210.03994750976563,78.80000305175781,766.960839
2025-03-04,196.0372772216797,74.5999984741211,765.83695
2025-03-05,195.4049072265625,75.69999694824219,735.902082
2025-03-06,197.2117156982422,73.6500015258789,722.973564
2025-03-07,205.8843231201172,74.8499984741211,728.8045320000001
2025-03-10,209.40757751464844,75.05000305175781,713.5751720000001
2025-03-11,206.33602905273438,76.1500015258789,709.216284
2025-03-12,203.53549194335938,76.80000305175781,721.3993050000001
2025-03-13,208.50418090820313,79.30000305175781,715.5553339999999
2025-03-14,207.7814483642578,79.30000305175781,719.5657590000001
2025-03-17,211.30471801757813,80.05000305175781,717.30624
2025-03-18,217.7188262939453,80.8499984741211,712.6066629999999
2025-03-19,220.24835205078125,80.9000015258789,711.6092000000001
2025-03-20,220.60971069335938,82.55000305175781,727.8639
2025-03-21,219.34495544433594,80,721.529304
2025-03-24,218.53189086914063,79.30000305175781,730.2468719999999
2025-03-25,218.71258544921875,79.5,725.8645080000001
2025-03-26,223.41024780273438,80.4000015258789,737.5424399999999
2025-03-27,222.14547729492188,79.5999984741211,739.4013399999999
2025-03-28,220.42901611328125,80.80000305175781,729.501322
2025-03-31,225.397705078125,79,758.436923
2025-04-01,224.8556671142578,77.6500015258789,751.28199300000006
2025-04-02,221.69378662109375,76.80000305175781,752.6803800000001
2025-04-03,206.8780517578125,78.69999694824219,694.137906
2025-04-04,192.87539672851563,73.30000305175781,659.454816
2025-04-07,197.48272705078125,71.55000305175781,665.4694199999999
2025-04-08,197.57305908203125,72.55000305175781,655.258548
2025-04-09,189.1714630126953,70.0999984741211,687.226464
2025-04-10,192.6043701171875,72.25,654.864669
2025-04-11,193.0560760498047,72,660.27015
2025-04-14,196.66964721679688,74.1500015258789,654.961544
2025-04-15,196.850341796875,75.5,652.764672
2025-04-16,198.92816162109375,75.05000305175781,668.533872
2025-04-22,200.5542755126953,79.19999694824219,669.21724
2025-04-23,199.92190551757813,78.5999984741211,652.52088
2025-04-24,199.19915771484375,78.55000305175781,660.78019
2025-04-25,200.8253173828125,78.9000015258789,665.73841
2025-04-28,202.18038940429688,80.30000305175781,661.06089
2025-04-29,200.8253173828125,79.75,641.8620960000001
2025-04-30,201.63833618164063,79.05000305175781,618.33147
2025-05-02,200.5542755126953,79.69999694824219,618.557121
2025-05-05,197.93441772460938,80,607.9788
2025-05-06,200.46392822265625,80.5,624.2896499999999
2025-05-07,200.28326416015625,81,610.492964
2025-05-08,204.80023193359375,85.9000015258789,633.698625
2025-05-09,210.40130615234375,85.1500015258789,647.007669
2025-05-12,219.804443359375,87,661.136784
2025-05-13,222.77853393554688,87.5999984741211,677.3981040000001
2025-05-14,224.82322692871094,88.19999694824219,665.356224
2025-05-15,222.4997100830078,87.19999694824219,656.501571
2025-05-16,225.65969848632813,87.44999694824219,663.5529600000001
2025-05-19,221.57029724121094,86.5999984741211,658.744478
2025-05-20,220.1761932373047,87.80000305175781,659.876138
2025-05-21,220.45501708984375,86.5,638.36192
2025-05-22,216.45855712890625,85.9000015258789,636.92163
2025-05-23,216.45855712890625,85.6500015258789,641.2012840000001
2025-05-27,219.33973693847656,87.69999694824219,624.2386809999999
2025-05-28,220.45501708984375,86.5,635.206272
2025-05-30,218.4103240966797,87.5,625.53988
2025-06-02,226.86793518066406,86.8499984741211,637.7426190000001
2025-06-03,228.5408477783203,85.4000015258789,649.2753099999999
2025-06-04,230.120849609375,84.80000305175781,643.207617
2025-06-05,228.7267303466797,84.80000305175781,646.4038360000001
2025-06-06,228.35496520996094,85.69999694824219,659.4647
2025-06-10,236.06903076171875,86.5,661.09771
2025-06-11,237.92784118652344,88,697.114233
2025-06-12,240.25135803222656,88,686.110971
2025-06-13,253.72776794433594,87.6500015258789,734.00652
2025-06-16,254.0065460205078,88,718.5982280000001
2025-06-17,259.4900817871094,89,746.361838
2025-06-18,260.1406555175781,88.44999694824219,754.65016
2025-06-20,259.6759338378906,89,762.6594120000001
2025-06-23,259.6759338378906,88.1500015258789,705.176184
2025-06-24,247.1289520263672,89.3499984741211,660.475585
2025-06-25,239.87960815429688,90,670.2644280000001
2025-06-26,238.2066650390625,91.80000305175781,671.07722
2025-06-27,237.64901733398438,94,671.612832
2025-06-30,239.60076904296875,93.05000305175781,669.4775099999999
2025-07-01,239.7866668701172,93,668.345888
2025-07-02,243.31838989257813,94,693.7818359999999
2025-07-03,248.70896911621094,97.19999694824219,686.675457
2025-07-07,242.8536834716797,97.8499984741211,700.3003279999999
2025-07-08,244.247802734375,96.75,702.12116
2025-07-09,244.80545043945313,97.9000015258789,703.952008
2025-07-10,245.3631134033203,98.69999694824219,683.2427339999999
2025-07-11,247.96542358398438,98.3499984741211,705.0942689999999
2025-07-14,247.22189331054688,98.3499984741211,688.493973
2025-07-15,236.62667846679688,98.44999694824219,689.59352
2025-07-16,231.60787963867188,98.0999984741211,691.204045
2025-07-17,231.05026245117188,98.9000015258789,710.66898
2025-07-18,235.0199432373047,100,696.093475
2025-07-21,232.63540649414063,101.5999984741211,695.5673340000001
2025-07-22,233.68460083007813,102.9000015258789,686.315016
2025-07-23,235.0199432373047,104.5999984741211,667.0059249999999
2025-07-24,236.16453552246094,105.19999694824219,678.4839
2025-07-25,235.11534118652344,105,673.7370859999999
2025-07-28,243.22276306152344,103.5999984741211,690.231209
2025-07-29,243.31814575195313,103.80000305175781,719.9723659999999
2025-07-30,239.31210327148438,101.30000305175781,726.475819
2025-07-31,238.73983764648438,102.9000015258789,723.765176
2025-08-01,234.82919311523438,102.19999694824219,708.417815
2025-08-04,232.44464111328125,100.69999694824219,691.317508
2025-08-05,231.87237548828125,102.4000015258789,679.8342799999999
2025-08-06,236.16453552246094,103.5,667.745554
2025-08-07,233.4938507080078,102.5999984741211,662.7847600000001
2025-08-08,232.7307891845703,102.9000015258789,666.459738
2025-08-11,233.1123046875,99.9000015258789,666.1348049999999
2025-08-12,235.87838745117188,100.80000305175781,658.1265599999999
2025-08-13,234.7338104248047,99.5,649.47232
2025-08-14,230.0601043701172,98.94999694824219,662.76802
2025-08-15,231.96774291992188,99.75,649.1528400000001
2025-08-18,230.53701782226563,103.19999694824219,656.763408
2025-08-19,231.3954620361328,105.5999984741211,647.147828
2025-08-20,234.638427734375,105.19999694824219,658.403249
2025-08-21,240.7428436279297,102.9000015258789,657.330552
2025-08-22,242.17355346679688,105.69999694824219,653.193072
2025-08-25,242.45970153808594,103.80000305175781,658.011654
2025-08-26,245.41651916503906,105.69999694824219,645.8198400000001
2025-08-27,242.9365997314453,106.80000305175781,655.637585
2025-08-28,239.40750122070313,107.19999694824219,653.608032
2025-08-29,242.17355346679688,105.69999694824219,648.4849240000001
2025-09-02,243.69967651367188,103.5999984741211,661.0828
2025-09-03,236.73680114746094,102.69999694824219,646.193708
2025-09-04,235.30609130859375,102.69999694824219,643.90671
2025-09-05,232.9215545654297,104,625.043454
2025-09-08,232.06312561035156,104.5,625.1736800000001
2025-09-09,236.54605102539063,102.9000015258789,627.905355
2025-09-10,237.02296447753906,103.4000015258789,635.3184530000001
2025-09-11,233.20770263671875,103.80000305175781,623.180625
2025-09-12,232.9215545654297,103.0999984741211,623.0220220000001
2025-09-15,231.30007934570313,103.19999694824219,625.2621539999999
2025-09-16,235.0199432373047,102.5999984741211,636.973218
2025-09-17,234.92457580566406,102.30000305175781,632.615697
2025-09-18,237.4998779296875,101.69999694824219,626.605595
2025-09-19,237.4998779296875,99.80000305175781,626.683484
2025-09-22,234.92457580566406,99.80000305175781,625.704866
2025-09-23,242.07818603515625,101.19999694824219,631.0582239999999
2025-09-24,246.37034606933594,101.4000015258789,650.21988
2025-09-25,249.5179443359375,100,652.3092740000001
2025-09-26,251.13941955566406,98.5999984741211,667.1945
2025-09-29,245.03500366210938,98.94999694824219,640.206324
2025-09-30,241.4105224609375,98.25,630.923009
2025-10-01,242.8412322998047,99.5999984741211,622.376183
2025-10-02,243.60427856445313,98.80000305175781,608.68198400000006
2025-10-03,244.46270751953125,99.1500015258789,613.374345
2025-10-06,252.66552734375,102.5999984741211,621.850488
2025-10-07,250.66250610351563,103.69999694824219,621.7989120000001
2025-10-08,253.3332061767578,102.9000015258789,632.907875
2025-10-09,251.90248107910156,103.5,624.298432
2025-10-10,244.08119201660156,105,603.158325
2025-10-14,238.07215881347656,103.80000305175781,606.5088
2025-10-15,239.02597045898438,104.69999694824219,595.9104199999999
2025-10-16,238.64443969726563,104.5999984741211,587.15517
2025-10-17,234.4476776123047,104,585.40779
2025-10-20,234.638427734375,104.80000305175781,587.728828
2025-10-21,236.8321990966797,105.9000015258789,589.7500419999999
2025-10-22,244.65347290039063,106.0999984741211,595.8641899999999
2025-10-23,254.38238525390625,106.19999694824219,623.856772
2025-10-24,254.19161987304688,105,623.048712
2025-10-27,252.85498046875,105,620.871303
2025-10-28,247.77444458007813,103.80000305175781,609.88291
2025-10-29,252.26878356933594,107.0999984741211,612.728646
2025-10-30,256.7630920410156,107.5,619.699184
2025-10-31,256.8608093261719,106.80000305175781,622.55115
2025-11-03,256.6654052734375,105,625.092356
2025-11-04,252.0733642578125,103.4000015258789,626.3767620000001
2025-11-05,251.38943481445313,102.80000305175781,617.5054399999999
2025-11-06,250.1193084716797,102,612.508272
2025-11-07,251.68255615234375,102.0999984741211,616.866276
2025-11-10,250.9009246826172,103.30000305175781,615.5854099999999
2025-11-12,256.8608093261719,100,596.76555
2025-11-13,255.59066772460938,100.5999984741211,598.216242
2025-11-14,256.2745666503906,101.5,612.906117
2025-11-17,256.7630920410156,102.80000305175781,612.223182
2025-11-18,252.46417236328125,99.75,622.702636
2025-11-19,247.2859344482422,100.5,611.2884750000001
2025-11-20,252.17108154296875,100.19999694824219,612.515769
2025-11-21,245.03875732421875,98,602.596908
2025-11-24,240.54441833496094,98.5,603.92687
2025-11-25,237.32022094726563,100.5,597.4760749999999
2025-11-26,238.68807983398438,99.1500015258789,601.8027300000001
2025-11-28,240.6421356201172,99.5,595.85232799999994
2025-12-01,241.61915588378906,98.80000305175781,601.081131
2025-12-02,239.2742919921875,99.05000305175781,596.962667
2025-12-03,244.35484313964844,99.0999984741211,595.455839
2025-12-04,245.8203887939453,101.30000305175781,604.1461079999999
2025-12-05,247.2859344482422,102,607.991735
2025-12-08,247.77444458007813,102.30000305175781,597.0360959999999
2025-12-09,245.4295654296875,102.0999984741211,591.4051199999999
2025-12-10,242.0099639892578,101.30000305175781,595.523968
2025-12-11,243.96401977539063,100.30000305175781,583.0756479999999
2025-12-12,244.25714111328125,102,582.241226
2025-12-15,241.81455993652344,103.5999984741211,577.191555
2025-12-16,236.8317108154297,102.80000305175781,564.2406
2025-12-17,239.86050415039063,102.80000305175781,573.31575
2025-12-18,237.51564025878906,102.69999694824219,573.50022
2025-12-19,239.76280212402344,104.80000305175781,577.84344
2025-12-22,245.62496948242188,103.9000015258789,588.857234
2025-12-23,244.5502471923828,105.4000015258789,588.6324249999999
2025-12-29,246.99281311035156,106.30000305175781,581.898702
2025-12-30,250.99862670898438,106.19999694824219,581.292273
