Date,X0,Y0,Z0
2014-10-03,-0.8960300743764193,1.9048390889106592,0.5277041986475606
2014-10-06,0.780998125341803,-0.47281566713328615,-2.6668404582061545
2014-10-07,-1.8475755925761561,-3.373798073908807,0
2014-10-08,-1.7577185959678943,-0.9852327352801282,-1.6349212797870383
2014-10-09,-2.7390068432657344,-1.7982462062617888,1.6349212797870383
2014-10-10,1.9271673322821314,-1.2170601985077134,-2.18586142172299
2014-10-13,-0.8326544657715651,-2.0619137098616847,0
2014-10-14,-3.798529841000331,0.8299013777713249,-0.554022468910631
2014-10-15,1.0439877557620214,-6.619315742614784,-0.5571029214832102
2014-10-16,0.8780042893139495,-6.145280288898736,-1.6901823896029455
2014-10-17,-0.9008510346226295,5.7027711112264345,1.12995233759694
2014-10-20,0.44310312764057613,-7.121234262210319,0.5602300520060055
2014-10-21,0.4028946878402273,1.8868560552989688,0.5571029214832102
2014-10-22,-2.6199314895399617,2.76510505230827,0
2014-10-23,2.1250764530901023,1.130014037422189,-1.1173329734892157
2014-10-24,-1.4253630471887213,-1.5855720558220376,0
2014-10-27,0.4873398116669314,-2.777939938223506,0.5602300520060055
2014-10-28,0.13204750900204232,0.9345860150812513,0.5571029214832102
2014-10-29,1.4828459145153516,5.6512311101473145,5.406724348839775
2014-10-30,-0.44417572269797034,0,0
2014-10-31,0.28216942846333026,-4.265551792087496,2.5975524491467894
2014-11-03,-2.268780377528401,0,-1.5504141306220909
2014-11-04,-0.914380911601409,-4.695681668270701,-1.0471383185246985
2014-11-05,2.2335658681398307,-0.4819285632059689,2.5975524491467894
2014-11-06,-2.042668326879671,3.091823696045637,2.531773561669448
2014-11-07,1.8343060801584876,1.8561931583338964,3.440122639541121
2014-11-10,-3.2496475902243027,6.238100615586184,6.0908894199059205
2014-11-11,1.782772395317167,-1.5234582123612395,4.445183121994045
2014-11-12,-1.7666312330892886,0,1.7241665249105864
2014-11-13,-3.7406049709724165,-2.4418023652233334,-6.169349646904632
2014-11-14,2.492049711700872,1.117325738683661,0.9049908420939445
2014-11-17,-0.943574622944432,-1.3423171046122562,3.104453499116122
2014-11-18,-1.7731664135168579,0.44944661450450063,7.160969539598261
2014-11-19,0.5876666482213189,0.6703740929554947,3.9845794783353927
2014-11-20,1.3954878020960848,0.4444297756494908,-2.371663313338246
2014-11-21,1.0413682023403759,3.0570364979792597,-1.6129161649971469
2014-11-24,-0.8679782436397332,-0.6472475354772911,2.409739608538519
2014-11-25,-1.719533431035547,0.6472475354772911,3.1252625679766943
2014-11-26,-0.3165042480708813,-3.724404739726772,1.9048141403966934
2014-12-01,4.3548862317554615,-6.6691255787785675,-1.8692001020923055
2014-12-02,-2.3068505739200162,0.573067243560299,1.498143148862141
2014-12-03,0.7398644136593191,-0.573067243560299,-0.7462538627628135
2014-12-04,0.0598511685502956,-3.807208749096791,2.9522435422486115
2014-12-05,-0.6588125921823895,-8.403100715187772,-1.8349327262556336
2014-12-08,-3.5827477164135146,-5.677645633085326,-1.49256919323415
2014-12-09,0.20776666533643962,4.370448861959986,0
2014-12-10,-3.848852951115589,0.6557399802001651,1.49256919323415
2014-12-11,-0.46229557923958,-2.985278491270771,-1.8692001020923055
2014-12-12,-2.664314439978277,-5.182499099807769,1.8692001020923055
2014-12-15,-2.4312139554536927,1.0581923284866068,5.757000701540793
2014-12-16,3.034901625261277,4.124306771321162,2.418080519234067
2014-12-19,4.411843017022399,5.129302113293344,0
2014-12-22,-2.332937333105889,-2.865635751739415,0
2014-12-23,2.8032971802155693,3.860685971835043,-2.047862188734406
2014-12-29,-5.6888003250064045,-0.9950502200956279,4.385183533795756
2014-12-30,1.507667789498246,-0.3255123435761842,0.6579095606493279
2015-01-02,-1.6915577908474866,-2.488703565986672,1.3029393172925285
2015-01-05,-3.407304305480441,-7.084973756718593,1.6051734518845784
2015-01-06,-3.427651622521033,1.5067066381582617,1.5798141585294356
2015-01-07,1.8459164700222352,1.9386632191332964,-3.509136113177691
2015-01-08,-0.5818386933134079,4.305914431044,-2.2989526420968964
2015-01-09,-0.9498747059326185,-2.4041307569365067,0
2015-01-12,-4.0392679414201105,-6.932927650025089,-3.7229312668770387
2015-01-13,-0.25399048358778487,-5.0024576769682305,0
2015-01-14,4.855818776352372,-3.785382342261956,-4.225984591352683
2015-01-15,-5.480658271790606,-0.6142843323065694,1.4285995463951373
2015-01-16,4.1969200772039805,-5.574563629761808,-1.4285995463951373
2015-01-20,-3.456923077725005,-0.22828404554045,0.7168469954978107
2015-01-21,2.3860824385542934,0.39100952363559927,0
2015-01-22,-4.243814256097256,3.984571156689931,1.7699681841982784
2015-01-23,0.7822727087347658,1.3964780342875294,0
2015-01-26,-1.1000455432504275,-0.4633399334648569,-2.486815179696089
2015-01-27,2.6405831262653834,-2.5079573156111756,0.7168469954978107
2015-01-28,-4.455354483474316,3.830448889964355,3.509137595854872
2015-01-29,0.664315834468443,-2.8826127452523664,-1.7391694116565937
2015-01-30,8.197862538347778,1.2500487942874283,5.129322582877105
2015-02-04,-9.739987647997506,-5.340066719466474,0.9983489184885119
2015-02-05,4.494960957433847,0.6047220309733703,-1.6694832582991648
2015-02-06,1.2254872064854538,0,1.0050308076038128
2015-02-09,4.556764749052888,-0.578355571257072,-0.33389646779315996
2015-02-10,-6.44219886110875,-3.2965460677625735,-2.0270835262288234
2015-02-11,-2.285796661702566,-4.173080990448863,3.685506192183574
2015-02-12,6.238363858580609,4.851972406122318,0
2015-02-13,1.3807963975333237,4.627382919621548,0.6557382342234686
2015-02-17,0.45598492645941846,4.249499012416225,-1.647486336728532
2015-02-18,-2.615686029057418,0.46942766090367627,1.647486336728532
2015-02-19,-0.9596939263654569,-7.3368860566144445,0
2015-02-20,-2.133725215223503,1.0291880936288411,3.531664439593607
2015-02-23,-0.2331537684177043,-1.7479263575283177,-2.232955460547492
2015-02-24,-2.647521560645405,-0.8586156733696448,4.107998584840722
2015-02-25,3.5136581101694375,4.864928645439814,2.748277080997319
2015-02-26,-5.85312695127973,-2.205868665728161,3.840953340931863
2015-02-27,5.292449420472867,2.4621910752675724,0
2015-03-02,0.014922956075302807,-2.4360014590282475,-2.346148387803293
2015-03-03,2.218178404429061,1.8711582123481563,2.346148387803293
2015-03-04,2.6107740121465994,0.46236295146857564,0
2015-03-05,-1.8081749106773515,1.7528767066259832,0
2015-03-06,-1.3762185462087295,3.1969244314627776,-1.4598885484922608
2015-03-09,2.053250273170981,-1.647636349792414,-0.2945502130311528
2015-03-10,-1.2733254882395961,-4.073958678900302,-2.0865145794084494
2015-03-11,0.9580520223019917,-0.10337169893861464,2.3810647924396022
2015-03-12,-3.0711839398949614,8.234721282536572,-2.3810647924396022
2015-03-13,-4.083005900598025,-0.35781306073898733,1.49480495312857
2015-03-16,-1.298539230437079,-3.997585475153409,0.8862598393110321
2015-03-17,-0.7651668483908303,-2.4419033761918563,-0.5899641648774434
2015-03-18,4.449516064291981,3.530201088767315,3.48871000731088
2015-03-19,-5.19342666633511,4.214983148800799,4.47001216339431
2015-03-20,4.365106428146426,4.49643906931807,1.894521187513698
2015-03-23,0.7630528755395716,2.0752492026050895,0
2015-03-24,-1.5263110741928543,2.443426072122934,0.8010759659497602
2015-03-25,3.267771796581709,-2.9304582268792956,-2.4227286524844516
2015-03-26,5.509425340198515,-3.064687062387339,-2.7626231646835198
2015-03-27,-3.5615282524145364,4.234032997991566,2.2161752409472157
2015-03-30,-0.13675537229236312,-2.892934981861117,-2.4966613039863805
2015-03-31,-0.5903289466703043,0.4055830317325704,1.1173329734892157
2015-04-01,4.790685702894137,-1.176211283007822,0
2015-04-08,-7.479365405844263,7.301054294598064,1.6901823896029455
2015-04-09,1.3366327224741958,0.8527028613918741,0
2015-04-10,2.984550625043525,-1.6167811875248628,1.936431251980375
2015-04-13,0.030777965327999368,-3.413277914246393,7.391216959615932
2015-04-14,1.6776687987689165,0.5934631084912212,0.7604962646095892
2015-04-16,-0.9670976824634359,0.6148383127395629,0.24300753632355843
2015-04-17,-2.4087056693238296,0.17497512033890494,4.276174463485116
2015-04-20,2.5577640445738403,-2.2989298696697524,-0.9345735840109892
2015-04-21,-1.3986666233605227,-1.8962455110342002,2.0906577972531704
2015-04-22,0.869068615008306,-2.398642023027442,-2.5612456028777153
2015-04-23,1.3361406832462563,4.919002649873461,-0.9478821003610971
2015-04-24,-2.0484858465429134,-1.4323955205538752,3.5091277032388124
2015-04-27,-1.2139387270907243,-0.4518587160347032,-0.6920374220118042
2015-04-28,1.1768580507502513,-1.2762532570870455,-0.46404679123037695
2015-04-29,1.8267404649440877,-3.834037960128711,2.29896559220486
2015-04-30,-0.11256949749158807,4.65635627146157,0.22701914986060778
2015-05-04,0.3151713844856019,3.135062747754791,4.218163972133393
2015-05-05,2.5781036572619875,0.5276842481142019,1.5102679250618145
2015-05-06,-0.5140395546765042,1.7391739571011922,-0.4291840284377013
2015-05-07,-4.922480131376883,-4.405988818305007,-2.173992609491826
2015-05-08,2.1020717420189072,2.1391306130896126,4.263326363107467
2015-05-11,0.9141001997122089,-1.1530257309503522,-5.666011517050729
2015-05-12,1.261601618085173,1.0647774731798787,3.0907481500253464
2015-05-13,-0.6512445169303049,0.6159325058846754,1.0811082581050346
2015-05-15,-2.020776430673621,-0.17558959671251095,3.174863739919642
2015-05-18,-0.9395213638302202,-1.4159525567558173,2.061942483953061
2015-05-19,-2.137521658875574,-4.652018309931361,0
2015-05-20,3.926031955426179,-1.7899659823875425,-0.20429857543078356
2015-05-21,2.334969671148901,1.6965500703432834,-0.40982697871987384
2015-05-22,-2.6934199788986035,-0.5623094720387911,-2.4949358418406398
2015-05-26,-1.1186135634305039,-2.8600441799668364,-5.406730204295185
2015-05-27,1.6391792081670076,-1.6578010218396333,0
2015-05-28,0.7845602476515445,-2.026268063271841,-2.020276604255633
2015-05-29,4.19290615688821,2.41881704828506,-1.3698917933212318
2015-06-01,2.198695654512317,-1.1822522374982825,-0.23013934192577246
2015-06-02,0.6142132955337942,3.218207429268949,1.6000311352470042
2015-06-03,-3.1946329824886988,-0.5775098832841774,0
2015-06-04,-4.21126190045813,-2.3438369345660792,-0.454535557861524
2015-06-05,3.5897845794876204,1.665883327128137,-1.8391486763651432
2015-06-08,-0.9267697162709254,3.156680556629343,-0.23228772239836104
2015-06-09,2.048754896099414,-2.0933633356894354,-4.033754135387113
2015-06-10,0.8212533594350369,2.5630437580010934,1.6807189731995908
2015-06-11,0.39675764069722064,-2.274985856615297,1.8868548654942252
2015-06-12,-2.2262186213330537,-1.4485990456135411,-0.23393797977697695
2015-06-15,-0.5070407330792115,-0.0973252806559799,-3.333635858916839
2015-06-16,0.9561955701334668,0,-1.7094294612399974
2015-06-17,-0.7519564271405876,4.008179359650121,1.9512670932740228
2015-06-18,0.9756290881564489,0.2802220147664958,-3.4401253127414044
2015-06-19,-0.45358950070744086,2.3964627191690457,1.734849702119412
2015-06-22,-0.7052730084384784,0.9066335823672667,2.427288707047648
2015-06-23,2.779305494908435,-0.27115497393777055,-1.4492981614408151
2015-06-24,-1.30046880571415,1.2590247253615683,-0.24358398926849212
2015-06-25,-0.7483880738735849,-0.35810854482898336,2.17136142452925
2015-06-26,-0.11336446382523846,-0.6297612065948144,-1.4423300022796237
2015-06-29,-0.8175721593596919,-3.583318316302808,-1.9560382120090924
2015-06-30,1.2565848278347502,3.7636453463173236,-0.4950602214560895
2015-07-01,-4.107431788230365,2.4912252644913035,2.6929360654992074
2015-07-02,0.8772401201714075,-0.26396689603425116,0
2015-07-06,-6.319947786240654,-3.132269984436409,-2.6929360654992074
2015-07-07,1.2366396450107509,-2.765149898260777,0.4950602214560895
2015-07-08,-1.2686868364499837,3.309137875335111,5.989792347396206
2015-07-09,1.3628259482104,0,4.546248560880661
2015-07-10,-2.5336852378845975,-0.908312369348252,1.9802589681450655
2015-07-13,0.20920510718172025,-0.4572117992255986,-3.0975868725068967
2015-07-14,2.79170488093472,4.217773071970177,1.1173279043618312
2015-07-15,-3.539437554037228,-0.26396689603425116,3.7081789923437025
2015-07-16,-0.6063438148581568,0.8771832930122958,6.427069278051789
2015-07-17,0.012211801235295638,-2.6550074848890493,-1.6194566701090096
2015-07-20,-1.0161443150487948,-3.3747068919587786,4.000517052904717
2015-07-21,1.050881830873518,0.6472625536597665,-1.9802590057597325
2015-07-22,-3.16194673067276,-4.139832159148993,-1.612943877858486
2015-07-23,-2.5517368625533443,-0.09611596021601443,2.111705673734665
2015-07-24,0.638284124040478,-3.4233016662002846,-0.6989530324691184
2015-07-27,-2.268464279296989,-3.7510244580711394,-2.8457236381636886
2015-07-28,1.7539002869207287,-0.14479679008951862,0
2015-07-29,1.341839574494852,4.094645625741888,5.02617388051636
2015-07-30,-0.41856893130356454,3.2244772886190542,-3.796652587364191
2015-07-31,-2.4272697906594587,-3.7222468688448807,-2.2658069494935873
2015-08-03,-3.8931164063765067,-3.6589510082003063,1.2422585497814609
2015-08-04,0.9089253751266568,2.917677559638765,0.20555838002094262
2015-08-05,-0.607876630096893,-3.644944338773204,3.1331453971718215
2015-08-06,-0.6596520495429026,-5.354615620292424,-1.503784743097647
2015-08-07,-2.198617696903593,3.3534759536447023,-1.0152350999235171
2015-08-10,2.0703362076647025,-2.608193734578279,-2.2704837277782275
2015-08-11,-4.385871541402242,0.02184286853768036,-0.6283002720295805
2015-08-12,-0.7272604654911419,2.5863508660405987,-2.338022224064895
2015-08-13,-1.8263732163631197,0.4246510562517791,-0.43104363052615113
2015-08-14,0.5607237744936988,0.2750307918224948,-1.7429507489558294
2015-08-17,-0.36585413944774103,-0.10569889635134722,-1.5504251754630882
2015-08-18,1.8662206303503126,-0.8922842815100029,1.5504251754630882
2015-08-19,-4.084105739849964,-4.272675167593576,-3.352282031999021
2015-08-20,0.0343054950513455,-1.2324830917588958,-4.17694356572329
2015-08-21,-1.7693059424244595,-0.15800654214790377,-4.606866528942444
2015-08-24,-6.552856040037813,-9.492615752396905,-4.829402637286817
2015-08-25,2.5341395511842,5.295568942785289,8.00426644414629
2015-08-26,0.43459509507330907,1.750963229155289,-0.7237653733942917
2015-08-27,9.80196996712035,3.1661991214076313,1.918520497423426
2015-08-28,5.904211552446803,9.815966509879015,-2.4039679304045602
2015-08-31,8.949265439178244,-1.6807164818990028,5.445142389746271
2015-09-01,-8.2957538506232,2.045918568384364,-5.6887263790147635
2015-09-02,1.2536286220474757,-0.5075794359339802,-0.980398038990371
2015-09-03,0.8921798311344098,5.002041931710366,2.433194834634289
2015-09-04,-1.3717956200903991,-4.453963578563602,-1.452796795643918
2015-09-08,-0.3457151502900935,-3.187927459349238,3.828211144493654
2015-09-09,-4.035402343057015,2.5787641041871368,2.549370159722697
2015-09-10,3.1492998802922223,-3.7348878948047837,2.48601863576976
2015-09-11,-2.137470528190466,-4.143852476443932,0
2015-09-14,-2.0100157543298636,-1.7786067867725741,-1.3483226526454395
2015-09-15,1.0125095048553412,4.517298069615583,2.678726175944268
2015-09-16,6.1629772195188615,2.1633686159753918,0.877187439382654
2015-09-17,-1.3884403146060542,1.168158846916656,-1.3186883768776525
2015-09-18,-5.565359486306765,-2.818279044476757,-3.1463500993960114
2015-09-21,5.603312366553848,1.3138907479969042,0.682605087867838
2015-09-22,-0.2944541308980142,-0.06316724988968403,-0.682605087867838
2015-09-23,-3.3277972428989777,-3.4287134478894643,-1.1481161891068847
2015-09-24,2.5210897788884523,-3.7086437444295406,-4.971418243156078
2015-09-25,2.6792759129754096,1.9492349454047542,-1.2210245504693074
2015-09-28,-2.005370541050233,-2.9953576456198228,-0.49260023342112547
2015-09-29,0.9431400198722351,2.839923396109967,-1.7435243106816767
2015-09-30,-0.36455498042302636,5.406723746313791,0.25096233401553647
2015-10-01,-0.9588909373467125,9.051360676741949,2.7195687664256063
2015-10-02,1.2201903530318248,0.7663004853408317,1.212123242617702
2015-10-05,0.6624175848791047,1.890415216522312,0.9592381819115481
2015-10-06,4.742438098343005,1.5792324175018635,-0.9592381819115481
2015-10-07,-3.0364351378485033,2.996152093584481,-1.212123242617702
2015-10-08,2.967859940705697,-1.3507865181048295,-0.7344065563383406
2015-10-09,-0.8466630755728843,0.9025362133406656,1.9465297989560426
2015-10-12,-5.7739398866951674,-3.473837356956233,-1.212123242617702
2015-10-13,0.3645350770351108,0.3714088196050902,-3.222092223505202
2015-10-14,-0.7790273086966337,1.5632009019962645,-1.7789506437714042
2015-10-15,-1.0414259046542362,2.877958540970482,7.172404291805856
2015-10-16,2.4779226229898477,-0.711758875391677,-2.17136142452925
2015-10-19,-2.912379418978439,-3.4517656145649944,0.48661799413096674
2015-10-20,0.04217024640489342,-0.463192642395871,1.6847434303982833
2015-10-21,-0.9022551275292834,-2.0638402596710126,0.23838897091996714
2015-10-22,-0.22470265121325994,-1.624492921139975,-0.4773475931106663
2015-10-23,-0.4163066279414984,1.244605726881387,0.4773475931106663
2015-10-26,-1.2790529038023912,-0.76407832613298865,4.879007118812551
2015-10-27,1.0674524175937172,-4.711371223903615,0
2015-10-28,6.494918792024418,5.855336744295192,1.5748424257243432
2015-10-29,1.0394477186586926,-0.9523846662758295,-4.1008143823493715
2015-10-30,0.7365313359463777,-0.1915808541157471,-1.8779860399098514
2015-11-02,-1.7687820155517286,-0.38425967065727207,4.17694356572329
2015-11-03,4.296551527483317,5.70514843437584,-1.1428773625096422
2015-11-04,-3.083535432550555,2.2472686636569428,0
2015-11-05,-2.04118976879597,1.3245578135262281,-1.1560801633037965
2015-11-06,-2.323362871149559,3.9557768447291863,0.6952506796503055
2015-11-09,-0.0340968555251564,2.003440403170176,0
2015-11-10,1.3033866181197062,-0.9132409032391653,3.850997881230356
2015-11-11,-3.5609605669249866,-0.7534697297834292,3.9220731598964775
2015-11-12,-1.8622734756177373,-7.9552536107457605,-1.941814191751412
2015-11-13,-2.816148653099848,3.662746995868993,-1.5367905608725252
2015-11-16,2.496137454873537,0.4376268002655337,-0.44346840727254033
2015-11-17,-2.543322629502498,-0.3499505191299157,0.22196567798782318
2015-11-18,0.04793666141020836,4.707762178099317,-6.1733768476840645
2015-11-19,-0.4492745707659118,-0.8396616145057489,0
2015-11-20,-3.475573911791763,-0.5919430003080262,-1.1862615242919095
2015-11-23,-0.07543900651372226,-0.3398532323913628,-0.4784792738199428
2015-11-24,4.2184230979859905,-2.1506097638019472,-2.427288707047648
2015-11-25,1.1121380230052047,-3.5401857094316647,-2.7398921162439027
2015-11-27,-1.4512018390544057,1.2533578682662139,0.754729906156637
2015-11-30,-0.28237036630329726,2.112772475103819,2.7195687664256063
2015-12-01,0.2597960205890537,2.5796632742669523,1.6928821507093073
2015-12-02,-2.393045375002245,2.6802384914661914,0.23952065162924363
2015-12-03,2.6499270920103513,-1.0802002526395071,0.9523967153883373
2015-12-04,-3.9861257825187124,-2.281448113854001,0.7083841892604692
2015-12-07,-4.394707190178959,-4.367520085284138,0
2015-12-08,1.4626028279636216,0.8889159641498168,-1.90030155627805
2015-12-09,-1.72789086637275,0.8810352397284671,-1.6928821507093073
2015-12-10,-2.1548991747994073,0.08767628113561798,0
2015-12-11,-2.06003785935307,-5.032501304058146,-2.9705311004411428
2015-12-14,1.85736069783351,-4.621311732866973,-2.0305117668354633
2015-12-15,1.893001324016197,1.4374998410207507,1.2738782014201089
2015-12-16,-3.697757441672067,0.6638617870350583,2.0050976546409416
2015-12-17,-1.2383697803246996,-3.461889671274898,0.4950602214560895
2015-12-18,-0.8156120951641199,0,-4.546239142618491
2015-12-21,-0.1901606335986905,-0.3921572455521716,-3.1498717917979313
2015-12-22,3.5299913259383864,2.71331746022927,2.1108922338838543
2015-12-23,1.918043978650008,4.669353714874402,1.038979557914077
2015-12-28,-1.3993484560679725,0.9986764744989163,0.7722030651013512
2015-12-29,3.9078894206846293,0.6303347667769188,0.25605949845930454
2015-12-30,-2.1345794677221086,-0.8111572369748465,-0.25605949845930454
2016-01-04,1.182912197206143,4.252208056495643,-0.7722030651013512
2016-01-05,-1.5219225989128837,1.3781377672013484,1.0282625635606557
2016-01-06,-5.324778310950595,-9.505352547307844,-0.7701984216281321
2016-01-08,-0.3772407172726311,-5.638001065017351,-2.442450622843184
2016-01-11,-5.799267467082192,-3.8509799694926627,-0.8275833754660233
2016-01-12,-3.151209042335079,3.8509799694926627,-1.1142275353304143
2016-01-13,-0.6496458830973495,-2.7028977945056987,-3.129707189153308
2016-01-14,2.3908460749605176,-0.9635207493525755,-4.13037298644281
2016-01-15,-6.01467375997462,2.9527579663274572,2.6747395324230983
2016-01-19,-2.8326550263066963,-1.6473191610637539,2.8904003123699784
2016-01-20,-6.394310453048568,-3.307810019932811,-3.774050534518958
2016-01-22,6.5174368192098875,7.7302926332837085,1.4265487912489494
2016-01-25,-5.814556738128918,-4.235148345113737,3.8893895237845477
2016-01-26,-2.4875217175909015,0.5420310283826613,1.0840076654251352
2016-01-27,8.154313742385177,-2.053376743183044,1.6043209705467465
2016-01-29,1.5914556780614042,4.869493565345184,-1.0811013215707987
2016-02-01,-6.6465772387347855,-4.9693731651720086,-0.8185451871433269
2016-02-02,-4.7906947426115565,-5.545528704364022,0.8185451871433269
2016-02-03,7.471805339070592,5.445597702609106,0.27139350489613356
2016-02-04,-4.2821746147516215,4.114203740208833,0.2706239566837798
2016-02-05,-2.1255376508509727,2.8383886797506808,-0.2706239566837798
2016-02-08,-2.662497616718884,-5.957542336944455,-2.7474260276769247
2016-02-09,-6.428099149311617,4.831846476322221,-6.919197222845508
2016-02-10,-2.2294969572967283,-4.141196995912333,-0.5988095433096419
2016-02-11,-4.901046776244122,-0.4928426410663711,-3.6701299012797506
2016-02-16,-0.705178736608314,-0.670826832287652,-4.6233241998202335
2016-02-17,5.629995942309574,7.410821938409251,5.522878802504794
2016-02-18,0.008181395488993104,3.8533476243101106,0.8915347075895586
2016-02-19,-3.8894250094346994,-4.1215687279227975,0.2954206435298534
2016-02-22,6.0240766283516045,5.062152919520768,2.6202510694438796
2016-02-23,1.346494234486162,-0.42641173062394344,3.1119908022822163
2016-02-24,-3.2701667827698344,-4.8149495660293695,-3.1119908022822163
2016-02-25,2.5186147408392756,1.7778241918767534,-0.5763880368050422
2016-02-26,0.8068931094826759,2.694653481027709,0.863319343382063
2016-02-29,4.252306458970878,4.527184147594543,-1.4430237864798023
2016-03-01,4.034282140584011,-1.6529468392608937,0.2902816757518689
2016-03-02,0.8289969622479632,-1.511378071003433,-2.3461568724336246
2016-03-03,-0.4168192295454176,1.511378071003433,-0.8941856079483834
2016-03-04,2.759708333508204,1.242284475540112,4.106153284532921
2016-03-07,5.28591167239334,3.3187656208509164,0.8583788215452248
2016-03-08,-3.234861804579303,0.15912274502949408,3.6367512415994785
2016-03-09,2.716629563276296,-3.395661855643306,-2.5036090854331228
2016-03-10,0.3500405218935576,-0.2469739551458794,0
2016-03-11,1.3485183376552357,2.1207654315656743,0.2812814838743183
2016-03-14,-3.9557591951301596,-3.1983024621970113,3.857238325057022
2016-03-15,-1.6057906526505406,-1.342301721392003,-3.0180499843607045
2016-03-16,6.284770656915928,1.342301721392003,0.27815175543470794
2016-03-17,1.9549841216601749,2.0619296621034344,-1.6807025853480706
2016-03-18,-2.1705791206215075,4.2355353041430455,7.087431969296265
2016-03-21,1.5164518943711514,-1.259848110019135,2.3408157181183498
2016-03-22,4.355016721587113,-0.15860703209353844,1.7834832331022898
2016-03-23,-7.830306488728134,-0.6369557814591253,1.0050424141244907
2016-03-29,-3.219870843513739,-4.408851046714624,-4.866529631534977
2016-03-30,-1.725073582931902,2.554742144457567,2.3347430227161237
2016-03-31,-0.6201055709500025,0.8910475627728509,0.511509050282255
2016-04-01,-4.5117517758351156,-2.4491097519057092,0.7623691511378539
2016-04-04,-2.6314857540905123,-4.825306056559819,0.5050724423512953
2016-04-05,1.4249974538584453,-1.3095007880520537,-3.069288540175563
2016-04-06,8.943292549872073,3.11444971024577,3.3208496632396223
2016-04-07,-1.6451725945747953,2.273774235233672,-3.3208496632396223
2016-04-08,5.9607771110465,3.19569265103814,1.0335988579962319
2016-04-11,1.1601448804961834,0.6430888183128758,-0.2573998847609005
2016-04-12,3.653533235845341,-0.16039879412161895,1.2804246770129701
2016-04-13,-0.5692600012270788,3.4703737713483562,2.2642647230980195
2016-04-14,-0.7020852910017084,2.6015261838325365,0
2016-04-15,-2.4141004769784757,-2.060337545372226,-1.0000387101066988
2016-04-18,-1.5404894004770853,-3.132618539587906,0
2016-04-19,1.6976683196965325,8.681268788269492,-1.0100967718821074
2016-04-20,3.8238676461595844,-0.2922095039684436,-0.2541292411092133
2016-04-21,0.9341389234680086,1.6684976276735597,0.2541292411092133
2016-04-22,0.3002332007000952,-1.0849400654935337,-4.410574742139373
2016-04-25,-2.275605677355319,-0.583557562180026,0.26490030225354566
2016-04-26,1.3208894623087275,-2.1442348362883834,-2.1391264666160037
2016-04-27,5.882148288059419,4.100093985151876,-1.086976976938736
2016-04-28,1.6194816078754393,0.7148215669260161,1.086976976938736
2016-04-29,-0.8398065326296056,2.3928070546497704,-4.13851980893134
2016-05-02,-3.3022704673117076,-1.1188827576560811,-0.5649721864626311
2016-05-03,-2.3283694457145288,-0.4934786249185308,0
2016-05-04,1.1727465233020595,-0.28309062102849225,1.9635937664679748
2016-05-06,2.6237298126480013,0.07082821189157151,0.7330125769323459
2016-05-09,-2.483167148894072,1.4065072436635795,1.1173431521554367
2016-05-10,3.170505994056061,0.8344825703611836,-1.1173431521554367
2016-05-11,3.0209913135537114,0.9648567995319546,0
2016-05-12,-0.1413154795588234,2.9066226967144004,1.3947508054584112
2016-05-13,-0.15734019638706798,-2.97522501136549,4.865801045550544
2016-05-18,4.753222523060785,5.540264233688275,-2.4033255947659704
2016-05-19,1.6809447144541245,-4.85627425472499,-2.185858628855275
2016-05-20,-1.4734932705546377,2.0911556541062915,2.185858628855275
2016-05-23,1.2982413400869142,0.33321901334035786,1.0752917929551131
2016-05-24,-0.06944318701469498,2.5617236234408924,3.158149573895175
2016-05-25,1.9393622038328395,3.8172258415640314,0.51681399073078
2016-05-26,-0.9139158847697892,-2.656678274228552,0.5141350218118568
2016-05-27,1.109319323113933,0.5114834418681102,-1.5504257834296986
2016-05-31,0.005859313335321303,-0.31934829556927724,7.038087175195429
2016-06-01,-0.36556554668480956,-2.068601709424156,-0.48662463405939604
2016-06-02,0.3152653852342979,1.0396183273334803,-1.2270132143727075
2016-06-03,-1.1611317031440471,5.348873622425643,1.7136378484321035
2016-06-06,0.4284830231189751,3.7286479608874767,-0.7308174950769963
2016-06-07,0.5614124438712231,0.9400853146057209,0
2016-06-08,1.244058037933815,1.4513888888710635,-1.726305866176192
2016-06-09,-0.6174818168521945,-3.4597354442603923,-1.7566421915148123
2016-06-10,-2.272246627000385,7.470476387672775,-2.564229408811336
2016-06-13,0.49225530243734994,7.825175919264149,-0.26009221361609214
2016-06-14,-0.022506222139551113,-3.4908272151997544,-3.713964595963226
2016-06-15,-1.4837537432772052,-1.441912702704684,2.6668445981476996
2016-06-16,-2.875770400713673,-0.4312971639579999,-7.654021713607895
2016-06-17,3.782770167239935,0,1.1299508592172103
2016-06-20,1.402355410129541,1.288269548184351,0.8391874129019872
2016-06-21,-0.603153149780411,1.9540975551419315,3.8255897307583275
2016-06-22,0.5282418058404126,-0.05232307619125187,0
2016-06-23,-1.171896714830023,1.196400755656768,1.5957747073486406
2016-06-24,-1.3324748506771122,-1.6684789938913536,-0.5290855126448779
2016-06-27,-1.4947562747503973,-3.1511311858392066,-5.731466338364077
2016-06-28,3.5892681317674757,1.9877143626684468,3.315224612819545
2016-06-29,3.0036832914785982,2.883539550316927,0.271373769896055
2016-06-30,-3.3901808030897485,4.6943078681410455,-1.0899186640822123
2016-07-01,1.2094237614275194,1.273890479485651,0.8185448941861573
2016-07-05,-4.644177102869129,-1.4713341231843202,-3.0347162194678923
2016-07-06,2.3965670553470098,-0.7936410608231803,-1.410459252568863
2016-07-07,-4.461670746406909,4.193668441178922,-0.28448648526446796
2016-07-08,0.5789621155668279,0.19084304266927532,1.694945737833331
2016-07-11,-1.0912206778479927,0.09529170868347592,2.7625924625590326
2016-07-12,3.5785486148323997,3.094468696857966,-2.7625924625590326
2016-07-13,-4.452416834453388,0.5524653183167416,-0.8438788682402887
2016-07-14,1.0455905799161336,2.7176054036778474,1.6807136270440726
2016-07-15,0.8246545498846736,-1.7125543373886387,0.27740765330297457
2016-07-18,-0.3840606752826936,-1.0968967745105473,1.375506912955471
2016-07-19,-1.2976806994774215,-0.7379978632797268,-0.5479414240900038
2016-07-20,0.9818718822471872,-2.817090443673642,1.0929083184956667
2016-07-21,-2.279919609855874,4.651985081463916,2.68113439580846
2016-07-22,-0.9228122693851759,-3.421477111583826,-5.996359008628005
2016-07-25,-1.7923935009667602,-2.9596607473092895,1.947209718305487
2016-07-26,-0.41954168072102505,1.3474597517447506,-3.0771605775226973
2016-07-27,-0.5452200714773703,2.0814471439071447,0.8486593701988898
2016-07-28,-2.733157279135856,-0.8462754526785687,-0.8486593701988898
2016-07-29,1.5097905854186244,0.6588177629241798,1.1299508592172103
2016-08-01,-4.78225209070704,1.7666901072562524,1.6713676273877098
2016-08-02,-1.7403831883354037,-5.68874298003248,-0.2766168219292986
2016-08-03,3.041042741119515,0.5836557988593505,-0.8344949965766624
2016-08-04,3.1563463024979477,3.3383970739168767,0.2789316040202383
2016-08-05,-0.4969228464692499,2.226449822976928,0.2781557392534495
2016-08-08,3.5650472577947845,-0.8291044725289076,0.8298665661500504
2016-08-09,-1.0989030657499121,5.314169779730804,0.2751065760183913
2016-08-10,-4.463074123566102,-0.4395564927468065,-2.2223162943238783
2016-08-11,4.10617700886915,0.9644829251855391,-1.1299508592172103
2016-08-12,1.4218301445398929,-0.700516029151288,-0.28448648526446796
2016-08-15,2.702672950318874,0.9619465319491205,-1.146151674920004
2016-08-16,1.1978507399171612,0.08701391299119621,-5.326702658343807
2016-08-17,1.4514794800910558,-1.0489604449403167,-3.7155885882615536
2016-08-18,2.0721258031662693,0.08786676508529823,-0.6329208885256232
2016-08-19,1.244830541477171,0.1753991127627863,-0.6369523062653926
2016-08-22,-3.099265558462161,-0.7918921844587423,0.31898328757598016
2016-08-23,0.8413907225897965,-1.423504940907705,0.3179690186894124
2016-08-24,-2.4852418943591026,2.4779777845625794,0.3169611794909599
2016-08-25,1.5995832624865258,-1.1428709734182085,0.3159597090346633
2016-08-26,1.12508376258722,0.7926140330865472,1.875043740670268
2016-08-29,-0.09958276324777415,-0.08772283162725714,-0.9331371292657042
2016-08-30,-1.2226255538478448,0.6998787857177113,-1.8927965186195994
2016-08-31,-3.39816929874166,-0.875671324432048,-0.9599982611070867
2016-09-01,-3.2569775385141497,-1.3280267831267345,-0.6451642115685718
2016-09-02,2.495339248938322,2.725453344807871,-1.3029583689224022
2016-09-06,0.1937081844033628,2.568624794194019,2.908120841598061
2016-09-07,0.49196217252598373,1.42679831108099,-1.6051624726756586
2016-09-08,4.123916388059268,-1.1735574518854541,-1.9608632272499982
2016-09-09,-2.9309364913181035,-0.9317962326993445,-0.3305616807092182
2016-09-12,1.5045570940026565,-1.9768207697090645,-1.333368718047323
2016-09-13,-3.6219425326002863,-1.2227494390332438,-0.6733825626608514
2016-09-14,-2.1885562874460973,2.858569857477544,-0.3384209105309566
2016-09-15,0.09802414329751485,0.1706396256190068,-3.448621512912542
2016-09-16,-1.6412252927345605,1.1021569583451019,1.739179910478006
2016-09-19,1.110665519004872,0,-1.0398607948305383
2016-09-20,1.1541806002252741,-1.358207963323288,-3.546466906561241
2016-09-21,3.266306065272584,-0.3424718931249515,0.36033442147047623
2016-09-22,-0.45930060552707985,2.79087935637925,3.8805657485754264
2016-09-23,-3.6822648611586573,-0.08343905208549884,4.730603005728762
2016-09-26,2.647254236023322,-3.1372040255022604,-2.675733871948349
2016-09-27,-1.962383400643386,-1.387706466806904,-1.3652031665978281
2016-09-28,4.992035109638504,-0.6132163969780002,0.684927674492064
2016-09-29,0.8725100734450209,5.304923893327107,4.341243669695816
2016-09-30,-0.06083820330058387,5.748229997806753,1.2987279055021173
2016-10-03,1.3008721877333151,-0.8692201736729466,2.5478979565445314
2016-10-04,-0.10015004656915849,2.0425036093032034,3.7041251088097304
2016-10-05,2.5258839001068623,-0.5458088067391564,-2.144025928687121
2016-10-06,1.6825621419515713,2.471146337723251,-1.5600991801226094
2016-10-07,-0.8734583671535567,-1.2279294667534302,-3.8466258620466487
2016-10-10,0.3064644095030822,2.9671230382820823,-0.9852343056417023
2016-10-11,2.5798590159746837,-3.044395657829657,-1.3289177632444638
2016-10-12,-0.7318339061095358,1.305202086301005,1.3289177632444638
2016-10-13,1.0202688225345646,-1.3824916322827008,4.200955898106029
2016-10-14,-0.48521586198218003,1.6871429532121063,-0.9539134857563525
2016-10-17,-0.6113965532203558,-0.9167419280812439,-2.2618081067079743
2016-10-18,-0.16561950814475423,0.15337690122620984,-0.9852343056417023
2016-10-19,2.6819050015580714,-0.3838629411677452,-2.3373129614173926
2016-10-20,-2.47686486715768,0.23048603994153538,-0.677962174140978
2016-10-21,1.3573029678948245,-1.2355153222928905,2.353027284953857
2016-10-24,-0.5461414900226558,0.1552606899075215,-3.7229276237783715
2016-10-26,-1.2939074556234331,-3.301646986461737,6.044129376699958
2016-10-27,1.3028329703741015,1.9327912853420948,1.1662014482028304
2016-10-28,-1.3148671852563076,-0.46045266411525176,-1.754439116607287
2016-10-31,-4.28677496019505,1.9802439356359613,-1.7857574610664617
2016-11-01,-1.2288392735661624,3.118305153925327,2.9587927879032083
2016-11-02,-2.9701157013336754,-5.098549089561288,-4.16726806304859
2016-11-03,-1.363135559283446,-1.706809351081251,-1.5314154281169223
2016-11-04,-1.0164570192387146,-2.21528582007533,-2.1841731601446313
2016-11-07,2.0317388399392122,1.9018222659511252,0.9419066114045638
2016-11-08,0.08570107798542281,0.15681120031096896,1.550417227629719
2016-11-09,1.1604364565696024,-0.944850840951883,-4.082194291383789
2016-11-10,-0.6385383501934072,-1.1137826253102112,-1.9418108491494834
2016-11-11,-2.4213746950835002,-2.0202494840677154,-1.3157959863509205
2016-11-14,1.1627727208955108,0.32601547831419,-1.6694931953540326
2016-11-15,5.327330199705749,6.763557144932886,-0.6756789958850984
2016-11-16,-0.21058393057158398,-0.763365026855034,0.3384209105309566
2016-11-17,-0.38369972136091945,-0.7692157608278016,4.298176188667391
2016-11-18,1.7037304410444598,-0.6196764626912987,-1.3029583689224022
2016-11-21,3.609132628435141,3.511828366953562,-1.6529356362807945
2016-11-22,1.0581054418765667,0.5983250507996196,-0.6688996208033426
2016-11-23,-2.578151455514366,0.2978768531463949,3.3006335707958634
2016-11-25,0.10516968343399213,-1.5736926233133275,9.294609093780437
2016-11-28,-2.0826306663431104,-0.9867317181415203,3.202609460762096
2016-11-29,-0.7914970568310586,0.06490528785763061,-0.863312626664392
2016-11-30,7.5145694730503365,5.4950809810984325,-2.339296834097704
2016-12-01,2.7741943301291094,2.708665332079896,-3.0032323407330974
2016-12-02,1.3237882213060992,-0.6349446898838096,4.179717891577495
2016-12-05,-0.5456960464015559,1.335710258297862,-0.8810608850500667
2016-12-06,-1.8400569547408097,-1.761228107412549,2.0438721683033734
2016-12-07,-2.028553212416284,-0.2134644695841459,-0.28943305169608635
2016-12-08,1.9318790784180528,1.4846824883418819,-2.6433443485581076
2016-12-09,2.8364149795371496,-0.8457001696430488,-0.29805370407332
2016-12-12,1.667254886662306,4.1586318342822,-0.5987985250423211
2016-12-13,0.33784364902462727,1.0131866485830088,7.239072211481856
2016-12-14,-3.318540920349289,0.06712522663692155,-0.2797474155300961
2016-12-15,1.6657011860114146,-1.898350024736839,0.2797474155300961
2016-12-16,2.5091890661697924,1.898350024736839,-1.406521211447176
2016-12-19,0.3947607853553414,-1.2841925548616295,3.616523120979309
2016-12-20,0.5736671625947487,0.8129658498164716,-0.27357799978049435
2016-12-21,-2.1448253045187826,0.9402525162468756,-0.825312091245678
2016-12-22,1.6118731987035062,-0.8727530300951969,-0.8321802144857227
2016-12-23,-0.012355489599880087,1.0063797543740094,1.1080223054034999
2016-12-27,1.7198579400758085,1.2603760759995808,0.8230480001083951
2016-12-28,2.3184881662150048,1.4397899202355902,3.226101290214123
2016-12-29,-0.908811760534789,0.6476812011929844,2.3530549546995516
2016-12-30,-0.8154221120457272,-0.25854425380797963,-0.5181308975052534
2017-01-03,-2.0693874779009747,2.7451311599064,1.0335910308512553
2017-01-04,1.0851099054548285,-2.0356523023230544,-0.5154601333460018
2017-01-05,0.6856498539313804,1.9726783216628796,0
2017-01-06,-0.8305068716767394,-2.0370189139378603,1.5384772577834216
2017-01-09,-2.780646410443399,-0.06431973961653625,1.515208793553624
2017-01-10,-2.0663439681630535,-2.4097453933124235,-2.2814833790286926
2017-01-11,3.1375204574239923,0.6570431151208922,-0.5141350218118568
2017-01-12,-0.11090330696266193,1.7527022781915313,-0.51681399073078
2017-01-13,-1.114818808771556,3.850252806355847,-1.041666200694058
2017-01-17,-0.2871528897259168,-2.2543051327692076,0.2614300352289156
2017-01-18,-2.413680203804436,1.008223262068153,0.5208516081941728
2017-01-19,0.33652905234964337,0.25042360296190225,4.071792011277076
2017-01-20,1.9261065174583258,0.5612759972398962,-1.2547257143954216
2017-01-23,0.003267532728301603,-1.377589130802992,-0.760458141592979
2017-01-24,-1.451981841399519,-1.0139387476018946,-1.7972235980177054
2017-01-25,-0.5528748990853316,2.2048402497943265,-3.425890479432958
2017-01-26,2.2233761532332252,-1.253954924811751,1.3315818649676903
2017-01-27,0.03584725461154292,0,4.90420026205336
2017-01-30,-1.045596633016288,-0.6964439766599106,-3.0692762048590616
2017-01-31,-0.8039281067848236,-5.0156918994110455,-3.9740568095793183
2017-02-01,1.7747755310059787,3.6725289523858784,2.929648761308279
2017-02-02,-1.1055743980878496,-1.4920456740861177,0.262126404847951
2017-02-03,1.0986687200931655,0.1306049846873769,0.5221894298069962
2017-02-06,-1.3500300844438762,4.592669940557137,-0.5221894298069962
2017-02-07,-0.7857469977511577,1.730554598053402,-0.5249305680085303
2017-02-08,0.4343811623403582,-2.48154007003647,0
2017-02-09,0.952177864724657,0.3045708717021256,0.2628041631605793
2017-02-10,2.4121875465032083,1.1841706800569618,2.334741618084646
2017-02-13,-1.7005008881900707,0.37106655897680696,-2.072615213236695
2017-02-14,0.27134164044397835,-0.06175173017082258,0.5221894298069962
2017-02-15,0.15228699789311406,-2.122435906535003,-1.8397245138421336
2017-02-16,-0.16311221016165334,-1.0145760661242065,0
2017-02-17,-0.031231981802992692,-3.1070464640052364,-2.4162417255445323
2017-02-21,1.6282029565822143,3.5521763855120625,4.775443010273728
2017-02-22,-0.5170924267487997,-2.375665149570061,-0.7802361654651424
2017-02-23,0.9469163863769836,-0.3254556569624256,-0.7863606032374459
2017-02-24,-0.9094845584114886,-3.7189077516203817,-0.5277118457626795
2017-02-27,0.32161810309636607,-0.883434854888332,0.7905160089232588
2017-02-28,0.1807701785923932,0.6802842542751542,-0.2628041631605793
2017-03-01,0.18806780040536708,1.0788954880136536,1.3072122114316187
2017-03-02,-1.8171935457147015,-1.1467197842979893,0
2017-03-03,1.3686058825660652,0.13560262239407095,1.2903335698136065
2017-03-06,-0.10445788341568729,-2.747416199334385,0
2017-03-07,-1.0686336293237453,3.422638274023271,-0.772202672308353
2017-03-08,-5.294994953032095,-0.6074990060366936,0
2017-03-09,-1.0934492748638114,-3.5841291853623503,-0.5181308975052534
2017-03-10,-0.9251202583374862,1.0471542135634948,0
2017-03-13,-0.8614093083194163,-0.8368249670517081,1.2903335698136065
2017-03-14,-0.9594528220200793,-0.6322709032216878,0.5115051887348621
2017-03-15,2.215832880314572,-0.1410535267218016,0.7623906502628675
2017-03-16,-0.8004334538833646,0.8433231011738762,2.252916377422709
2017-03-17,-0.6388784249247159,-1.409466671703541,2.686364454405732
2017-03-20,-1.0040231255102228,-0.4980493797368979,0.9592409682150027
2017-03-21,-2.1155643484725317,0.4270077233590186,0.7134275974377324
2017-03-22,0.7558929584852159,-0.2844855172510208,0.47280966760387955
2017-03-23,-0.4038474201700559,-1.4347254537180554,-0.947875537545606
2017-03-24,0.8035585098412845,1.6481973272434836,-3.1441382315767985
2017-03-27,-0.9380327195720461,-5.177976252314664,-4.780776156772237
2017-03-28,3.2931080675519198,3.0227301215358438,-0.51681399073078
2017-03-29,2.785215970268684,0.14513791373698126,-2.094308614465268
2017-03-30,1.5339745222273216,1.8678606614308535,1.0526424137712098
2017-03-31,0.8919929893860257,-2.085681727739974,0.2614300352289156
2017-04-03,-0.5288229540549416,1.7291898543096096,-1.3140724490001254
2017-04-04,1.9073079467911036,-0.6449671146018687,-0.5305114239212205
2017-04-05,-0.09573528625406169,1.0725835045672483,-2.422746728796099
2017-04-06,1.2070995934519324,0.9203754364309091,-1.0958911376051983
2017-04-07,1.3006580113247956,1.9539958745263597,0.5494700003279007
2017-04-10,1.875539980848906,-0.9024660350409164,0
2017-04-11,0.025858555676450123,-1.5460607607613142,0.27357799978049435
2017-04-12,-0.6139973424806655,2.5866484108255428,1.3568774140806816
2017-04-18,-1.9106146379334277,-1.6000201467320174,5.250555725739181
2017-04-19,-3.75254636045268,-1.270336096447,-1.0282768949061882
2017-04-20,0.0017055381789532476,-2.3716186877198453,-0.5181308975052534
2017-04-21,-0.415358200117133,-1.096898226265175,0
2017-04-24,-2.9245018840216908,2.469231787976245,3.0692762048590616
2017-04-25,1.0200328898021915,2.968455453723795,-0.746545100034357
2017-04-26,0.3314700918910951,-0.27895949548266685,0
2017-04-27,-0.545955030221279,-0.7711269506547325,0.7721995637902879
2017-04-28,0.13026326810230415,2.5018873658931184,-0.256734311426543
2017-05-02,-2.7130876010283522,0.9562633226467554,3.2872705350137643
2017-05-03,0.36202480917273405,-2.7568853728282328,2.941389720825427
2017-05-04,-3.8939921549515866,-0.6308927940725795,-1.459880533388347
2017-05-05,1.4034235661648076,1.2578782206860595,-1.233077240933067
2017-05-08,0.11721043296413214,0.13876379802093552,-0.7471967080922237
2017-05-09,-1.232369800996036,0.7599490460205693,0.9950439007850864
2017-05-10,3.463612514816994,-0.1482865784968368,-2.252917512347352
2017-05-11,0.13974880978881998,1.8462278157532097,-1.5306321618632879
2017-05-12,0.25337769335225246,-1.1584699811669985,0.256734311426543
2017-05-15,0.8874343985831423,2.437537516828847,0.766271717233602
2017-05-16,-0.607770927182294,0.6001505899800641,-1.2804011620739963
2017-05-18,1.0469697636861675,-2.900715552448574,3.045900906839405
2017-05-19,1.2749097535196263,0.4098707696363668,-0.5012544437476674
2017-05-22,0.18519879883545087,1.152160630665655,-1.0100995675193403
2017-05-23,0.8969493618778301,-0.33748069399575087,0.5063199004900376
2017-05-24,0.030842973083000658,0.1351215302068276,1.2547274491080174
2017-05-26,-2.6445020944179554,-3.155253162397642,2.2195691894196123
2017-05-30,0.7098339938122145,-0.34907272090478614,1.9324282539042503
2017-05-31,-3.1771815297613415,-3.559089827768158,1.6607695640854292
2017-06-01,0.6157490310875424,0.07246019864108888,-1.421815739699639
2017-06-02,-1.2908009007769117,-0.4354104378424317,-0.4784700266867503
2017-06-06,0.827036385995239,0.6523868506004504,0.7168443146013725
2017-06-07,-4.739986802735707,0.5045044999841153,-1.1976146878308391
2017-06-08,-0.1479138160247473,-4.034282409729784,3.3178316421031973
2017-06-09,0.7636347981174296,-1.5843270455982328,0.9280814002974758
2017-06-12,-0.03841285396530836,3.2912250827132006,-1.3953722201244467
2017-06-13,0.23688920262809887,-0.5164044879650831,1.1641629383420504
2017-06-14,-3.852445858891862,-1.1156787767089504,-0.23175475337340323
2017-06-15,0.22580142693087168,-4.826653069399267,-0.23229310392496316
2017-06-16,0.4650047573120375,-0.6299250187876915,3.203946577842842
2017-06-19,-1.4893830038110067,0.6299250187876915,1.3422841630212456
2017-06-20,-1.2364138269461478,-4.577278237263904,0.8849804301023223
2017-06-21,-1.6839500143979613,0.9811818420222274,0.22001761874057557
2017-06-22,-0.3979498764891787,-1.5579917948980615,1.7429643826842867
2017-06-23,0.48166630858617054,0.8229783484650532,-1.085792079860859
2017-06-26,0.9417286669285652,-0.16404113881725024,2.3733730211522808
2017-06-27,1.9329220062624053,3.151792868275205,0.21298828373561562
2017-06-28,1.1024431194747386,-1.2004949807137066,-0.6403484433496143
2017-06-29,-0.3543772922675714,-0.9708951713672143,0.8528928861732954
2017-06-30,2.529846428746385,0.405683973604809,0.4237208178194507
2017-07-05,-2.050882183094327,2.951949229196771,1.2605128103709617
2017-07-06,0.7615258913226342,-0.8685622980364016,0.20856377106079904
2017-07-07,-2.7365008285338277,-0.7961242534450186,-0.20856377106079904
2017-07-10,0.08744764562589324,0.8753979310129445,-1.4721487952842338
2017-07-11,1.2707254039868054,-0.39695443025218324,1.4721487952842338
2017-07-12,0.0873412439406529,4.358656677300132,1.8614861493815749
2017-07-13,1.3675301290268393,-0.3051327379452573,0.204721231773064
2017-07-14,0.31582763943118763,2.5642555979239035,-1.0277629703788094
2017-07-17,-1.817479404037492,3.655392720504924,1.4359184830153637
2017-07-18,-0.5133590211073624,-0.7928165174258872,-2.8927650587507348
2017-07-19,1.637557061872652,1.5081142921529178,-1.478375906054552
2017-07-20,-0.39145796181490056,1.696139078304526,0
2017-07-21,-3.0729723009577548,-1.2693702453858258,0
2017-07-24,1.1081570174073185,0.2834682709195846,-2.1506305309666462
2017-07-25,2.4005473877014794,0.3532261011890192,-0.6543056622774657
2017-07-26,1.9575557986233783,2.093606615364685,-1.9890122096410945
2017-07-27,0.6250708013864958,1.5078816940392592,0.22296100211183223
2017-07-28,1.2912852659688667,0.8804989695428311,1.32745379306205
2017-07-31,0.8421587649932505,0.06739206589632118,1.3100630592647988
2017-08-01,-2.4602894515441065,-0.9592815776422015,-1.750592628142078
2017-08-02,0.8591491396564344,-0.4095598644488163,1.750592628142078
2017-08-03,-1.1368735547769404,0.6137078049977873,0.8639366861478148
2017-08-04,0.8686843603696204,-0.6137078049977873,1.0695338622987105
2017-08-07,0.389935187846735,1.0207856107554925,1.8967780710140936
2017-08-08,-1.368242071695569,0.20289589557602739,-1.0493062190479296
2017-08-09,1.9435792958182319,-0.2706536642015145,-2.99810238293281
2017-08-10,-2.1941238548777164,-0.2713694713372128,-2.1979011255875758
2017-08-11,0.9360121777986841,-2.2673809078537666,-0.22245574421915215
2017-08-14,-3.3331904412118973,0.2776222903882797,3.2861725805315434
2017-08-15,0.4715424312691674,-2.3134402156427925,1.9210800808849626
2017-08-16,-1.794006725728714,2.105317310973387,-3.222626565531028
2017-08-17,0.8227015222182388,-4.255963105469096,-0.21857488835621552
2017-08-18,2.746978036843739,-0.8733844576574334,-0.43859741446721223
2017-08-21,-2.980559214481282,1.2350494776058873,-1.1049980488428979
2017-08-22,0.5914378832328815,0.36034189680327344,1.54359546331011
2017-08-23,1.5421525728752883,-0.8670439640749095,0.21857488835621552
2017-08-24,-3.1748230490916463,0.7950932704901881,-0.21857488835621552
2017-08-25,0.5154399414348809,1.6423080215134611,-0.43859741446721223
2017-08-28,-3.2744224383542964,-0.49696928369185045,-0.22001761874057557
2017-08-29,-0.57883222315116,-0.5710197667716521,-0.4415112302937896
2017-08-30,-0.056456807055926816,-0.21501290952485874,-0.4434691998085327
2017-08-31,3.496513779832089,1.8479728509380067,2.8479624315271845
2017-09-01,-0.9261961034883193,1.5374151373813483,0.6458627871811728
2017-09-05,3.2343373088594696,2.533506419711351,-3.2718355608337024
2017-09-06,0.6531932746586477,0.6066843750789808,0.22147954193387775
2017-09-07,-0.2090986954567775,-0.7419692002351042,-0.8888859461395171
2017-09-08,-4.012869253140305,-0.20334578008753823,-0.4474282477610725
2017-09-11,2.481954289909716,-1.0228552280695524,1.1148346519667118
2017-09-12,0.721735345658292,-1.4497878079943405,1.3216058054354551
2017-09-13,2.2663563375430407,2.2008954995613728,-0.21906281072849865
2017-09-14,1.8824952310835918,1.4184693062185616,1.523429778945573
2017-09-15,-1.2159805061725315,-2.4440938199318474,-1.085792079860859
2017-09-18,0.15067947888702804,1.5683738006564418,-0.6571723028234278
2017-09-19,-0.8734558147733829,1.0097723559437277,0.21953460373871359
2017-09-20,1.2318144795860242,-0.2682568623088244,-1.1025429947069565
2017-09-21,0.9827965419211715,1.0688006504518732,-4.07296325965798
2017-09-22,-0.7838558139631857,1.5820962302127484,1.6037054607485945
2017-09-25,3.261165583247916,0.5218426303127188,0.6795093303376909
2017-09-26,0.30033517441179214,-0.6527547072429307,-1.8223842394407441
2017-09-27,2.0018379490112537,0.8477647570265034,0
2017-09-28,-1.0815861509488656,-0.19501004978357273,-3.509128906215375
2017-09-29,0.4448597571943935,0.19501004978357273,-0.4773281123004125
2017-10-02,-1.9631914636840442,0.3241502608146263,2.1302542467457997
2017-10-03,-0.2506126709441503,0.2585640206787865,-0.2344717059986845
2017-10-04,-1.5405798017978256,-1.234184137435168,3.460559629437343
2017-10-05,1.9148574053273748,1.749323967103411,2.684726378434732
2017-10-06,-2.36288233673001,-0.515139829668243,-0.22099928015708592
2017-10-09,0.22508205624669486,-0.9730705160288622,-0.6659249440276849
2017-10-10,2.2068983927600705,0.5201370943942685,-0.446429540942761
2017-10-11,0.4920441595305469,1.4805641832977834,-0.8988735255351266
2017-10-12,-1.7750662522754368,-0.19190069273919974,0
2017-10-13,1.7705127984723568,0.44718214428822733,0
2017-10-16,0.6161329595830267,-0.12757245058727662,1.1223420643660553
2017-10-17,0.5287152930171679,0.1912538296052091,-1.1223420643660553
2017-10-18,0.7691851179006726,-1.0886875316474587,0.22547464767579406
2017-10-19,-1.536210412147998,-0.7108394822172848,2.0067526429868643
2017-10-20,0.7473632347277714,0.19436940095580724,0.8791269833444915
2017-10-23,0.9242421458302452,0.1940012373583322,0
2017-10-24,0.6089968583337324,6.259839174741888,-1.7660512075292623
2017-10-25,-0.3447800280546254,2.5758002666295354,1.1074361743214745
2017-10-26,1.6254060823241545,-0.11836306954817744,0.22001761874057557
2017-10-27,4.614796990550207,2.5140444287756303,-0.22001761874057557
2017-10-30,-0.24274781049982153,6.048857026395282,1.0952971680652013
2017-10-31,0.6566669037519901,2.0441831328650295,2.3682540583866984
2017-11-01,-0.5120412853401035,2.153926376957571,-2.804936193244112
2017-11-02,0.37955623819598827,0.2605155281886873,-1.1001262635015774
2017-11-03,1.8622122819791365,2.9730429944868852,-0.4434691998085327
2017-11-06,3.1148109801176105,0.35288714692454093,1.54359546331011
2017-11-07,0.15227094958483178,1.1509062947335558,0.6543056622774657
2017-11-08,-0.6931037707535559,1.3343120553218846,0
2017-11-09,0.04574023542787131,0.3430901328166591,-0.8733684730059643
2017-11-10,-0.8984136608040316,0.2443082803546659,-0.21953460373871359
2017-11-13,0.3895497247620838,-1.0795160789256464,-1.1049980488428979
2017-11-14,-1.6586827498607626,-0.1974986085085284,1.54359546331011
2017-11-15,0.1322109285085027,-0.9935721089283867,-1.54359546331011
2017-11-16,-0.6550817400350795,0.9441211375235348,0.22198965787465497
2017-11-17,2.34771335948718,-1.7964636190328953,-0.4444454020938071
2017-11-20,0.2582367391483764,2.780704709696291,0.22245574421915215
2017-11-21,1.2307333571142998,3.6542637207307216,1.1049980488428979
2017-11-22,1.3756072642436834,-3.507448770792898,0.8752795493246257
2017-11-24,0.6123294815130187,-3.1291412661569318,-1.315809118201905
2017-11-27,-1.1113933554278255,-2.1934034582431927,0.6600641726159928
2017-11-28,0.2099097968996766,0.565711452455897,-0.6600641726159928
2017-11-29,-0.7591234271418834,-0.3081904598843721,0.44052956887727923
2017-11-30,1.0851041326232824,0.6665320539059216,1.7429643826842867
2017-12-01,1.6980867151295875,1.2693504117657461,-0.867684833359661
2017-12-04,-1.4192217293144793,-2.8661011574230955,0.4347835099401731
2017-12-05,0.01761191433482523,-1.359154159611009,-2.860477854438681
2017-12-06,-3.7102336393878943,-0.5277029126753874,0
2017-12-07,1.453347416928974,-1.0638488535282598,1.5504147951738823
2017-12-08,1.6839478881419012,2.4301453622400437,0
2017-12-11,1.9212786122134062,1.6050108813502106,0.43859741446721223
2017-12-12,-1.5862047270100987,1.377197917204409,0.8714656447975866
2017-12-13,-0.6690729684788899,-0.9671759840245819,1.0787641106006607
2017-12-14,-0.6818578435769496,0.1533504281859166,1.7021782898120286
2017-12-15,0.8835064414451921,-1.647822679141342,2.294144850464397
2017-12-18,0.6423090973469492,0.15565048855945562,0.4115148633842214
2017-12-19,0.6263548489714665,-0.15565048855945562,-1.0319885290074993
2017-12-20,0.6584758899385257,1.647822679141342,0.6204736656232779
2017-12-21,1.3744074176531562,2.32216937536478,0
2017-12-22,-0.8835291272045964,0.6466129301191614,-0.41322392389857576
2017-12-27,1.6921280276952722,1.280782513936618,1.0298714418636834
2017-12-28,0.023587687336679153,-0.7368885750969945,1.8274671373677887
2017-12-29,0.26587384076224296,-0.444819163859389,0.6018116702453113
2018-01-02,-1.4147161872116953,1.132747714036686,0
2018-01-03,2.0665105975322895,1.3618935912061758,0
2018-01-04,0.47034955711220405,0.5780345481778859,-0.3004614620017332
2018-01-05,-0.8715840181974244,0.6702049734788496,0.20041346976062968
2018-01-08,0.33512991241373413,0.7604335776894011,0
2018-01-09,2.1824309279710796,1.3170445408847264,3.2498917944562944
2018-01-10,0.29713962676893857,0.9302280131145757,0
2018-01-11,0.4178846224338173,-1.6806875361695894,-1.9570026703870536
2018-01-12,-0.5027066411990688,0.6569506495775812,1.3739143179389846
2018-01-16,-1.6808388271548402,4.928033280542632,-1.571734312967843
2018-01-17,0.2860129886363083,0,1.7664886038776029
2018-01-18,-0.414168477764143,0,-1.174182361405629
2018-01-19,-0.8345241400411929,0.7982126659354272,2.3347375339336285
2018-01-22,0.550253554724911,1.7513490265076648,-0.3853571169886827
2018-01-23,1.3147018607018168,-0.43494014375244916,0.3853571169886827
2018-01-24,0.9594936766536222,1.2992748732077786,-0.19249694251164406
2018-01-25,-0.985466922557876,0.8568868628056947,-3.13137296442747
2018-01-26,0.5407397447003248,-0.7709001362059986,-4.368389805436257
2018-01-29,-0.5008011097775267,-0.4308294013338987,-3.8099955312807854
2018-01-30,-1.897324562625169,-5.138414381869172,-1.960825449008885
2018-01-31,-0.019809986571228677,1.3544214449050074,-0.6622589430003156
2018-02-01,1.7556968536900364,1.6896637633728062,-1.6750841251237603
2018-02-02,-0.9481807024455335,-3.8656457244973907,-1.4747934934916884
2018-02-05,-1.1543868124329393,-1.384429985431801,-1.6129342491016718
2018-02-06,0.728472693805049,-3.9295608290531803,-0.816333916293166
2018-02-07,-2.9769632727819406,2.7002457355343346,-0.2344717059986845
2018-02-08,-0.04079514056876121,-2.2127040605592896,1.0508056222918505
2018-02-09,-2.5040232607849155,-3.212516979839375,-2.469260050738553
2018-02-12,-0.08400237935353161,1.9398701983385003,3.278983880371378
2018-02-13,-0.7619706197295351,-2.6961234096449793,-2.2132563585650633
2018-02-14,1.8832798569043518,-1.735605619780678,0
2018-02-15,0.31767703734288943,2.692564166230671,1.1709790108747953
2018-02-16,0.34075364297612154,0.1502378457342246,2.5288668209690446
2018-02-20,0.9001475190742347,1.5889270174607617,-1.2564444474347791
2018-02-21,-0.33585001008731297,-0.19721463621955593,-0.5763587486984356
2018-02-22,2.3732667319276146,-0.9920922065245641,0.1155281970528943
2018-02-23,0.9527429860930248,0.3980025403735432,-0.6952571390807627
2018-02-26,-0.19862455668917534,-1.1485658959679235,0.8106712214781098
2018-02-27,-1.2321789994719445,-0.3018153292687842,0.11527144340419682
2018-02-28,-1.860210489055092,-0.45443788203769486,-0.2306855258015439
2018-03-01,0.08074257276460273,-2.4591331130371152,-1.044697123692373
2018-03-02,-1.2462325076896263,-0.8856513461087623,-0.8201597790924442
2018-03-05,2.306888148145436,2.1740009606112665,2.3256874544303585
2018-03-06,-0.9756887181209706,2.976260522572627,0.229616574486613
2018-03-07,-1.7241649109716484,0.4957937597913187,-0.229616574486613
2018-03-08,-1.2457717755038011,0.6900007044957412,4.714675702719395
2018-03-09,2.918180902251688,0.3921694635199202,-0.10970705757866739
2018-03-12,-1.4917918333043012,0.973684731643587,-2.2198388171442485
2018-03-13,-1.527643850985605,0.3868662597400707,-1.2422549188934262
2018-03-14,0.31737349469151965,-2.5416969299309145,-1.1428749091030532
2018-03-15,-0.012118609605860087,-0.29747590602333673,0.45871664149226277
2018-03-16,1.9786136874306415,1.3806919159496722,2.8202650236202498
2018-03-19,-0.2045720577238619,-2.479050531600002,-1.5695162778410765
2018-03-20,2.0776526302796583,3.937531451604581,-0.5665904781683828
2018-03-21,2.7865289383178116,2.4786799513054625,0.2270102425656173
2018-03-22,-1.263873127924331,-1.3270327873498466,-1.3698851516686705
2018-03-23,2.5658491657113203,0.6657144230245216,1.0291857121492498
2018-03-26,-1.1036854749055358,-0.09485236800204078,0.2272587352855293
2018-03-27,-0.15624442502391034,2.1586870916766365,1.576614659265152
2018-03-28,-0.729284362284055,-1.4967496387308543,2.428353767693192
2018-04-03,-0.7529664836731342,1.0314475371752785,-1.6492801663806844
2018-04-04,0.17199122435478387,-0.18675673277934735,-1.3392970664776183
2018-04-05,-0.07495354276052524,3.399510617523216,0.5602234651651106
2018-04-06,-2.192674851152443,0.45064824647420565,0
2018-04-09,1.6381262951629338,-0.18003283396978986,0.7790736013125077
2018-04-10,3.376833779875188,3.191786964958254,6.127665007354599
2018-04-11,1.55746677757449,-0.26212699430141484,-1.5764937329451723
2018-04-12,0.6326680313955002,2.1636797729439827,0.3172862522910158
2018-04-13,0.12084598679216185,1.6135761580333252,4.238377294975981
2018-04-16,-1.785171916181838,0.755353223284061,0
2018-04-17,0.5434042792768601,0.3339061688198086,0.5047863226078864
2018-04-18,2.744144072631549,2.8749698382002364,1.3006588886697923
2018-04-19,-0.43708336837511297,1.765676563584595,-1.8054452112776787
2018-04-20,0.7662681104535274,-0.5584564749980814,-2.874950980921964
2018-04-23,-0.16158410692037606,1.0346221118529897,4.281997382188729
2018-04-24,0.31139117718561593,3.2713338829728045,-0.040558838536153274
2018-04-25,1.5171062890490639,-1.233649025359096,1.1094256419872384
2018-04-26,0.07962123306421987,2.6035113299928803,-1.51593805168857
2018-04-27,0.5554842739110555,0.377232182775078,2.016202924584798
2018-04-30,0.6147770041100564,-0.5284687864990367,-0.19980409302422508
2018-05-02,-0.005725609753959304,1.6516508497741,0
2018-05-03,0.407390313497924,-1.4248148255921578,0
2018-05-04,1.9904659012114578,0.07548069213152431,1.7840015673905807
2018-05-07,1.7678689571743789,8.323073010344206,0
2018-05-08,-2.4233551627725447,-1.8927986411889641,0
2018-05-09,3.0586208739912912,3.341523961456261,-0.39370882039380106
2018-05-11,-1.7720417893754004,1.0989111905604254,-0.19743721490761423
2018-05-14,0.2388292344528864,-0.0683667393841958,0
2018-05-15,1.3631993234151096,2.4976271528268867,0.39447731911534945
2018-05-16,1.0077609153379186,1.5873204028335586,2.718618417812113
2018-05-18,-0.19547396394337113,4.741458190600589,1.7094295023813988
2018-05-22,0.17513546043339545,-3.1788881906775757,0.7504869857126284
2018-05-23,0.5696635755139567,-1.5625699999230136,0
2018-05-24,-1.9514836781675982,-2.457789285926726,-0.18708670688307727
2018-05-25,-3.575043646734777,-2.0380839920920657,0
2018-05-29,0.11042779649770296,1.3633579113171201,0.5602209690974469
2018-05-30,1.3317973872410072,1.5451949638681128,5.436121083341927
2018-05-31,-2.5299737240256803,-0.33388366155691074,6.155788113744309
2018-06-01,-1.5600366443728753,0.9320596383749269,-0.6655658155725774
2018-06-04,-2.4973714071996334,-0.46493941471519307,0.6655658155725774
2018-06-05,1.657803826899329,-2.562496975545514,-1.1676617204632755
2018-06-06,-1.6930099840168467,0.5449370964522693,0.6689048179167045
2018-06-07,1.0141356963684345,0.8792910938907994,2.143521979466634
2018-06-08,0.48214487306212916,-0.13475375086029473,1.1354627255483862
2018-06-11,0.1190315513706075,1.9366090041355477,2.0750884607059206
2018-06-12,-0.1709522634258498,-0.7968230301756307,0.9434084493177508
2018-06-13,0.5143738767069195,0.5319112588344055,-2.857340031772093
2018-06-14,0.5974472771716144,0.9897880076911392,-2.9413846807200272
2018-06-15,-1.6772774571180094,-2.9992392001783053,-1.5037822809189194
2018-06-18,1.2506567228459886,0.942775203285251,-0.5063329613042455
2018-06-19,0.01650845063485562,-0.47026749273211266,1.511358339676594
2018-06-20,0.6734124395290308,0.8715998986047246,-1.511358339676594
2018-06-21,-0.4846373352139999,-1.9548957137906164,-2.5708428192624755
2018-06-22,4.090940640244867,4.0031979559175035,-0.8718475701942285
2018-06-25,1.233067835190127,-1.9148699176319894,-1.5887230316424361
2018-06-26,7.589547775577188,1.1269500097537133,0
2018-06-27,3.408359667690064,4.0057082369767905,-0.5352479232290985
2018-06-28,-5.014863627472987,-3.0870419158601337,-2.7200153284284045
2018-06-29,0.6718159066050333,-1.7793115233568635,1.2785507902430382
2018-07-02,-0.2666908622267705,-0.19964187433041403,1.2624100198589172
2018-07-03,-0.19808681035549114,0.9283777186930742,-0.35906636412827986
2018-07-05,-2.1839797381489667,0.5922797509573918,1.4286084749969064
2018-07-06,0.8826720698198898,-1.7207527273284562,-2.3319521307275437
2018-07-09,-0.5696813682531499,3.2186583024135906,1.0830416758976558
2018-07-10,0.8133707661412082,2.615782395283972,-0.35970477302478265
2018-07-11,-4.89212301099462,0.2515744228430705,-1.4519291353254804
2018-07-12,0.3714899779377667,-0.7566128862640298,0.18263698647444926
2018-07-13,1.599489157446321,-5.730734640149215,-2.0277128263713085
2018-07-16,-4.737511518437643,-3.2700436522371312,5.259595148140983
2018-07-17,-0.07880038235814624,-0.5555518594262843,4.660036510010457
2018-07-18,2.076292380235145,-1.261404397317989,0.16849525801587717
2018-07-19,1.900192763601627,0.7027489089109551,-1.5267555951246958
2018-07-20,0.7169332758081737,-1.3394732882631821,3.0305378760436152
2018-07-23,-4.2696172202999705,0.35423616342900033,2.780227802468449
2018-07-24,4.300441215430251,-0.6385217577285829,-0.48504145107255425
2018-07-25,0.5184197471601593,0.7798751393553793,1.7671151337990132
2018-07-26,0.39087449267967145,0.4228273016666506,3.1350487603842403
2018-07-27,-3.5011909929736795,2.0877556020827193,-0.46403416250928586
2018-07-30,3.0414819547440075,-1.736761683058674,-2.3530562435468916
2018-07-31,-2.2504276033790127,2.149136535691021,-0.31795835432806285
2018-08-01,-1.1730172421278162,-1.7694732503039212,2.515852560187959
2018-08-02,0.9800573675568636,-1.8479670174376572,0.6191962001962814
2018-08-03,-0.47243453112333356,0.42951118472434047,-3.6139030532955196
2018-08-06,1.0571229959633222,0.7117523982099527,2.9947068530992382
2018-08-07,-0.6172203325085945,4.099204473402018,-1.5649750597011902
2018-08-08,-2.879202800401348,-1.508949753141664,-0.7917654386169204
2018-08-09,-0.05270000391339735,-1.2517350919789116,0
2018-08-10,2.2607465533663884,-0.9138909820823216,-1.7642873750770782
2018-08-13,-0.10698815095464553,0,-1.3029550060595696
2018-08-14,-0.3594345878633831,-0.9936132715854029,0.1638033439548714
2018-08-15,-1.9902892786398674,-2.017373431054814,-1.8167314124295508
2018-08-16,0.7836901215984682,-0.8771781181819094,0.16653112420357274
2018-08-17,1.2509383661142515,0.07336662094994395,1.4863969442711067
2018-08-20,0.5296039850624545,0.6581516856680736,-0.49301260569105665
2018-08-21,0.8505513380061558,2.020265469795035,-0.8271368844976479
2018-08-22,-0.45242096628888007,0.7117523982099527,0.49709724545881073
2018-08-23,1.8521403003897596,-0.2841066513110668,0.49465188216011313
2018-08-24,1.2283608799294576,2.180881006902702,-1.4913366189309052
2018-08-27,0.03580706215018381,1.450805960732371,0.16680891302600642
2018-08-28,-2.4615032320778774,1.2947554285898555,0.16653112420357274
2018-08-29,2.315686652465665,0.13531184275503705,0.16624745408240216
2018-08-30,0.258114310196067,1.543142786984486,-1.0016833962026794
2018-08-31,-0.28747017418710996,-1.1382933572712695,-1.0117978716086995
2018-09-04,0.7609704039715837,1.1382933572712695,1.5138937764993976
2018-09-05,-1.4818763642459487,-4.2154423435576405,-1.6835253879666112
2018-09-06,-1.4546756025225704,-1.187567156061231,-1.1955824353516942
2018-09-07,0.029411226321851558,-0.7760533352044519,0.3430530516736141
2018-09-10,-0.6208560433077714,2.4485271804302933,1.36057032442225
2018-09-11,2.2697923628649086,1.7808795898081264,-0.6779677570523113
2018-09-12,0.9734184992200134,3.3381022188782694,-0.34072933814250916
2018-09-13,-3.471743705124286,-0.19716050711009458,-0.3418732292274296
2018-09-14,0.49655559886208067,0.5249291415996282,0.512379529399487
2018-09-17,-0.6708651960144252,0.19612927739114383,-0.8554325810731012
2018-09-18,1.0794523975793169,0.06531430843335073,-1.5584745757679208
2018-09-19,1.97025012541312,0.19560026099707528,0.6956611622448872
2018-09-20,-0.8730848191180307,-0.916230128027351,0.6908410302887358
2018-09-21,0.03133464661928542,3.3616636950423384,-1.7361596095546883
2018-09-24,3.1509557330594795,1.951588091722023,-1.7668208730185597
2018-09-25,0.21834220737160237,5.459235228386294,4.01800591748116
2018-09-26,-1.539515154789317,-0.88940878837942,0.8525293836780801
2018-09-27,-0.2720197988544726,1.125239297649916,1.1814294830759131
2018-09-28,2.104701856361668,1.6934836011921028,1.0016833962026794
2018-10-01,2.5053738079560794,-0.05791412896050119,2.946206126729045
2018-10-02,0.1892155889623659,-0.23202355955342924,0.8032193898151796
2018-10-03,1.6461346252191866,0.1160480542434783,-0.6420625115636014
2018-10-04,-1.9881984357626337,-1.9918520147501617,-3.6069504962926047
2018-10-05,0.23921684484973227,-2.3347623745658908,-0.5020959048906981
2018-10-08,0.20437883598907192,-1.1574749568405096,-2.205334772545209
2018-10-09,1.1103957282388777,2.0019130066222246,-1.381712648927813
2018-10-10,-3.428971248431978,-3.9821767192747437,3.082431603001501
2018-10-11,-3.0884053115896037,-4.08217542912146,-5.191477183966908
2018-10-12,0.21789008148811462,0.9072969723276536,-1.431149498962192
2018-10-15,0.4584409078038476,-1.429493694534134,-2.370211734564709
2018-10-16,-0.35093295171177985,-0.4591862812057812,8.146097936581276
2018-10-17,-2.6549786985860635,-1.0575164486030353,4.000521303282856
2018-10-18,-0.9075626547521587,-1.9456958608253139,0.48900123958315334
2018-10-19,0.9903950303974618,4.049670973747599,-1.970504523018679
2018-10-22,0.09970585741490012,-5.964927481620386,-1.1676617204632755
2018-10-23,-3.5429219762855624,-3.5140839169225835,-7.307588652115449
2018-10-24,0.689172148114725,2.1932534802746595,0
2018-10-25,0.8258241525227916,1.320830436647924,4.413783948428618
2018-10-26,1.38888661306229,-4.520536044968804,-0.3460206282638101
2018-10-29,-1.2094818451997114,-2.7098245762722684,-0.5212898637261709
2018-10-30,-0.8326442376434429,-0.5209897122574247,-0.8748986275637805
2018-10-31,-0.7494224862717225,3.663412456648718,0.8748986275637805
2018-11-01,-3.600823346231241,-2.7351480220707103,1.7271563289228187
2018-11-02,-1.0845418764304782,-0.29895000783293213,4.191726380297611
2018-11-05,0.5134691919765899,-1.356476315313948,0.9803987299383365
2018-11-06,-1.8231194149405106,0.15164817203032754,-1.3093459627816273
2018-11-07,-1.3991941049678935,2.469244126706993,2.601769392920694
2018-11-08,-1.3137618697141917,-3.382490641814151,-0.32154327243771874
2018-11-09,0.18087674876641202,-4.4556220441760885,0.16089758067741045
2018-11-12,0.10901472189432937,2.2916917172092433,0.48116493088619094
2018-11-13,-7.083012644822606,-2.7724450350808283,-2.265472682400649
2018-11-14,1.083635954329587,0.08027205296192719,-0.8216996115229414
2018-11-16,-0.1979420958593714,0.47921732801627925,2.322301476607791
2018-11-19,0.8574790649129582,-3.4038822547350023,-1.009371129317671
2018-11-20,-6.108008010106314,-6.822777870326391,0.1448194557707616
2018-11-21,2.15782653072365,4.824358423874209,-0.1448194557707616
2018-11-26,-5.170558123214519,-2.469246219720489,-0.1450175953078947
2018-11-27,0.0520392782184409,1.7094324978037534,4.678365673246088
2018-11-28,-2.323275522191892,0,-0.694926062513801
2018-11-29,2.088869636652113,4.231235811558154,1.5225102901554877
2018-11-30,-0.9996365209347324,-1.0616921298900017,1.4996882041325321
2018-12-03,3.9573966030212127,7.052457180119198,-0.27100809588453956
2018-12-04,-0.678177814013825,-1.6197958321773953,0.945326905412891
2018-12-05,-0.5874249815023269,-1.7255212586544388,0.40240627316761035
2018-12-06,-1.5180978687721947,-6.369504091842604,-6.641424095381865
2018-12-07,2.1029200158877437,6.290354632992656,1.2793188553790635
2018-12-10,-3.8165259993333756,-4.701020766936992,-1.7094293693675766
2018-12-11,1.6902127709867543,1.8907290531660514,6.399944004811964
2018-12-12,-0.6640901024581147,0.40633956819933204,0.4035107568296503
2018-12-13,3.0882403681832926,-2.879684384223413,-0.9440519252639668
2018-12-14,-2.14966340884315,-1.513897782310547,-0.13560140558777078
2018-12-17,-2.766626658249649,-3.1857925503143925,-2.7511903984034802
2018-12-18,-6.979132809882138,-3.381126079693697,-0.559441265277627
2018-12-19,4.21090396812227,0.541504680761129,-0.2809044430330587
2018-12-20,-5.769522448450726,-1.2681106947741938,-2.1322653240757106
2018-12-21,0.2146854220071326,-0.6401402081317897,2.5533209017705616
2018-12-27,-1.408018029286584,-2.6023804774061077,-1.8375138491427023
2018-12-28,0.8608597994421707,2.6023804774061077,5.143595783749788
2019-01-02,2.4023098749192506,2.177928403660534,-0.81632442099
2019-01-03,1.744640853707491,2.131538895675078,-4.184711089215654
2019-01-04,0.8207470724430621,7.366871780331774,7.278433239261961
2019-01-07,0.053770057285973394,0,3.6415003842452442
2019-01-08,2.447438093241061,2.419441195589478,0.7633562390339854
2019-01-09,4.914765030379442,1.7377781725539165,1.2594659621258941
2019-01-10,-0.43552153222288226,-0.3923218385843974,-0.37618834630075426
2019-01-11,-1.7819654335426094,0.2355839877391297,0.37618834630075426
2019-01-14,-1.350402417266583,0.7034092194308172,0.12507545995825708
2019-01-15,3.0345569414425455,2.53761484067363,-2.6600619612066723
2019-01-16,0.5823771867969008,-0.075942921298644,0.12828457660454262
2019-01-17,-0.3140435652806417,4.676180167253641,1.1472359625179784
2019-01-18,2.9331607455730158,3.701498768077194,-0.7633562390339854
2019-01-22,-1.0590913725939899,-3.556563486052955,-1.5444407115339231
2019-01-23,-0.467222527961475,-0.4354375595175597,-0.25974539437507715
2019-01-24,0.8860189258509621,0.5077881652948868,-1.4407376539450567
2019-01-25,0.8234375448541442,0.7928392531276529,5.392821420972194
2019-01-28,-3.6535323632421957,-4.327791374362366,4.5212357382315105
2019-01-29,2.112423467043545,3.5349521212347135,0.35777433874715214
2019-01-30,1.9097890710209953,-0.362421917845257,-3.1441334353763395
2019-01-31,-1.4701248438242054,1.941788422231916,3.1441334353763395
2019-02-01,2.868946537639605,-1.4347264357724043,-0.11911594452955754
2019-02-04,-0.7275686200713949,2.002921328160223,0.11911594452955754
2019-02-05,-1.6882867068694019,2.724571761903505,1.183449092464528
2019-02-06,0.8591679125559359,-2.5830026366578274,0
2019-02-07,-1.5883919340333286,0.14132221870166717,-0.9456420184656977
2019-02-08,0.5750981853551274,-4.035115355777652,-1.9185117969414023
2019-02-11,0.22655188261531123,0.6746348340453068,2.155774105422825
2019-02-12,1.2148677630537286,5.418467743623623,1.2948980812512723
2019-02-13,0.8810616584822739,0.7705848607809429,0.5830888554263502
2019-02-14,1.3377318310094921,0.9030994699917194,-1.052022249917428
2019-02-15,2.3235900169552792,1.100433005026602,-0.35315120823122825
2019-02-19,0.43062680839929257,0.13667763477096528,-0.9478828610092194
2019-02-20,0.8271789839523258,0.27286713283913855,0.1189839694321293
2019-02-21,0.4669888642296449,1.1513577137845843,0.47449610431531397
2019-02-22,0.1923257582752136,0.5372967705766563,0
2019-02-25,-3.297272517825345,-1.212952231542186,1.1764873899840822
2019-02-26,0.199163355175358,0.9446690813209813,-0.46893339449107785
2019-02-27,1.868505728763381,-1.2162306430715475,-0.23530837860255005
2019-02-28,0.394412504412589,-1.4378863437572775,-2.1429315506943603
2019-03-01,-2.2777176749542605,0.48159336489730364,0
2019-03-04,2.275086991941677,3.174837131193442,-0.2409587152395254
2019-03-05,0.3807988730098799,-0.19963977123511611,1.1990486307664305
2019-03-06,-0.35553379960830966,0.6640252559313886,0
2019-03-07,0.7911887171974108,-0.13246659270347294,-1.5615887784130145
2019-03-08,-0.15352453364263496,-3.3010756782074324,-0.24242900772399878
2019-03-11,0.5646374975616375,1.292991486716577,-0.9756162272677393
2019-03-12,-0.4428427920026401,0.2700770645923001,0.4889978926938987
2019-03-13,2.025528580166469,0.8728011281520232,1.9324149962087311
2019-03-14,0.525578765722301,0.1335821098708223,3.410102017681904
2019-03-15,-0.5350283540968448,-0.2673777889062201,0
2019-03-18,0.45859803373700103,0,0.1155376474265779
2019-03-19,-0.0020594644434268616,1.6595439508672705,1.1481121028963592
2019-03-20,1.8884280256417973,0.5907079015848637,-0.8022885164583826
2019-03-21,-1.2871999457189531,1.4940080896931107,-0.5770325251947206
2019-03-22,-0.8642829949123687,-1.6249658046185722,-0.11580524476721976
2019-03-25,-0.3026352384972064,-2.454524860999463,-4.503129209029311
2019-03-26,2.058501615593755,2.25772338458583,0.72463493642001
2019-03-27,0.032500883172925654,-0.7910243906276371,1.788946895348964
2019-03-28,0.6562336673131774,-0.5974170197971418,4.619772129301314
2019-03-29,0.5399966109483678,2.1732746592062036,0.11280071004033942
2019-04-01,2.073419565301915,1.743687201028088,-1.9351815571694964
2019-04-02,1.903313306597365,-0.4491386685044674,2.2728314566009544
2019-04-03,-0.7317253280097802,-0.8395541400163964,0.8948593684301898
2019-04-04,-0.23782690038824938,-1.437000043829162,0.2779990283032774
2019-04-05,1.7538136969180051,1.1772616380861578,1.706632481462922
2019-04-08,1.5603933339955134,2.9470116138498703,-0.10923650895469095
2019-04-09,-0.8926728242208526,-1.1109462454766295,-0.3284093463250315
2019-04-10,0.5607209289545168,0.22319374445203266,1.7930401458298384
2019-04-11,-1.4530790035803598,-1.7022755876370255,-1.464630799504807
2019-04-12,0.028593637169649355,-0.6173983285711948,0.05464211965477972
2019-04-15,-0.607265210922936,-0.16312982935691167,3.065579236102245
2019-04-16,0.8253709156453404,-0.42528635226499745,-1.6017515151550477
2019-04-17,-0.48167947879491635,0,0
2019-04-23,4.413153907402023,4.1425100233199785,-0.3774568683120094
2019-04-24,0.13214749644960833,-2.4197607636991414,-0.9226770198774048
2019-04-25,0.24641842264250258,-0.9389669038306181,0.5437811285198713
2019-04-26,-3.092905824482539,-6.345460662604729,-5.8052029067750865
2019-04-29,0.24307860737220466,-1.3961997970618256,-4.827296892760646
2019-04-30,-0.128754487653282,0,-1.3357825298561998
2019-05-02,-2.4636924499390034,-5.751000453707267,-2.3147776092899974
2019-05-03,1.2218521157487672,0.7048857384903684,-1.2738942983535395
2019-05-06,0.24652000629048487,-1.941078619121761,-0.7076391127667669
2019-05-07,-1.6209136725183093,-3.7247757671259762,1.0276321216867501
2019-05-08,1.7084767434000447,1.5506763852534355,1.2067422490229518
2019-05-09,-1.0306103781749343,-0.9852495243881876,-1.526735257942935
2019-05-10,-0.0886158266768966,1.4547245736896919,-1.0309427755538891
2019-05-13,-1.2888461632511117,2.009337426546587,-0.5846064208113511
2019-05-14,1.3925194299311272,1.1033052324497916,3.142284454308175
2019-05-15,0.7370078354231424,-0.7977212710666315,3.474294644879272
2019-05-16,0.7603746912662857,2.783181357550024,1.3927074115142268
2019-05-20,1.099041657684019,0.25928725602355485,5.04207856200285
2019-05-21,-0.17109199096809746,0.33243439635102234,1.08049109052617
2019-05-22,-2.9840102986514516,0.14736844673022276,-0.6241179046169165
2019-05-23,-6.103585125618771,-7.648975082489873,-3.7696539794444206
2019-05-24,0.8783192008470664,0.31745763313359987,4.450304712543929
2019-05-28,0.4201299253527857,-0.2777520561250135,-0.9085769806740807
2019-05-29,0.7835347654407521,-5.4287613138463975,-3.0700355909527133
2019-05-31,-9.298980645800103,-0.8424841353275703,-0.17662630697161674
2019-06-03,-0.8936878277217453,-0.1269789151363554,2.1568839928322703
2019-06-04,0.025855605208313648,-0.594731360696521,0.28793853730473273
2019-06-05,-3.914582177480863,1.1859357896442546,1.5407035516751044
2019-06-06,2.231182078412175,-2.170746834884163,-2.581164948539172
2019-06-07,2.369222139843874,1.748855120132653,1.2702204872881317
2019-06-11,-1.8980193018784064,-0.04233379905986823,3.827149322639123
2019-06-12,-4.059212556083036,-5.298659095916758,-0.4427259728880806
2019-06-13,2.6130846461729362,0.7111188309588456,1.212800023706695
2019-06-14,0.3932345701407769,0.17696124339909858,-2.2161609090901813
2019-06-17,-0.5253951927815415,-0.04421662277422911,-1.1267652361756753
2019-06-18,3.9025145452124654,2.446616367085497,1.6854223433822924
2019-06-19,-0.3810353784812648,0.1293997282840742,0.5001394898657807
2019-06-20,3.6216303829277763,5.2886818924671175,-0.8908706125629884
2019-06-21,0.9316148117842538,0.9764438211680826,-1.5783729151960912
2019-06-24,-0.25148532817400593,-0.9355812488577975,-2.4735261596481983
2019-06-25,0.09860409129052172,-1.1094997137334417,1.0428820066301192
2019-06-26,2.739379609560988,2.166439006563259,-0.8101918679509268
2019-06-27,0.06034895299231735,-0.1618814947132563,0.5215885731694847
2019-06-28,-1.6592631768610921,-0.935920370426846,-1.4556250552963057
2019-07-01,1.3920022709409174,5.720411566208128,2.1468713164651376
2019-07-02,-4.779227422810184,-1.5957187340315038,2.1017477991464695
2019-07-03,1.8202316871997581,-1.9010299295387334,1.3954969152432994
2019-07-08,1.4552763824424275,4.457331155342459,-0.11091115943111518
2019-07-09,0.6188474429184687,-2.3994863199193084,0.442971101915024
2019-07-10,4.411376037480519,2.6668334164357432,1.5895023757657611
2019-07-11,-1.7876057826277325,1.0244790559639227,0.16299025631791864
2019-07-12,0.2639532062747918,1.906944696417856,0.5954032863400904
2019-07-15,-1.28326059790842,-1.8314471371315477,2.135704658851445
2019-07-16,-3.0791513906945234,-2.3279062035388876,-0.8488162666373533
2019-07-17,-1.279863296658501,-2.2648532655988873,-2.317550600213192
2019-07-18,-2.3276747357749095,-2.7629369995781694,0.8686315473355855
2019-07-19,0.21450501463977645,1.4910614897719832,-1.9651178422909865
2019-07-22,1.0489581698640116,2.33258718827436,0.16523467666962333
2019-07-23,2.19155102456714,1.5125034954428074,-0.9400144963741752
2019-07-24,-1.3835429285909306,0.03850186039722203,0.5540324042352829
2019-07-25,-0.1202181544216252,-1.5900991468640768,0.605888932746268
2019-07-26,0.9651461496765101,-0.1565081285817449,-0.44028940409264194
2019-07-29,1.629089809424844,-1.2608301866894323,-0.22086932115463753
2019-07-30,2.202299297050203,-2.245503425445161,0.49627840234869325
2019-07-31,1.2876130447091683,2.166152792544107,0.6032308189648283
2019-08-01,-7.347184096038806,0.13891869015107972,1.626932313504259
2019-08-02,4.090749834182272,-3.113743819165382,4.316469280387647
2019-08-05,-1.949717953825214,-4.816590661173947,-0.620156351526191
2019-08-06,-2.1234359939596104,-0.30614504514252516,1.696252631240469
2019-08-07,-4.416530558495957,-2.7532745708191975,1.1150772790841756
2019-08-08,3.1147988400499926,2.270300483824883,1.4014120519002304
2019-08-09,2.746539095145817,1.1378522405028235,1.0875087735065847
2019-08-12,1.4931542785619811,-0.2614412374435382,-0.2954208834867522
2019-08-13,3.5210850626825163,3.262106125734565,-1.8915372909267703
2019-08-14,-3.1080737104171696,-4.182537739032988,-3.841714169091226
2019-08-15,-0.7356834170575866,-2.451641278237915,0.1565436727762659
2019-08-16,0.7588695997341688,1.1664506562871324,0.5718779349970227
2019-08-19,2.300940715861799,5.08694277015973,6.570412705302964
2019-08-20,0.11583090282911712,-0.723265797344741,-0.9756112510507897
2019-08-21,-1.5768072862107907,1.7354965205551132,-0.09808190624802648
2019-08-22,-0.259490964607334,-1.6074920250665592,0.782014196172387
2019-08-23,-1.9188857090520095,-2.4607302319249236,-0.29254012489747794
2019-08-26,-1.1825745129608656,-1.1428650340558733,-1.8728992030900393
2019-08-27,2.82793215058037,0.088383038011574655,2.747964636436606
2019-08-28,1.7698803136076968,1.5775932843348883,-1.462725660772879
2019-08-29,1.9724587929303539,2.4056252569435443,0.2942617937706338
2019-08-30,-2.5236873617367372,2.597551651079666,3.559778278368242
2019-09-03,-1.4179209460531972,-3.8361083441809996,1.9654407532258666
2019-09-04,3.1068530793922022,3.0888978896335573,1.0142899798055716
2019-09-05,-0.6757308352898228,4.6803983909076585,-0.2756010869160441
2019-09-06,0.3907635080006244,-2.8636737406906754,0.5504595193566608
2019-09-09,1.8740568205441122,2.505184711077124,-0.8268297359969701
2019-09-10,-0.48104696130542024,1.8581241415257743,-4.722320568223282
2019-09-11,-3.0738788431584396,0.46894950958815684,2.3890369072418594
2019-09-12,-0.7975570357683814,-3.128362960755293,0.3770054105728171
2019-09-13,-1.2021272607651845,0.9607775612498592,-0.4714811790664797
2019-09-17,-6.565269340819224,-6.470862106638986,1.41846197843849
2019-09-18,-1.8746130884541579,1.8483610616903512,5.924282010483317
2019-09-19,-0.12636218420469802,1.552153603419626,0.6175528091305615
2019-09-20,0.3928286862316277,-0.5650864898039565,4.471945014257006
2019-09-23,2.0303695755681694,-2.022572904537512,2.0808075657988923
2019-09-24,-3.200820656520076,-1.4757760425762712,-0.6611632165209436
2019-09-25,-1.20206041765476,-3.5035423933914345,0
2019-09-26,0.07706441631887273,-0.8136772529400815,-2.264238499810567
2019-09-27,-0.5699024121640583,0.08169094016095002,-5.67095370826145
2019-09-30,-3.16389189299775,-0.655228092141158,4.819151505404395
2019-10-01,-0.478491299265027,0.0821606212426218,-1.2914431024118045
2019-10-02,-1.529219399965509,-1.8227874233743613,-0.87032891139458
2019-10-03,-0.4970486251696826,-3.0131580510021294,-1.8527196904408072
2019-10-04,0.31182537574308,2.5522536598416856,2.1146068653303374
2019-10-07,0.19292314473542405,3.1827345577993604,1.127024871093596
2019-10-08,-0.10185251670504769,-2.387911477490512,-0.34542544343851844
2019-10-09,0.10341766269350572,0.8298937047142019,-1.5693417556239098
2019-10-10,1.3323996724180276,1.4766337590497614,-0.08792149398164639
2019-10-11,1.9202196895499846,1.8956060952917575,1.049884416339797
2019-10-14,-2.001440196703985,-2.795425446072386,0
2019-10-15,-1.0212327247852038,2.9551046879357834,-0.6986967889751838
2019-10-16,1.7883284964960389,-1.44642706162168,0.08760631000788166
2019-10-17,0.5331130817364027,-0.04044419857756054,0.9586166953862829
2019-10-18,-0.2710301923086966,-0.7722105290551617,-5.618963138913635
2019-10-21,-1.6873556680063295,0.8935957805984884,-0.7366483544932301
2019-10-22,2.306996707862119,-0.8527970963004172,-4.055245195551382
2019-10-23,3.076456280935247,2.0985249857542243,0.9578633122956148
2019-10-24,-0.0708340004833552,2.7183310013858097,-0.8616607130774057
2019-10-25,1.4052777584337761,0.1941426988896211,0.096110138759542
2019-10-28,-1.2254794206170594,1.5014608580576017,1.2410595832808902
2019-10-29,0.08677112904562634,0.9885971969276319,-2.3033702629341235
2019-10-30,-1.2409414145769126,0.18899619548262692,0.6773146490677284
2019-10-31,-1.9254467132055808,-2.398583834024226,-1.5549321687473139
2019-11-01,2.941709208109078,1.9887874855847976,0.2933984336556783
2019-11-04,0.37577299767628247,2.176894301866028,1.5504196269175985
2019-11-05,1.551719150380304,0.5275175666566767,0.5752568966212124
2019-11-06,-1.6634703226159786,-0.5275175666566767,0.5719743079776407
2019-11-07,0.922993093150204,1.6114063975850357,3.0886917657301005
2019-11-08,0.7579163370420083,-1.347304424395901,-0.5545219993081218
2019-11-12,-0.5370004357097891,1.718389569630574,-0.09272378083817756
2019-11-13,1.0364344914963297,-0.557108593381539,-0.09280983763479966
2019-11-14,-0.654021586446607,1.0005642524355984,0.4631752437853187
2019-11-15,0.5184943641664219,-0.5175809158237676,4.074801379168491
2019-11-18,-0.9923512506139431,-0.893501439447153,-2.4248957530835114
2019-11-19,-3.5343282238678775,-0.7130975393208949,-0.7299344009979336
2019-11-20,3.9473547138804577,-1.327027922145696,-0.7352941741501695
2019-11-21,2.1470892953693976,-0.26754329386227127,1.0096498797469877
2019-11-22,-0.8092690301324978,1.4060931968209012,-0.5494513205688278
2019-11-25,0.6260612638333996,0.4142282785617901,1.1866804631547545
2019-11-26,0.5878557825039543,0.0750998768972444,-1.094907718776561
2019-11-27,-0.0729214852121629,-0.11268954678138599,-1.8519004024116548
2019-11-29,0.2709896037767834,-0.6411397092529469,2.4920581181594237
2019-12-02,-3.83789485024133,-3.660610227347405,-5.143728443580198
2019-12-03,0.1970234344720545,-3.677475726359436,-2.1339320149384555
2019-12-04,3.9945772665366697,2.731095240369985,-0.09808190624802648
2019-12-05,-0.29310174984162884,0.6319306330942354,-1.58262548479442
2019-12-06,0.9533305414978877,2.3347341556715584,-0.29955057502739635
2019-12-09,-0.18126925775838743,0.23050125323331727,0.3992043853688898
2019-12-10,0.9476833414081121,0.6883235402374233,-1.9105747434553955
2019-12-11,-1.1189073140994488,-0.34356481205506384,3.0986982596721724
2019-12-12,0.04546003623895345,1.743795322292474,-1.6373457531285496
2019-12-13,0.5142900265271422,2.119422189834097,3.9720876095572066
2019-12-16,0.06845977838123574,0.9155843418832355,0
2019-12-17,1.3297873037681818,1.806414909377363,5.881303975449281
2019-12-18,0.2106582838655946,0.25032250622292196,0
2019-12-19,0.020006993062615663,0.10707570339993921,0.1811568320937873
2019-12-20,-1.5721231175339412,0.604670385310424,8.080808317981703
2019-12-23,-0.005026526393248076,2.105338912603205,0.16681004749647954
2019-12-27,0.7844158327124262,0.13878554525152964,2.874949388380532
2019-12-30,-0.6042660276368572,-0.13878554525152964,0.48465308587983813
2020-01-02,-0.8865336137199087,0.3466033783044331,-0.5656596444672424
2020-01-03,3.265754216271066,1.3404445854895641,-0.32467745590230024
2020-01-06,0.1824545685283674,1.1541376684808036,-4.744961756156041
2020-01-07,-0.6473114247256717,-0.20270093409546774,-1.114450640730702
2020-01-08,-4.516236607910784,-0.13537373353278426,2.047857756948712
2020-01-09,0.05302667054900567,-1.4668332336430723,0.1687671151153758
2020-01-10,-0.6577458350014886,0.8213439370942766,0.1684964045855608
2020-01-13,-1.5540482180697701,-0.13641038983998044,0
2020-01-14,0.35588827332038164,-0.8569067256741114,1.171558001245021
2020-01-15,-1.1705907637315605,-1.0033001559561328,3.1124489389552146
2020-01-16,1.1331001439176092,1.278303590735952,3.4089756612710076
2020-01-17,0.4293832403971187,0.5477399764305169,1.008152257272954
2020-01-21,-0.10230801608512863,-0.7195274159251142,3.2640394347826174
2020-01-22,-2.116921883561229,-1.6294167063458431,-0.5241448868949838
2020-01-23,-2.165650558146215,-3.052068317896506,0.5241448868949838
2020-01-24,-2.390193108076133,0.8968794750598974,4.454914615287997
2020-01-27,-0.7859136635280706,-3.303994001048416,-1.8746063870214158
2020-01-28,1.0261074110053947,-0.4439661539175077,2.30227317159466
2020-01-29,-0.2324357158067336,-0.7443274077336248,6.471631932739097
2020-01-30,-1.1786569400011437,-0.7875368924876724,-0.20021086970105628
2020-01-31,-1.2320774225954345,-1.670492919954114,4.952164319830743
2020-02-03,-2.436278484618004,-0.4220534078762661,-0.1909105776958242
2020-02-04,-1.4082144604912195,1.5261823394041585,2.702032054811543
2020-02-05,2.0127225806299442,2.5052618128238002,4.307590840471676
2020-02-06,0.4323344728964784,-1.300886165993731,-1.7370825459297912
2020-02-07,-0.4963323873426795,-2.884436628117104,-1.3382148157267792
2020-02-10,-1.8144368586113124,-0.19272952731697046,0.12239230278021651
2020-02-11,1.0482332981102793,1.759143004689978,3.6039901418241094
2020-02-12,1.6109282895172328,1.50490861993271,0.35337596407769567
2020-02-13,0.9484356344138689,-2.410198763965976,1.6905013530324808
2020-02-14,1.2723397472823805,0.3119024183618535,0.5763574511195912
2020-02-18,0.9958533096133593,-1.9654768130688893,1.9915413007554505
2020-02-19,1.742219678216994,1.3407055782124644,1.8973823736664563
2020-02-20,1.228277393212629,0.46895106280988585,0.9901060397827344
2020-02-21,-0.4522785035804944,-3.774015382990825,-0.9348362472817229
2020-02-24,-3.527216748451245,-6.394519708562374,-4.059186466810516
2020-02-25,-3.0595324226802667,0.08626354861602792,0.4019400697798936
2020-02-26,-2.0738337690073827,0.4732589405268328,-1.0368746493655046
2020-02-27,-3.160297010987456,-6.333756548447944,-6.643167227850544
2020-02-28,-4.267938022991213,1.3624023657301976,-0.24783801771848246
2020-03-02,3.0940834621687507,1.2550504949409458,0.8032129900970908
2020-03-03,0.3974779208110846,3.2862007797159087,4.512038984354749
2020-03-04,-1.3825699735456887,0.17224030759139808,0.5865176837833275
2020-03-05,-1.8170511959133329,-4.173670494642856,-2.5467804642804737
2020-03-11,-3.37432745425561,-8.648757900403137,-6.096865241002991
2020-03-13,-0.6958720661149442,-1.8641376614421112,5.066441994860327
2020-03-17,-5.316335936866423,1.359468537092301,5.222903713223559
2020-03-25,-2.876999029451799,2.49077865800853,5.336756375222151
2020-03-27,-5.840261544727188,-5.317545377549049,-1.0050284257646425
2020-03-30,-9.573125042045127,1.178476929628669,0.23283501937561013
2020-04-01,-3.066319101200854,-3.530689010160426,0.2268368403602672
2020-04-06,-6.837935427344988,0.6424615131984446,5.8998321121405795
2020-04-08,6.918414894221225,3.1668759980371775,5.262572312523339
2020-04-16,-0.8792325840416559,-3.946668363831929,-1.935341535682511
2020-04-17,-8.81258784607768,7.952174129400724,3.11801908477225
2020-04-23,9.393220904897603,6.8653060690884615,4.863414382407871
2020-04-24,5.402053076107904,-0.9890064491964168,-4.994640772681347
2020-04-28,0.11991380214100289,3.896596547145581,-1.5297848331350394
2020-05-04,6.923435896294894,-3.0744423003230104,-1.5483333102858765
2020-05-06,-3.2201090816391442,-4.86054604180266,-0.4015957111022317
2020-05-07,-1.0664061047374496,1.1858947898625516,6.365781875365162
2020-05-08,4.046173513337781,4.220991033950128,4.852043123092731
2020-05-11,-2.9502558409839175,-1.7015309674960122,3.418131539025726
2020-05-12,6.73261417774027,0.40639690371433446,0.8653058692725146
2020-05-13,-2.717478478403823,-5.44698203255054,0.9148107808786499
2020-05-14,9.570956696533184,-5.405042511086666,-3.5335297923989373
2020-05-15,7.09912802254653,1.6969042414790358,1.5213884607227612
2020-05-18,6.669146780900359,6.513346977196477,2.523079267989292
2020-05-19,-0.08407958478695576,-1.9219979504319085,-5.589350771446444
2020-05-20,3.3974871616520907,3.3395990075948845,-2.11809306285744
2020-05-22,0.5729758818916686,-1.8647741520345207,6.511171979946173
2020-05-26,2.7765717043362947,1.600519510840126,-2.318929576308282
2020-05-27,-6.384463995942102,1.3434930093562336,-0.35253594590001214
2020-05-28,2.639184975805531,-3.9650282247083446,-5.0704833127853455
2020-05-29,3.7844135233385146,-5.906016803665626,1.718873271564192
2020-06-02,2.2677530392415157,6.177273867483102,0.12166753187026202
2020-06-03,1.0148473279177672,4.675275798664291,-0.97741105646154125
2020-06-04,-0.9434791600978265,-1.3594009552624797,1.824866360949251
2020-06-05,4.065421137453562,8.936228130696922,0.06026556164737684
2020-06-08,-3.76374613662529,1.9254693227321873,-2.3774234662197635
2020-06-09,2.796539888831173,-4.024512462329177,-4.221111425397783
2020-06-10,0.677957392685169,-1.2038433688961625,1.342290360374765
2020-06-11,-6.244441610691531,-4.1016831966930845,-2.702864703204444
2020-06-12,1.048316852556752,1.4236722769241261,1.1673482116496103
2020-06-15,3.1018951274379702,-2.5774343849457537,2.105328301960707
2020-06-16,1.2799714624241787,6.649455851417407,-0.25284095958939545
2020-06-17,-0.5605744744563879,-3.1713701704954467,-1.3380346582658298
2020-06-18,2.4142959185997626,-0.056036087284994096,1.906038109891206
2020-06-19,2.525262464825584,3.4984876135044196,-3.327245761454556
2020-06-22,2.9543271639608903,-0.10833400981899999,0.7777088987087843
2020-06-23,-2.0204316002672584,0.9977197577346608,-0.5177824681300791
2020-06-24,-5.45568510141079,-2.224735335885164,0.45321785680041415
2020-06-25,3.3999283026517446,0.6563057071526934,0.1936106800787485
2020-06-26,-0.3584619328448113,-1.8985641839521783,-0.8417178911890311
2020-06-29,2.433575379486985,0.22195857825373366,-1.2430599634960515
2020-06-30,-0.1497541040227368,-2.867748688646188,2.9194388854053344
2020-07-01,0.24722880345873222,5.1692458405733,-1.8716171830677197
2020-07-02,0.14585426610276286,-0.9525125167018977,6.311232360623009
2020-07-06,-1.1072317909952112,0.4910005505038839,-5.145417311579958
2020-07-07,0.7035152470653117,0.9478627348538105,1.723628445675729
2020-07-08,1.2498975832097692,-1.1385351493749418,-1.1457887103063946
2020-07-09,-4.3175963253412775,-2.4283728492994427,1.9024119502186743
2020-07-10,3.8062201624029512,0.4459305425768889,1.5581443532592942
2020-07-13,-2.1887382792382226,3.712230276214523,0
2020-07-14,0.6228048382732609,-2.3862668541212884,-0.8072029375189693
2020-07-15,0.8206289934965305,1.3086632653484642,0.49751629526326724
2020-07-16,-0.9796683650457716,-1.0619562835955776,0.3096866422557021
2020-07-17,-0.7344916295361159,0.845027262459741,0.800739311459786
2020-07-20,0.574860801689514,0.2440056171839622,-0.18421848107132988
2020-07-21,1.2280137836889082,4.474623225525676,4.035479367266337
2020-07-22,-0.49691841352084154,-2.225539411983224,-4.709970261237917
2020-07-23,-1.3794306669032252,-2.6017046789378995,-1.3153925818316203
2020-07-24,1.073400944888725,0,-4.184706220008216
2020-07-27,-0.9968868890174676,-2.003640951545016,1.7595829608061386
2020-07-28,-0.7777153314592944,0.3044981461060914,-0.5831082149220457
2020-07-29,0.17350503039441634,-0.7212476087109287,2.4391443037661276
2020-07-30,-2.7169534771929627,-4.760730936803181,-0.8277657042576436
2020-07-31,-0.16193480884885147,0.325126642738649,0.25543165817607516
2020-08-03,2.7140034873348817,2.0096746194047554,1.1414212164395643
2020-08-04,2.058310822048437,1.7436536440178507,-0.7594980443099253
2020-08-05,-0.2896901459646273,4.515346018935507,-1.53651299462636
2020-08-06,-0.711356125991891,-0.40705253088937354,-1.5605011686811388
2020-08-07,-1.7323720597161696,-2.1719253248397408,-0.32819401239079227
2020-08-10,2.200986551031381,0.7752089226435999,-0.1315861532050988
2020-08-11,-1.7489394466957187,1.6411441304311047,2.8554820838754935
2020-08-12,2.4612606795925807,0.4061438793963923,0.5741699397284528
2020-08-13,-1.626181970687135,-0.2705535940913606,3.438904991435443
2020-08-14,-0.08712463421147731,-1.473855100676058,1.524894333257354
2020-08-17,1.37088766332214,-0.24776399710670916,-0.12113557533774966
2020-08-18,-0.550641637800009,-0.7747538460762371,-1.588302718041401
2020-08-19,0.2437068520797503,-1.3141751991083694,2.733228136911059
2020-08-20,0.5991413425237901,-1.4457895773063,-0.9028105660951802
2020-08-21,-0.16711284771320223,-0.8603480516210738,-2.4480985971155
2020-08-24,-0.11768075866989136,1.798267991368352,4.305005193231626
2020-08-25,1.5122538081103976,0.028260827220272233,4.63851387653591
2020-08-26,0.22442964895237338,-1.5676605708112135,0.7900695422374149
2020-08-27,-1.3140317233841792,-1.0976582623787756,2.333441398577296
2020-08-28,-1.1890726481654568,-0.40742614885322936,-0.661168952082658
2020-08-31,-1.1703158546377601,1.3613764037314624,4.749956033352909
2020-09-01,-0.2063115104204094,-1.0701874584991167,-3.377430577720819
2020-09-02,0.751681084504785,-1.5531039141141179,-0.10910793013652054
2020-09-03,-1.6519113622599946,-2.8762047938141855,1.3015379858755338
2020-09-04,-4.010217395723448,0.12149823534164383,-7.726278908321671
2020-09-08,-5.99795133852723,-4.787969433004147,0.6960497922758435
2020-09-09,3.6603041188817187,2.2982296551655956,3.5210909367831
2020-09-10,-3.0299674203102533,0.031122066270672377,-1.5181593208404287
2020-09-11,0.32091661997224463,-2.5525092730571686,1.0707248330633412
2020-09-14,-0.5432919724395191,-0.4799302994170418,0.6147098728847666
2020-09-15,2.700712786733561,2.470806841274964,1.9310889020219157
2020-09-16,4.655211144282134,0.343596712499572,3.0142303031529316
2020-09-17,3.2181889108738204,1.0237337059010088,-0.10610659833352187
2020-09-18,0.21835994127474834,-0.7434899505677883,0.37086879761858427
2020-09-21,-2.9631961542635032,-4.353358399522289,-5.3215702261232956
2020-09-22,1.7659433737350128,1.7067221268743715,7.570023171431917
2020-09-23,1.7137851635660617,-1.5769031716341253,1.2333158645444264
2020-09-24,1.8605067860105962,-2.862473973133195,-1.0783211362610956
2020-09-25,0.3492814092656005,-1.4117887905441329,1.4351902236272807
2020-09-28,-0.07018182676423734,1.0104151820065965,4.72137157965431
2020-09-29,-3.930614866585014,-2.648675502324238,2.3981962092810782
2020-09-30,2.948577447891587,0.41206783530887137,2.342027173450223
2020-10-01,-6.055186159278225,-0.5842923505896103,2.288429147191806
2020-10-02,-4.113456031524709,-0.03447237046767526,1.0801195555932175
2020-10-05,5.3493971148679265,3.2900981766808,0.8025017313364025
2020-10-06,3.0545841274241425,3.0559251016640587,4.259663479882914
2020-10-07,-0.8786107255766673,-1.730060372763642,0.08507483265161042
2020-10-08,2.808686597084442,1.1132935130563126,2.4360694338233735
2020-10-09,-2.1092428892295345,1.1332400285892774,-3.547665714843884
2020-10-12,-3.740960109792102,-0.8406344885716344,-1.472529167657033
2020-10-13,2.1436719392645465,-1.6696850083118164,-0.4372574940589402
2020-10-14,2.6391942821618386,1.018254644701777,-2.7545057653874494
2020-10-15,1.7352455188899718,-2.615625085795781,-2.3702085403158435
2020-10-19,-0.4907092601081686,0,-3.1748706432138896
2020-10-20,1.654132132608943,-1.3245474647441746,-0.8910513683029642
2020-10-22,1.7156559133985283,-1.308521814414032,-1.9134997502815665
2020-10-23,-2.250913612132699,2.237516591581379,-5.872899843967172
2020-10-26,-2.8559835978254178,-1.8330634833083614,2.1236312920014377
2020-10-27,1.3545395166467245,-0.2694562244490939,-1.9287045051796348
2020-10-28,-3.325873627222098,-4.026005489113693,-3.8714387345101464
2020-10-29,-1.8085303439279166,4.429906123276517,0.705993742804889
2020-10-30,-1.2853640602028982,-0.37018385589462355,5.380272988684176
2020-11-02,3.2205043656667875,4.8574918970344605,0.38022639754853316
2020-11-03,0.9147519716094621,1.3886595772687471,1.3195252504701216
2020-11-04,3.369789208290097,1.2113611889181364,3.4057602961016897
2020-11-05,-3.1872909975607655,-0.15856643299647644,3.5559312538033794
2020-11-06,-3.692129618358031,-2.019608942822604,0.26166634029056723
2020-11-10,2.9630893555268933,1.387740848276131,-1.7575114226454858
2020-11-11,0.6228921828150824,0.91453142269957155,3.3132919056360066
2020-11-12,-0.19059478033529587,-1.2308487027477,1.785004439743254
2020-11-13,-2.1726653895326464,-0.3751019941527822,-2.732875086122899
2020-11-16,2.1039529084236896,6.356205056383857,1.4611314522293029
2020-11-17,0.15123521939353068,-0.16291074111531856,1.9434534763700384
2020-11-18,0.5539400041593368,3.6027613942110293,-2.4567142822196963
2020-11-19,-0.06526071666606015,-0.10489412398593245,2.4567142822196963
2020-11-20,0.4748042445852363,0.6799354458633999,4.499731956922037
2020-11-23,2.1194820905040324,4.7585478073207454,1.0346344284584141
2020-11-24,4.286079564915379,4.661050685706414,-0.5557823039216814
2020-11-25,0.5103073939070946,-2.789988281926803,4.209504645825479
2020-11-30,-1.4760651288740156,-1.722044848520099,5.9995831807249544
2020-12-01,-0.9753206023860983,0,-2.033481824518457
2020-12-02,1.636573512700945,-1.8027767621835444,1.094508881814793
2020-12-03,0.28514906243932714,0,-0.07260509613864485
2020-12-04,0.7550968302177274,6.599024594931802,-1.9802587530163507
2020-12-07,-1.1070286512927296,-0.23677284274956634,3.278979588472186
2020-12-08,-0.10215866359182257,0,0.35778440255089805
2020-12-09,-0.8012714758868889,1.8788537091174007,3.922082376616043
2020-12-10,3.889060343973938,2.2545386458533656,0.6844586235728478
2020-12-11,-0.49338053940637394,-0.13660224533698084,1.6909429665625808
2020-12-14,-0.4361385011285357,-0.136767792677972,0.7350434928999228
2020-12-15,1.6551449340306945,-1.9811686078384128,-0.3334469177603161
2020-12-16,-0.14794879312303166,-0.7004247929501162,0.9970235717217335
2020-12-17,-0.20177214769994123,1.5806752295694615,-0.13235926478394333
2020-12-18,1.471503188641865,-0.4623145754899305,2.7434692178301745
2020-12-21,-0.5979309465620197,-5.036698678445184,-1.0362727583495435
2020-12-22,-2.7101738497461447,0.8733681948192462,2.9508295993408318
2020-12-23,2.8187815576469433,2.9511759526022807,2.311870945776562
2020-12-28,-1.852804780998074,1.212154531023657,5.23428714597296
2020-12-29,0.20567050925599517,-0.790893138490123,-0.88314345892746
2020-12-30,0.604694407458517,0.9760496028176746,0.9417319775372412
2021-01-04,-2.7131658377705925,-0.5565662430655927,3.227964332284028
2021-01-05,5.216675408173543,1.843384851260499,3.2368775628330404
2021-01-06,-0.07452104481950883,4.071233546775765,1.2551350528156924
2021-01-07,0.49867514237291743,0.9598712970797507,5.075080958388778
2021-01-08,2.596419450491183,0.6492024197347845,2.4441238888231354
2021-01-11,1.5226450863949026,-1.1716242272790112,-9.269804117789615
2021-01-12,1.8660972517844598,5.312475474086575,-2.514799360972031
2021-01-13,-0.9127620876130393,-0.8730148987346809,0.4517203658562785
2021-01-14,1.3149473920204713,0.7487558447294873,4.462329772166296
2021-01-15,-2.273992029829941,-2.6029695302900002,-5.937950853055618
2021-01-19,1.3839368896832127,1.1418930872200583,3.372995341684515
2021-01-20,0.6162022556419622,0.5033275168344176,-1.0558492458974555
2021-01-21,-1.4687329317040643,-2.9726125928765335,1.6620896561176934
2021-01-22,-0.5951508402791461,-3.1081489738113532,1.364277424548721
2021-01-25,1.1658058945058336,-2.4303634966047483,-0.2170318912380509
2021-01-26,0.1320039403493567,1.1325293623809074,-3.369564282574533
2021-01-27,1.2732437829947152,-3.9508905558474083,-9.172101693156343
2021-01-28,-0.23686392041115667,0.18725870335005723,0.49138874368184204
2021-01-29,-2.264333831644727,0.23359768848010276,-0.1226209999047434
2021-02-01,3.502662114542332,-0.1400996696890644,-0.24569400105356465
2021-02-02,2.1723902110664106,4.2540255991852405,-1.611936281310733
2021-02-03,1.9286048814188383,1.2903371312831702,-1.194606452435476
2021-02-04,0.9506292334115152,-2.416225180424192,-3.1483497082375855
2021-02-05,0.8857813506100598,-1.6438835625800508,2.067245142940344
2021-02-08,1.3207926763358913,-1.2975415850523753,-0.5771050467878958
2021-02-09,-0.11783678835817213,-0.796034474857521,-3.6677326165270863
2021-02-10,0.1084753578557418,2.4885142748623856,0.9956998485258772
2021-02-11,-0.6618631911174511,-0.13943084921308468,1.832506659325439
2021-02-12,2.7449700715491687,-1.0755575193715394,-6.982693449522781
2021-02-16,-0.22604199956548499,2.4153706323420288,3.8872926417852227
2021-02-17,2.5413236407512585,-0.5522171028561118,-1.211321401508414
2021-02-18,-1.2718203110548387,-2.950372299687043,-6.6481358839850735
2021-02-19,-2.676784681051725,0.9931571713624798,-2.194676927347139
2021-02-22,5.334282228576459,3.149898672148854,-4.849431590387532
2021-02-23,-0.09385275687234795,0.5456773936351134,-3.2349884876922808
2021-02-24,1.7705927857787351,3.520068623650463,0
2021-02-25,-0.5035662726423418,1.9510852524650346,2.6119371075473907
2021-02-26,-0.4712798697087628,-3.3176294162954534,-1.9724502340078054
2021-03-01,-1.4880483010187184,3.5749069546227474,4.822079156719372
2021-03-02,-2.203222707183894,-1.5537588679991998,0.6056123616382081
2021-03-03,2.425946992372552,0.9523984667270113,-7.43983152530312
2021-03-04,4.220113788753999,0.4727944833112119,2.09178748928851
2021-03-05,3.823513316379401,8.03065648874668,-2.8261855904600175
2021-03-08,-1.315716375527387,-1.0741942495461565,2.8261855904600175
2021-03-09,-2.7355927541398373,0.19980284381402313,7.143151431246952
2021-03-10,0.6611625765551743,2.8725016114361956,-2.8573297178670742
2021-03-11,1.8567725903160692,1.8067207463926316,3.9631230621925084
2021-03-12,-0.3987584289757429,0.9101047422262809,-3.5824701216663257
2021-03-15,-0.11848076467977364,-0.6438176254750516,-2.2282946746607912
2021-03-16,-0.8402489521972534,-2.2282768818575605,4.408016752387578
2021-03-17,-0.07447985637627497,0.8510515048071987,-6.448895336472837
2021-03-18,-7.588401741191575,-2.0234221940580888,-3.3874238020242586
2021-03-19,3.560473928872465,-1.544861903471606,-0.24640692911344075
2021-03-22,-0.8272471706987083,-0.6809443813861726,3.71309300950573
2021-03-23,-5.513564267313598,-3.434537426155604,3.7329409722974383
2021-03-24,5.944399199294903,2.3840054803910604,-8.271801067043505
2021-03-25,-4.148846133548645,-3.597655955418322,-2.6040952527323746
2021-03-26,3.901514464144018,2.7819801467072303,1.1003128782153482
2021-03-29,0.38289274908027693,1.6247242687214225,2.9035617086852206
2021-03-30,-1.2986596080891033,-1.3793089861591667,0.7331949617761957
2021-03-31,-2.7923286891110344,-0.8203787550205455,4.8326321423528995
2021-04-06,0.3246301191096812,1.0651462409723145,-1.36268636747241
2021-04-07,-0.11726279566017794,-0.8594244714589472,-1.6202711319498242
2021-04-08,0.06827341100104078,-3.3433715315061896,-0.47923458583438716
2021-04-09,-0.3182052323982276,-1.6281554541297538,1.233349301602349
2021-04-12,0.36652495812150576,0.34499303094399636,-1.7148851307848823
2021-04-13,1.6269190298781488,0.7291352387835737,6.388461933374501
2021-04-14,3.29531124884479,1.0204068126267174,-1.2530996919617898
2021-04-15,0.06616552702860545,1.010138225170909,1.2530996919617898
2021-04-16,-0.7965146330970896,-0.2935840056019323,4.573062497594993
2021-04-19,-0.5867212697020285,-0.2944290328124488,-6.094007786878031
2021-04-20,-1.043306121024834,-2.5166602691108153,-6.28540782696545
2021-04-21,-1.2268972415669488,-0.6500449184796864,-1.5737311687145983
2021-04-22,-0.09381113739781455,-0.5668200748676355,8.572696233067223
2021-04-23,0.9709269604133652,1.6909018718640034,-0.2295371421965342
2021-04-26,-0.48738632227411927,1.4511811529441587,1.9719915813609212
2021-04-27,1.3066388153824882,-1.4941772688837673,-0.48935662508267086
2021-04-28,1.1005804935057206,2.5479025417448398,-2.406070225048307
2021-04-29,0.7067562863423582,3.014891795735153,-2.5843301757904946
2021-05-03,2.4440655410393752,0.07879534560508716,1.634671553618805
2021-05-04,2.0896398004359718,0.8844264988316475,-6.2379019504585465
2021-05-05,-0.2788125906836747,4.2280004254344306,1.205397369412342
2021-05-06,-1.129842298756767,-2.2354267983637044,-8.333154008987531
2021-05-07,-0.06835980066535186,1.7519474588954864,7.500195214244076
2021-05-10,-1.085742954748703,0.3225699618917943,-4.466297788029205
2021-05-11,0.9014664288628182,-2.5276191892891653,-1.419157445631214
2021-05-12,1.362069764253171,1.1494034462448788,-1.790199471288556
2021-05-14,-1.2049248074284868,0.8939743802605982,3.790755687458347
2021-05-18,-0.5025290239005109,1.1263129237228497,0
2021-05-19,-2.423544344978801,-4.123898910570301,0.7699721526669201
2021-05-20,-1.342969286818807,-0.292194146736513,4.728241161567048
2021-05-21,2.417437834445124,2.027812463413703,1.6776619529989212
2021-05-25,4.011301913265175,-0.36939937954461044,0.2694181410100249
2021-05-26,0.31441817801898253,-0.7428989148261067,-1.0367411838957175
2021-05-27,1.1147144744058757,0.7839899065373857,-0.45414086042718793
2021-05-28,-0.5411181867602366,1.225517546870325,2.6057177157272626
2021-06-01,0.8735268548750952,4.563380707644438,-1.78975054171433
2021-06-02,2.0451100482339335,0.8497581823703193,-2.283205123723775
2021-06-03,0.12757419029112427,1.3751269195392268,0.13847448733148582
2021-06-04,1.7327808950797774,0.8311125462673097,1.283243037076609
2021-06-07,-1.9560217163823168,-0.26370187083477603,-1.283243037076609
2021-06-08,1.1248382113824285,-0.7953124564206604,1.9639847532350707
2021-06-09,-0.3678954570818682,2.2557481872313545,0.3160966487723016
2021-06-10,1.3949334300099814,0.8882235012437789,-3.0208302860573966
2021-06-11,1.0494359678836496,0.5878099812693272,2.5236532068565687
2021-06-14,0.022426465930447392,1.9587109865929264,5.766169562883405
2021-06-15,1.595291656403841,-0.5041147901559739,-3.083851191345399
2021-06-16,0.20663981455379954,-0.18069224376366932,3.9780459870934592
2021-06-17,0.9521250987513774,-0.3260015746954892,-4.553143968881823
2021-06-18,2.013722937951812,-3.620669720466818,-2.9261574394554124
2021-06-21,2.6226931321265745,2.819179458394938,2.392346661112832
2021-06-22,-1.1563943323647408,1.5965584356028018,1.3292253200640758
2021-06-23,-0.9971626695946867,1.0385239995749806,-3.220316846620719
2021-06-24,0.41406836458968144,0.24904850438174364,2.557919824218313
2021-06-25,0.728590700067322,0.8140313251917775,2.6236688164874344
2021-06-28,-0.9395358065174442,-3.296630771940645,0.08628270271859861
2021-06-29,0.5321666850681694,-0.18229782080982915,4.221812450761142
2021-06-30,0.37927140697435746,0.14587813329738353,-5.917873999660461
2021-07-01,2.8122515976084728,2.2343148755251008,2.2550848681398783
2021-07-02,0.8321838455266573,0.17803817021997403,2.372990953670673
2021-07-06,-2.69632088439975,-1.2169016041520209,0.16736010360611786
2021-07-07,-1.5428872613182598,-2.8860625168909415,2.5181947059031984
2021-07-08,2.596833883871419,-3.3927014459222526,-3.865011593907397
2021-07-09,1.2191242844138195,2.086972027620604,-1.2793356708419523
2021-07-12,-0.49347451491774663,-0.7917142813795408,3.0017068548756853
2021-07-13,1.2578422210522078,-1.3335996966312713,-0.9205170437531329
2021-07-14,-2.442793180320546,1.106250661649888,-1.1839385622969267
2021-07-15,-1.4282091232233896,-4.064817210422245,-4.435512908829331
2021-07-16,0.25623878230582875,-1.9952664245182383,0.6205724705067972
2021-07-19,-5.946512196401255,-4.198170839585824,-1.4241399499681506
2021-07-20,1.9717711772644364,1.2393076990120377,-0.04484092258518757
2021-07-21,3.9579434840265826,3.7911348736220596,4.2148527788612
2021-07-22,0.7086629661300137,-1.0160428573599667,1.7473221918710813
2021-07-26,-0.09752841472190354,2.8284573566499382,-4.7781760193472245
2021-07-27,-0.7021719150963612,-2.99253684838936,0.15859844037704462
2021-07-28,1.3710918346465206,-0.7003080950083174,3.5291672438696686
2021-07-29,0.35511645195365205,0.3301628327753825,-3.002295425997481
2021-07-30,0.6642248785550642,-1.6618524353014585,-0.1840967146331529
2021-08-02,-3.4613992944651173,0.9589475872298081,0.6820621408173189
2021-08-03,-1.0999268577423393,-0.8333447325555632,-0.34044114840199313
2021-08-04,-3.1297260322940446,-1.2631561017270698,-0.4206089709112071
2021-08-05,1.2848307503356082,1.7223642531330796,0.4206089709112071
2021-08-06,-1.0325895229836846,0.45710906564400133,-0.4206089709112071
2021-08-09,-1.5054273710141786,-1.8410704278358558,1.90481312149533
2021-08-10,2.761219712863383,1.5088135194724295,1.0541347775204102
2021-08-11,1.3177343055058799,-1.382203525379122,-1.2870236838963933
2021-08-12,-1.2003739412329573,0.7981432166925373,0.20703452310790738
2021-08-13,-1.3287638901522847,-0.7138255224162116,-0.8046690682100177
2021-08-16,-1.1306857827667827,-2.258777539276302,-3.527752142121443
2021-08-17,-1.4240038933816201,1.2422424008388333,-3.1818368147661147
2021-08-18,-1.126677081423999,-0.8121405511944957,4.522703777365766
2021-08-19,-1.1842747346193505,-3.7608479845553155,0.026630872016930596
2021-08-20,-1.5531249819416892,-1.3459058610771457,-1.1517444755344997
2021-08-23,3.8449265706478997,3.854298314028526,2.237709113022124
2021-08-24,1.7614935735696058,0.3903744405405085,-0.8200111847668445
2021-08-25,1.4273474678514475,-1.1319224021637098,-0.37253661740885846
2021-08-26,-2.149408343447412,0.2623448001905615,-1.0182291599234006
2021-08-27,2.095681918508596,0.7396220396144848,-1.7112984080941196
2021-08-30,-0.8477350359206604,0.12995556235866346,-1.1850828172858208
2021-08-31,-1.3140479693873885,-1.7467633699912,-0.3054201996592454
2021-09-01,0.4681602893057857,-0.973877565186676,1.2436235194732248
2021-09-02,2.1282974066221705,2.2432994691264696,1.065442635371383
2021-09-03,-1.4612687531984747,-0.9615239327290581,-1.2303711673829376
2021-09-07,-0.8873500992969241,-0.17582559780402462,-3.8989619403910325
2021-09-08,1.2104242631968631,2.776743585145347,0
2021-09-09,-1.6931612228985315,-4.239212964629413,-0.11448386233325891
2021-09-10,1.627987091411054,-0.08932629938085412,-1.5003135412376523
2021-09-13,1.4024160715896627,3.4258922414633908,0
2021-09-14,-0.44056782705395037,4.268568496599645,1.041072142895505
2021-09-15,2.4728396096380223,1.437693491922154,-5.1353853188367715
2021-09-16,0.5321155088871876,1.2160489534933205,-1.5873315748884842
2021-09-17,-1.0578824225843775,-1.5019591239565422,-0.30817170897288193
2021-09-20,-0.5699761941924564,-1.9409939680761212,2.258256901133038
2021-09-21,-0.6777522004271397,1.3667744670534887,2.796967321090449
2021-09-22,2.128834913636801,4.267928479778327,0.4099633870036534
2021-09-23,1.1699070196300454,0.2362402030239963,4.709101754172451
2021-09-24,1.0115539213136238,3.1736223858295,-3.028390234897671
2021-09-27,1.7633284086381096,2.891148769539864,-0.8658112422474495
2021-09-28,0.4007121559502558,1.2504775289591485,-3.5401942123643337
2021-09-29,0.10467865542445054,0.14609320691612027,0.5988140154792987
2021-09-30,1.075532946787039,3.9711719375116417,-2.6313420692566147
2021-10-04,1.4296466274873687,3.5771804985997413,0.9194780987521689
2021-10-05,1.5740399782997905,1.3374958046584062,3.1038622617403533
2021-10-06,-1.3319056051986244,-1.6664386509869011,-2.799242381246003
2021-10-07,1.0109028030928613,-0.7607024987441591,0.874840900585383
2021-10-08,0.7811112765319095,3.0087232571814226,-2.9924082939394303
2021-10-11,1.343348876845063,0.9618328925081521,0.10349799213447142
2021-10-12,0.02505565792709774,0.889502275647569,2.888910301804959
2021-10-13,-0.21402377396126937,0.7247322158138836,5.253202979060934
2021-10-14,-0.04553215777320929,2.8780863953255853,-1.5697904434921028
2021-10-15,0.8623326890967675,0.45659711955394755,-2.3192299791044313
2021-10-18,0.2799595817933209,1.2973378064680574,-0.79627998339573125
2021-10-19,-0.06158415272148332,-0.27015764427567035,3.98354184805525
2021-10-20,1.815708549354067,0.33010569829983183,2.71567455841204
2021-10-21,-2.6072391313610055,1.2503779813059168,3.2488243614702483
2021-10-22,2.3307786416309817,-0.8318457537749957,0.6313017904962415
2021-10-25,0.3872962051897133,2.1543993136650563,-3.259015854139058
2021-10-26,0.7662317756747861,-1.5002141192003826,0.30912434350129914
2021-10-27,-2.9769288021311624,0.17766055931032199,2.589633031342231
2021-10-28,0.4547945780092988,-3.9220609085178104,1.9950037737300974
2021-10-29,0.44646185771615166,-0.339045192038423,-2.0852667238710154
2021-11-01,1.1379258567998818,1.7444833051727393,3.199320574622977
2021-11-02,0.14777851694054434,1.0345445887140592,-2.0024177471830384
2021-11-03,-2.8343687458169065,-0.5783107677381771,-3.480457973039641
2021-11-04,-2.3721594840681703,3.74466340756312,2.3738180957406207
2021-11-05,3.6852145921182355,-0.14715511086089705,0.0901815496082925
2021-11-08,0.2155287756865576,2.959296188796934,-0.1202569321699265
2021-11-09,2.4264293089781397,-1.3816803929295851,-1.1802273336577684
2021-11-10,-3.0353868052519495,0.11585045511610659,0.21287145585411338
2021-11-12,-0.8219913186361616,-3.1936863649426606,2.280767592441002
2021-11-15,-0.3277628976181113,0.7001319218963964,-2.250016981427194
2021-11-16,0.24225681983818248,1.4511866999679768,5.037032444376077
2021-11-17,-2.5769402475851244,0.652773778882576,2.455004939886507
2021-11-18,1.1400574658023466,-4.321068272841888,-2.308905785457771
2021-11-19,-2.010776286303262,-1.6438394340267948,-4.264846218659457
2021-11-22,0.9924528430396151,1.2354154590750177,-1.1337681443839287
2021-11-23,2.201348020028515,1.6574195866790653,-0.9287946514207945
2021-11-24,0.024592271443690805,0.6686386773534281,-3.256183073157537
2021-11-30,-5.629825995480253,0.03492662697617277,-2.770256700002438
2021-12-01,-1.217770272577301,1.9021808642617266,-1.572849744531002
2021-12-02,2.283786185643688,0.10273487314593766,-3.747218550341813
2021-12-03,0.023905944774682553,1.6966720068520402,-1.1254644340045417
2021-12-06,4.852564081905264,1.8667143075180803,-1.1719463155470677
2021-12-07,2.5341077109569454,3.9500387035396045,1.471098561081341
2021-12-08,-0.6287284557317641,1.0735594890318723,-0.7328387805930703
2021-12-09,-1.7005948898471068,-1.0418570489849621,-1.5498892938119901
2021-12-10,1.3029711472278827,-1.3097051190769982,-2.9287286881659824
2021-12-13,-0.5133129464784503,-2.9365823545478342,-1.3375766077076356
2021-12-14,-0.2892176673277014,-0.3316645622460257,-0.6042242832752898
2021-12-15,0.676202110925761,-2.6596786707366427,-0.5720524442802244
2021-12-16,0.5651152307273755,2.825644753813261,4.521535654653253
2021-12-17,-1.5958895328169298,-2.1116923440922974,0.819130655190925
2021-12-20,-2.5753864495696277,-1.2270245604554475,0.5085538960702962
2021-12-21,2.8336944009284437,5.860545355782865,2.5376976609011948
2021-12-22,1.4712825220748904,-7.1027898006343015,1.6999497879445435
2021-12-23,0.8808090430054705,-3.6779236546521155,-0.032425895443832786
2021-12-27,2.416417045300445,0.17994346726473154,1.831380775807201
2021-12-28,-0.15868537976428954,0.21556005137028933,-3.1697455827175425
2021-12-29,1.150773403926486,-1.664329748215465,-2.22636403485561
2021-12-30,-0.12888745951702418,-0.916251727306161,2.619942683770926
2022-01-03,-0.9743762654395915,3.47358703447469,2.233464291547982
2022-01-04,2.1176073875132317,-0.3919486139362327,1.019113431832075
2022-01-05,0.2510680954346256,3.4044105160205618,-2.6976515858751604
2022-01-06,2.7992891592075964,-1.9160900861401764,-7.325703846498666
2022-01-07,-0.5052638365640405,-0.24652940306024718,-2.0881964545049314
2022-01-10,-1.344993686168472,-1.4562406173726394,-2.0232005099392936
2022-01-11,3.5963489922789194,1.5267306447026563,1.2692861592214832
2022-01-12,0.4407949106616904,4.242750311547905,-0.9413577108976945
2022-01-13,-1.408500386533973,-1.4971088577456548,0.7971187745385855
2022-01-14,2.9035076566558793,0.8193765432707778,-1.6739878831861787
2022-01-18,2.3665799086320938,5.619459482085709,-2.1139350299881343
2022-01-19,1.5711009894154415,-1.3266422800546351,-0.4507910467624221
2022-01-20,-0.361724314142986,-0.555324465540874,5.3155316410451015
2022-01-21,-0.4622170246292079,-2.2190035975282463,-3.969209453205824
2022-01-24,0.6896839372419805,-3.8577911006232313,-7.239497614629364
2022-01-25,2.5600894346664127,0.3474682427270892,-0.2799423861497452
2022-01-26,0.6260421868200083,6.0889957149608875,3.2311678727883653
2022-01-27,0.012736761856135814,1.650792516118571,-1.4450541634380087
2022-01-28,0.6221157976504799,-1.8468093961690357,-0.7898875050879717
2022-01-31,1.3492143304166149,0.26127054935445315,3.1228153884555354
2022-02-01,-2.4358696935359525,-3.586049335220487,-1.1596640222742316
2022-02-02,-1.037824837804724,-0.6784219896176502,2.230003696993066
2022-02-03,2.9004020105731776,-0.30678577539635654,-8.197735478876123
2022-02-04,1.6755665901314387,3.5879600618500262,-2.974043000109017
2022-02-07,-0.7892556355643343,-2.4000928677358147,5.822080329891843
2022-02-08,-1.697487137821696,-4.76776275600308,-3.3860089623107825
2022-02-09,-0.1289308648713572,1.3007786164227042,3.50626910634233
2022-02-10,0.3625875103504761,-4.354727364085509,-1.452808050835941
2022-02-11,3.8070004890357723,1.5565997918067787,-1.0625399080389286
2022-02-14,3.4159764378472346,-4.106150647134754,-2.8757910730975667
2022-02-15,-3.7359799838530883,-1.309495224480095,3.2857893649913095
2022-02-16,1.8553089323924077,1.3392142190848055,-0.574468125831018
2022-02-17,-2.0628943418823376,-0.07604313875066993,2.6397450033347702
2022-02-18,-0.19036538204781905,-2.347610800564759,-3.8819974980550676
2022-02-22,0.5908273102993356,4.194282465486587,-3.4332699995416327
2022-02-23,-0.6625987031671166,-0.9002345717426863,-1.9156042218474667
2022-02-24,2.828956588298137,7.090015076929479,0.4386044117068444
2022-02-25,-2.7736052575162873,-4.928160761753642,3.2719286926333524
2022-02-28,4.599077450479072,0.8445070355262985,7.15027065981273
2022-03-01,6.997314119547404,7.973316966907262,1.4873066114439837
2022-03-02,7.340029246354529,6.944296598051736,-4.002914390863932
2022-03-03,-2.935662437822817,-4.279241131383227,-4.846665585135046
2022-03-04,8.509673535268014,2.4676480482486163,-2.2752674294258313
2022-03-07,3.2485619338578076,1.338030813720703,4.167269924222339
2022-03-10,-2.279378916784225,2.951625880516673,-2.1782643688748493
2022-03-11,2.8197131857172764,-2.817086056303175,1.1842973914132138
2022-03-14,-4.894139874190451,-3.802478054326297,-4.040588215888263
2022-03-15,-7.196937454950358,-4.098190204102803,-0.8955311410768552
2022-03-16,-2.179911497982001,1.3369503364951463,4.5787149571435926
2022-03-17,7.504748128989114,4.937101197497373,0.5356115912145576
2022-03-18,1.1627133576031845,0.6470285474486026,-2.1962921449260264
2022-03-21,6.225081109921682,4.122942396762763,-0.3646919817126282
2022-03-22,-1.2224713831443523,0.6493529542043852,-1.3610821639100656
2022-03-23,3.9715273916335114,2.5876068300863864,-5.32444778679011
2022-03-24,-2.108330546498749,-0.34752350669764454,0.8944216074552536
2022-03-25,1.8136109231376984,0.3790290546004549,-0.738297234379548
2022-03-28,-7.493313682658531,0.0630228465174909,-0.3907720530463621
2022-03-29,-3.28369790471017,-3.7885636919765986,-0.7861678981626596
2022-03-30,3.4074976166665216,6.247071139588467,5.9742112091150545
2022-03-31,-6.0300150026894705,1.6161391093396205,-0.07438428419170862
2022-04-01,-1.266952114352371,1.7094301633320264,0.2971878889901802
2022-04-04,3.1604547204239886,-0.2083543264970622,0.9597750157094076
2022-04-05,-1.0438535656649428,-0.32829543906149894,4.630280305866208
2022-04-06,-5.0870347079473355,0.7445969450321499,-2.737954082996996
2022-04-07,-0.21394778313466034,-0.5653847692563829,-0.32496827375378956
2022-04-08,2.3321025589055466,3.4319184005640047,-0.4349364369889308
2022-04-11,-4.2317670340798585,-2.097993434436951,-3.8131500735596013
2022-04-12,6.744902119729179,2.7589981383332685,-2.328801590477525
2022-04-13,4.2875250235749895,3.3242704818308155,0.19293550671948267
2022-04-19,-1.9376371951400628,0.08309129264301163,-2.4586571679948044
2022-04-20,-0.005457892088411853,-0.8619657884036513,0
2022-04-21,1.1249330569349958,0.529167262827368,-1.192377080189022
2022-04-22,0.13490297008198482,-2.5887600468918137,-2.3873344437433275
2022-04-25,-1.7725310609671752,-6.112379315738536,-2.2361149968807226
2022-04-26,4.607617616881221,0.5138554027889874,-2.0305260995942653
2022-04-27,0.10393816838796255,2.530258719651801,-0.6861134605235186
2022-04-28,5.485724028340755,-1.2422632156727786,1.282617565143962
2022-04-29,-2.8524897893107415,1.3304145577784254,-1.886845122131131
2022-05-02,2.465873631769977,-3.801175802477541,-3.8441960550885668
2022-05-03,-3.0141044494794933,5.939662922313449,0.5504624548648529
2022-05-04,5.237699939555984,2.247289373006822,2.663211523985076
2022-05-05,-0.6313359284987108,1.2738929670634391,-0.5807489850002234
2022-05-09,-5.3653739262152556,-3.382376922918695,0.06524235446425664
2022-05-10,-1.5394093444756507,-0.40898767806245573,2.6176100624305754
2022-05-11,5.112870819110071,2.286316768574359,-2.944239776018698
2022-05-12,3.076935595617858,0.3142146241953192,-4.917180545073663
2022-05-13,3.4215170327828837,2.5624584257826655,3.290067249937234
2022-05-16,2.9476320886444363,1.8182279469747264,-0.11089920961175892
2022-05-18,-4.959798531513915,4.458203069389377,4.108820566368632
2022-05-19,3.2229277093350106,-2.351140933143814,-0.0639218012515208
2022-05-20,-0.5875272489840988,1.3540429163024115,0.6373535156497745
2022-05-23,-2.9418403508230107,1.3359645387715169,1.680010301482504
2022-05-24,1.789952142900475,0.07804236256703234,-3.4749312510903074
2022-05-25,0.7107409408209087,2.28771426493104,0.5590189228671605
2022-05-27,0.3152827834091987,-1.0987517223510324,1.595267923366972
2022-05-31,-1.2182844468035192,4.668344022896687,0.23185235630247547
2022-06-01,0.23457250021667875,-2.558190204566646,-2.8399489805335243
2022-06-02,1.9869716368486223,1.075943043620864,-0.151728734512524
2022-06-03,1.6015143233967244,1.5557726396350446,3.1599583647160756
2022-06-07,1.923538127843294,0.3669138864960786,-3.464108233444385
2022-06-08,0.8190509871868201,1.3097136113956687,-1.380230916612124
2022-06-09,0.03342175194811503,-0.43467503364080784,-1.4443122650414253
2022-06-10,0.5778376708878596,-1.364528522935693,-2.034896916554807
2022-06-13,3.014457388576197,-3.2413906265094994,-4.174548910941134
2022-06-14,-0.9412018104737463,4.920046910264286,-4.281854366087323
2022-06-15,-2.947395896100069,-2.12124027370999,4.685890199959086
2022-06-16,2.912108168702332,-4.1767094529459925,-2.9853047681618783
2022-06-17,-7.930569466947279,-2.3922088684442677,4.958126952180919
2022-06-21,-0.9586077381644742,-4.769859740960225,5.563265700611453
2022-06-22,-1.974998686392393,-4.892817547883688,-0.28636562596489057
2022-06-23,-0.4584844224720719,-5.083579069533428,-1.2654287583446333
2022-06-24,2.409720989031783,1.152224636535415,3.274662327456479
2022-06-27,1.4401244158316118,2.765142741436044,-0.7160776755526399
2022-06-28,1.391858073473884,3.373547678281774,0.5212909693134371
2022-06-29,-1.662750921428735,1.631083242763598,-6.419190718807766
2022-06-30,-1.895622961413146,-4.682564854290838,-2.2425591902944575
2022-07-01,2.124769838211815,-2.037578166391274,6.138851260931233
2022-07-05,-7.737616342795661,-0.20904012148958984,-0.5123016733740826
2022-07-06,-0.169694236435447,-6.3244006598401015,2.2740870226628296
2022-07-07,4.281153554753114,3.5354903463108656,6.7725910025530744
2022-07-08,1.9386784414169966,2.008590804322896,-1.4589737869889596
2022-07-11,0.3429828211006125,2.8513957264669543,5.074976039170309
2022-07-12,-7.921911052084329,-1.8023877517059361,-1.4367425669275846
2022-07-13,0.19832878207450833,-1.7140414938506154,-3.6589445488228733
2022-07-14,0.06120316967663797,-2.8925418857235208,-0.5189393232437389
2022-07-15,1.5063200937556864,0.6534949716205496,2.1820567610773445
2022-07-18,3.875921554825723,4.814011666384843,2.692009147948049
2022-07-19,-0.3373218531169897,-1.3690751386829625,-0.84599152599516
2022-07-20,-1.5670772196100025,-0.4204033805621066,2.077227128106074
2022-07-21,-5.5052548561469905,-6.9143450051486255,-2.187227094896649
2022-07-22,-0.9048373837350354,1.56779849062465,4.843748956279281
2022-07-25,0.911032775412135,2.228934334863464,0.6650784949308708
2022-07-26,-1.6118827612478626,1.937030551033203,-0.4270450270378312
2022-07-27,1.491328730716468,-1.3488854048124388,-1.340375051236542
2022-07-28,-1.206839279600569,1.7742707994485407,5.30267496317034
2022-07-29,1.234747106932499,1.235509515232458,4.643688027222925
2022-08-01,-5.2501710999945495,-2.701632323107983,-3.5075667265035193
2022-08-02,1.3294801986374338,-1.456709076893592,2.631142335403691
2022-08-03,-4.360123743532096,0.5293680894051356,-0.04402281014552756
2022-08-04,-1.6710640470108729,-4.347843715190081,0.9204472012453557
2022-08-05,0.7738409074255159,2.2134019212145972,-1.982878728925641
2022-08-08,1.8048896394541103,1.1983934681796704,1.0624315276802854
2022-08-09,-0.7466267902863422,3.3901302638648545,-2.6775334640384507
2022-08-10,1.1727638609859703,-2.7651457698483206,0.27099694486674153
2022-08-11,0.5125655184438749,3.1281438652761118,0.22527819743878297
2022-08-12,-1.6459686013444497,-0.09063097721755398,-1.3593380404761213
2022-08-15,-1.3327879091837858,-4.291433015309476,2.2107908443225632
2022-08-16,-2.974316993302395,3.5308125839025983,-2.028465081042974
2022-08-17,1.4744979696987848,-0.15492077515490976,1.983826163158664
2022-08-18,2.2683795731503587,5.92923622461079,-4.193862977515295
2022-08-19,1.73765137496531,-0.5273984882922633,0.3253548535142592
2022-08-22,-0.32311077823568013,0.556644676868423,-2.8714647038478702
2022-08-23,3.6577147889985007,5.650863153020413,0.5239389407230455
2022-08-24,-2.1629648353147957,0.7974650937426553,-0.5239389407230455
2022-08-25,-2.63950440745635,-0.21934504133511723,1.7515302516270204
2022-08-26,0.2298705815582558,0.7384346595616265,-0.564717165456674
2022-08-29,5.192318966011644,0.8141033603739523,-7.494315386060091
2022-08-30,-6.2218691830685735,-4.845231557817797,1.132919991379211
2022-08-31,0.01857649739056555,-1.3710654856176951,1.873315379508611
2022-09-01,-2.682870475645416,-0.5768830391420288,-0.693423498861101
2022-09-02,0.24436959353453247,4.275255272634659,-1.0994529845633316
2022-09-06,-0.3738012542680913,-3.325183863703085,0.20079888591393313
2022-09-07,-4.736944503547491,-4.064287929882582,-0.4422941493542609
2022-09-08,1.7351242467372074,0.7728996430809154,2.918894452685006
2022-09-09,2.5946335936987808,1.4989106669735186,3.8392419624551977
2022-09-12,-0.1300003434089092,-0.292139257991586,-1.6137057043271064
2022-09-13,-0.3130243425764512,0.3504710475739081,0.8575601433746805
2022-09-14,4.142736834599603,1.590774729010036,-2.7899830706865636
2022-09-15,-3.5628163491137066,-2.822838315098153,1.0191794581794866
2022-09-16,0.975356986160314,1.2320635860881168,-4.513673439306132
2022-09-19,1.1361200570956242,-3.0789948215354634,-6.4040331937428085
2022-09-20,-1.7626923775822867,-2.00430886155063,-2.1337638922747537
2022-09-21,-0.6300526811683582,2.9320447104654868,3.0558264029796334
2022-09-22,0.491716816946397,-0.7174988723775755,-1.8309549528771285
2022-09-23,-4.762554463705815,-8.938715130641306,-3.765676387702843
2022-09-26,-0.10529658396150055,1.6594088022635844,-3.0249789501641366
2022-09-27,2.143077216010969,2.2336353140871346,-0.06981910093264432
2022-09-28,6.464849070405165,-1.2702309834287107,-1.336011546897975
2022-09-29,-2.5286135848632263,-1.1572150266262682,-2.9695656923251157
2022-09-30,-1.4900757704008782,1.0612891434393035,-9.317350592438522
2022-10-03,4.714343256390219,4.68687514515862,5.249323016003515
2022-10-04,1.3045027375770957,1.0627039488959156,1.657085463205199
2022-10-05,1.2456274784724997,-0.18136417554401874,-3.7031880342037304
2022-10-06,0.7697358941989307,1.8585516678776948,-2.5914317293456612
2022-10-07,5.435116652456529,1.0047473783151517,0.7660867387403236
2022-10-10,-1.6436402232181457,-3.3790171243841094,-3.6991609887484067
2022-10-11,-1.4818910791825957,-5.7587814236292445,-4.868095008827478
2022-10-12,-2.0739139142761154,-1.3949864327697625,0.8279756271945438
2022-10-13,1.0467807009737484,2.2291131749825333,0.736555598299482
2022-10-14,-3.9423898288565518,-3.8096685267817954,2.893108591286886
2022-10-17,-0.24796136297737803,0.8592325957733848,1.3616790545249557
2022-10-18,-4.078659848730926,0.65596380685502,2.0083665363157976
2022-10-19,4.067358923926534,0.16329995880175474,-3.0142233714189004
2022-10-20,-0.12377524750650792,3.7788651895508174,0.21834234505337946
2022-10-21,0.4709654112106776,-0.06284600975421384,-2.0659026243825984
2022-10-24,-0.8578171892870579,0.2512476773937955,-4.613567060474022
2022-10-25,0.8251820259788545,0.12538417618319642,2.674487636803935
2022-10-26,0.6768011492216175,0.5311806119550511,2.050351366893377
2022-10-27,-0.4978767671646622,4.389601021006495,1.5995859040894622
2022-10-28,-1.210849967745986,0.2085521453236261,-1.294246674362487
2022-10-31,-0.8062005008695472,0.2804790303313709,1.9759083606759376
2022-11-01,0.58438717776923,2.9728793734790315,2.7340188817798428
2022-11-02,2.8399736565498657,1.9434839112181912,-0.34432431352708903
2022-11-04,2.219606481737735,2.4644258342270575,-1.9236036362815234
2022-11-07,-1.5403658227089778,0.7441243756335147,1.9474080059239895
2022-11-08,-3.1191217369967994,-1.2154987301492781,-0.2622444687411907
2022-11-09,-3.464952583727321,-1.6251406539591784,-1.7580274059416645
2022-11-11,-1.4620942811832016,1.0820070400904491,-2.2843162134496
2022-11-14,-3.3737327846152354,-0.653505353659245,-1.3194826505546153
2022-11-15,0.7741020674269627,-0.6577921258391406,3.3210903294121685
2022-11-16,-1.4242743953386316,0.7432916696870073,-4.021416084540164
2022-11-17,-2.550695555835869,-0.6859377853083437,0.06798363146396369
2022-11-18,-2.5718085631119436,-3.472272337291127,0.04530267627869122
2022-11-21,0.7868052371697409,-2.434362227154363,-3.104763359914031
2022-11-22,0.6529140362287578,2.878769318722796,-2.4593340617379056
2022-11-23,-4.904874208252075,-0.7417649374911406,-0.6485035469032674
2022-11-25,-3.05235279493008,0.5642266143992991,0.1925964060730756
2022-11-28,0.6358610810382359,-2.094627913889724,-1.9918152258305177
2022-11-29,1.7242000271018298,2.6556765209066135,0.73332345307211
2022-11-30,2.439058235355329,0.6165027964319059,4.872053686050926
2022-12-01,-0.17950404662485653,-1.8907673020911453,3.554710342715506
2022-12-02,-2.175110335175745,-2.782161790971216,-2.241174063869167
2022-12-05,-3.602365077763192,-1.2963048049288162,1.1834501993755353
2022-12-06,-1.7937810350965755,-2.039937527685165,-4.7015838075874505
2022-12-07,-2.4359858815663493,-3.5170529828564057,-1.6256521943139646
2022-12-08,-1.1421401823469957,0.3933044001865227,0.8161341780378528
2022-12-09,-0.2880808420348657,-2.920877087374496,1.541953334662871
2022-12-12,2.8169955287746795,0.20188987194744712,0.7504782232336638
2022-12-13,2.6769674889972173,2.2599665033805394,4.164401937309403
2022-12-14,0.23013527739355055,-0.5271663797407733,0.2685831194019883
2022-12-15,-0.99242556413488,1.3779643256678575,-5.466346416410861
2022-12-16,-1.461088299928015,-1.7751743834586442,-4.440879686116084
2022-12-19,1.533671907456302,-0.4987643355549132,2.341568849360609
2022-12-20,1.212078329495725,0.6975423009770054,-3.8083496227240055
2022-12-21,1.8193153182830102,1.086443156654937,1.885443739160575
2022-12-22,-0.7798353438968952,0.19625576420505553,-1.6603000093216913
2022-12-23,2.8197154061228247,1.1696158436703463,1.0934439006158314
2022-12-27,0.257061267279024,0.38685157248226076,-1.845896109465972
2022-12-28,-1.2394738043300713,-1.2953657235725835,-2.060352044825464
2022-12-29,0.2870657932833254,-0.2937659792277003,1.9596005475078115
2022-12-30,1.678884956494553,-0.5901612266600686,-0.9622811205207249
2023-01-03,-2.91474558681033,0.3282835019162711,1.465046238727119
2023-01-04,-3.948893544828813,-3.1970445141916493,-0.8815072385530698
2023-01-05,0.9377750928804218,1.544658865101045,-2.874205023575449
2023-01-06,1.9379609305623546,1.4883854917372652,5.323094605031908
2023-01-09,-2.442852655448746,0.13122575890820443,3.7310551481589904
2023-01-10,0.9450786399144206,-0.03279889222485011,-3.091281930347023
2023-01-11,3.412625053985252,-1.2873563575102942,2.5428190620035984
2023-01-12,0.7301202759231629,1.9085733521517767,0.7385425712550742
2023-01-13,1.3441824169365013,-0.7196438613248368,2.0905031712839417
2023-01-17,0.652239262110399,1.0775466008515089,1.4538165585818774
2023-01-18,-1.7147727098207888,1.2907608798398584,-2.8583400094521316
2023-01-19,2.045469347893647,-1.909765311946554,-4.385190738535361
2023-01-20,0.7838884883822672,-0.13078979850771333,1.6852364352718752
2023-01-23,-0.2658776605673374,0.8147356235129521,3.8251504360898636
2023-01-24,-1.725095097623619,-2.6308734854873173,-1.0544957737051774
2023-01-25,0.3686753484053007,-3.147991640927561,-0.5432899669537861
2023-01-26,0.6600032084111085,0.17176897053596818,0.9429563074064617
2023-01-27,-0.8770683845158445,5.021154494189961,-0.11738211827516665
2023-01-30,-2.2796486329891508,-0.5893883002068279,-3.75776791524558
2023-01-31,2.9598221058013685,-0.4278470636296383,-1.3505416226581524
2023-02-01,-4.395948075646938,-0.2642128517769571,2.0795785359450036
2023-02-02,-0.5904810810009486,-2.7830593356060973,6.537052274030053
2023-02-03,-2.6179599832936162,1.919552792211654,-5.645154533633434
2023-02-06,3.031210542267271,-1.8855639101678534,-2.6999087056035265
2023-02-07,5.498216531475375,1.081814613508758,-1.3403009405593913
2023-02-08,0.4474339321538068,4.149423598990243,1.9792783494975374
2023-02-09,-1.920922540656722,0.8672105020069765,-0.5650360731325854
2023-02-10,2.530343273354152,-2.591665828158085,-4.407110980759121
2023-02-13,0.07960106544198098,-3.099722607831179,-1.32176978828209
2023-02-14,-1.4916135067903014,-0.27120592775098373,-3.856357443891145
2023-02-15,0.2843148110067695,-2.1429261491198837,-3.4481422531359662
2023-02-16,0.13971843993250133,0.6693606235964822,-0.6758736465249271
2023-02-17,-1.4823606260778277,-2.7047969525918703,0.535446979248988
2023-02-21,-1.0271006892358159,-0.14440388554310957,1.3400526920968936
2023-02-22,-2.7346010575986845,-2.00701651992512,-1.3681639088943598
2023-02-23,1.9101646270654804,2.1153463994994404,1.4236147845033464
2023-02-24,1.5020221804715739,-0.6517017886207732,-3.7271510328560353
2023-02-27,-0.42354993619797554,1.6928134599735856,1.6265297664055822
2023-02-28,1.1761609538714524,0.10708514643962275,-0.4254740008435398
2023-03-01,0.8751074673515546,0.6755631889070912,-0.9998659890529282
2023-03-02,1.797704120811261,1.1275700092100216,-1.0389725301971353
2023-03-03,1.6811149317685015,-1.3759502743723395,1.8111647586567692
2023-03-06,1.1206683301589138,1.1303800311215362,-2.0726062100830944
2023-03-07,-3.1639070137945424,0.14037804911675167,-2.265137090621927
2023-03-08,0.2172459710927832,-2.485908085473021,-1.9528981851078875
2023-03-09,-0.8941230495298491,-1.0119315249232486,-0.27342934831180443
2023-03-10,1.1101084076575063,-0.8023205999624139,-2.2147863059093
2023-03-13,-2.7247858683671744,-3.692400842891441,0.3415571685405183
2023-03-14,-5.566258825373005,1.133359140120227,3.2929814503230403
2023-03-15,-3.676563936175725,-5.999086425271916,-3.8213426341424217
2023-03-16,1.6558797429124361,-1.5678744606497652,5.546028686841087
2023-03-17,-2.7847684951090024,-0.28402418345239155,-4.030607025352317
2023-03-20,0.5277161424711352,0.4055058852717508,-0.18433624513765068
2023-03-21,1.1838443042976543,2.3991558863770024,-0.03076280476266291
2023-03-22,1.9585637397151245,0.7478934033513518,0.30713689901471497
2023-03-23,-2.6304832835224445,-0.19626218731412237,-0.5226814955218373
2023-03-24,0.6472254034131986,-4.459466964504344,-2.433814418199276
2023-03-27,5.156774091432315,2.1943189615686975,0.1577999597834001
2023-03-28,-0.41097133810898967,2.1471845010216484,-1.1417783199793696
2023-03-29,-0.49542377857774156,0.5492346024669637,0.9839783601959695
2023-03-30,2.0006245648603205,-1.1410671178643028,3.9026281786635586
2023-03-31,2.2390193700561056,1.414565348786745,5.381141441522264
2023-04-03,4.838191722028551,6.6779560716499375,1.5991211565729913
2023-04-04,-0.06421875372542019,-1.6930937406754332,3.684806117421413
2023-04-05,1.0848177683598692,-1.1573810167071485,-0.1366090580495083
2023-04-11,2.6275537785086733,0.9344238666774807,2.5642503878313683
2023-04-12,1.3326408364878972,0.8888917629390036,3.6629256127672427
2023-04-13,-2.330588192706351,0.036843498183802836,-1.3579163511254322
2023-04-14,-0.35235778609497004,-0.44327927948852874,1.3579163511254322
2023-04-17,-1.6620631626624416,0.7377436501035284,-2.5367168895943593
2023-04-18,0.8895508293429444,-3.022036272801376,-5.205638876686258
2023-04-19,-1.1567414073781812,-3.194442875289205,1.4724900057300871
2023-04-20,-1.933105555014425,-1.7755388636725655,-4.601825029646722
2023-04-21,0.850212348808288,-0.4388499728149142,2.3992449731489174
2023-04-24,0.7486871563441078,1.2318728893206732,0
2023-04-25,-1.8133124972004033,-1.1919134499621897,-2.8417168244539326
2023-04-26,-3.517682670515665,-1.7742258393109722,-0.5187095176022005
2023-04-27,0.4950491429712933,0.6083873439132859,2.494622260099444
2023-04-28,3.8614062052703346,2.8698728964592135,0.7220247973486416
2023-05-02,-6.931097679907161,-5.741274943428998,-2.034956182172465
2023-05-03,-4.064928581415117,0.7372913414668503,-2.4527451515393928
2023-05-04,-0.9134029442367186,-0.1694901682590455,1.1223462882412605
2023-05-08,1.1018977160558663,2.1321011744075413,-4.391113993726137
2023-05-09,1.6699812335657427,-1.6360231582564388,-4.8099815870086715
2023-05-10,-1.7199711616608049,-0.16509157751380954,3.6290044057300186
2023-05-11,-2.4815797023393316,-1.3724538230857064,0.5574842263835755
2023-05-12,0.20252843056427494,1.537545400599516,1.9952565490615193
2023-05-15,1.2221298865096486,2.64512139988895,1.353200593915993
2023-05-16,-0.09805432587350893,0.08028838522786685,1.4676693906808147
2023-05-19,2.4391068635836177,-0.2410668724040832,0.8572443123997076
2023-05-22,0.8488676187342392,-0.08049032271841838,-2.999225077693257
2023-05-23,1.9950756787308066,2.4260607678081136,0.06762992869102646
2023-05-24,2.197398854761179,0.9775169147266283,-0.4064984262338811
2023-05-25,-3.6256951064560283,-2.1235465553103516,-1.2982821064553285
2023-05-26,1.2245438924172625,-0.07952221356779532,-0.5517171187691794
2023-05-30,-3.5810451010537037,-0.8388397344828213,2.661360630843923
2023-05-31,-0.290062219096221,-3.3030502252756833,-0.0673668638286884
2023-06-01,2.421444793221106,0.7023479304893776,-0.540533608636462
2023-06-02,0.7153794582416495,5.642610798147274,1.8792417415750329
2023-06-05,1.0610115425871314,0.2331968311924726,1.6485702082813525
2023-06-06,-0.11096893107227501,-1.801851541574262,-0.39317930777453824
2023-06-07,0.12982167084736318,3.6480581579981575,0.7196569205996539
2023-06-08,-2.2465407688915917,-0.03811670779292342,-0.7853423768303891
2023-06-09,-3.232747164169769,0,2.080697328077008
2023-06-12,-4.161144055828636,-2.353053747781164,-3.9375166812186
2023-06-13,3.0362314118387523,3.1882909682749094,-4.308350263069283
2023-06-14,-3.125714391260015,-1.6006538351317268,0.4879737294678499
2023-06-15,3.581760179194582,-0.19226149589162134,-0.7678963412222295
2023-06-16,0.4615778557550243,0.8432330785071329,-0.4213425041650787
2023-06-20,0.7907338931613772,-1.8490437913880164,4.607206485280546
2023-06-21,2.6046547372863493,0.23300012500779843,-4.536864700000098
2023-06-22,-6.533200809518025,-2.275505555840951,-1.6306657864383567
2023-06-23,2.6708642060444987,-2.287875920710647,-3.3433280311498947
2023-06-26,-1.3110663789702492,0.8892630493508413,0.736380336025988
2023-06-27,-1.9519515434307522,-1.9504971278433203,-0.22034753564401655
2023-06-28,3.534908750564014,0.20496666876557157,1.459879942115272
2023-06-29,-0.19098598628479735,1.7052731623230066,-1.2395324064712554
2023-06-30,1.2978912633144546,1.3594901532125725,3.1060661694566782
2023-07-03,-1.7377531072300556,3.1276961586160112,1.692560747284766
2023-07-05,2.6901424913043037,1.5279164034102344,0.41870688578065085
2023-07-06,-0.2850962516432354,-3.5890419474307045,-5.217333802522095
2023-07-07,3.6660240200754757,2.5219520888455804,8.908794485296667
2023-07-10,-3.039227156966273,1.5586655631739887,0.602205844584347
2023-07-11,1.1908617402002442,0.4891785852646713,-1.6818426043907486
2023-07-12,-0.167318643883263,1.78576967145343,3.2702341591526185
2023-07-13,-0.7478537134967489,1.2458909571357424,0.7848287088330963
2023-07-14,-2.5471052046707854,-3.4077392689451536,2.762786072392487
2023-07-17,-1.4968012541658915,-2.3252393813383065,-5.403203492043573
2023-07-18,2.76232055190917,5.39423950746265,3.999225813922802
2023-07-19,-0.8332777391752089,1.8505497971363916,5.3187384319954845
2023-07-20,-0.43190707185685184,-0.22028387863564092,1.8714647108536653
2023-07-21,2.7071832155529663,1.0601504964187214,-0.4796190691134683
2023-07-24,2.6229892173422975,1.5873383997455193,1.9048267638186012
2023-07-25,1.3181078181214723,0.07155331880470683,0.41188462430232775
2023-07-26,-0.5374651491456994,-0.645858792297549,-0.05874073796841017
2023-07-27,0.08606637244410464,0.35930965240904555,-2.318079365905046
2023-07-28,1.8756767029775467,-0.719943357661279,-0.48222097326835467
2023-07-31,1.5339981055658924,2.3211252670577665,2.2110234318611255
2023-08-01,0.22726879079550955,-1.6729194975557249,0.6480176452806852
2023-08-02,-2.90395257707603,-1.3006049905024852,-2.436974152914839
2023-08-03,4.066342772687914,0.14534983199601115,-2.8686721396676162
2023-08-04,0.5255584350887688,1.6922015089692266,-1.1834419404424423
2023-08-07,-1.6762098173962237,-0.10715746577849572,-1.7062102419973968
2023-08-08,2.8827769049813767,-1.8031588057023207,1.5180615234990036
2023-08-09,0.678812896814307,5.003708954592767,1.0615128911160454
2023-08-10,-2.5556942328043952,-1.1488231575727426,-0.062134891972220885
2023-08-11,2.729625626599397,0.38441163934672673,1.173945624914019
2023-08-14,-0.03345759626736111,0.4176715993834179,-3.563988820115682
2023-08-15,-1.4049423172019182,-1.5048314718450584,0.5079298494560902
2023-08-16,-2.1310586659098796,0.6677158350055556,-0.3807053142176997
2023-08-17,1.8325890001237966,0.6980877886883619,-1.0223770225398887
2023-08-18,2.0235530205989782,-1.4010831220236497,-1.749313784727402
2023-08-21,-1.558552236679045,1.0526586601684151,-4.5462394950614105
2023-08-22,-0.38710950492912843,0,-2.563352673311581
2023-08-23,-0.4646161183911701,-1.9383943491334321,2.904766463751862
2023-08-24,0.4858307614297175,-0.3208061051295452,0.8822609417891591
2023-08-25,0.9673165486499435,0.7823670789798065,-0.7460232133063904
2023-08-28,0.6784418819277604,1.3720640665177086,0.27193025555085626
2023-08-29,0.6001205678765054,0.0698332739323071,-1.7808731639362918
2023-08-30,-0.31101362146133127,0.9729393001342679,-0.9722256416784703
2023-08-31,2.7716403680611457,-0.20770955070270603,-0.911329852915177
2023-09-01,1.7365360098366978,2.3965669772104015,-1.5614205972096507
2023-09-05,2.9641170317196597,0.741474956044641,-3.493807319073472
2023-09-06,0.35146651899973236,0.7360502558813486,-0.5198652185799624
2023-09-07,-0.5537169219792304,-1.3085344009907907,0.5198652185799624
2023-09-08,0.2796179421777012,0.7737636131915693,0.29585369620805935
2023-09-11,-0.41002676239205726,0.5014267669708694,0.9555406004903233
2023-09-12,2.147852327532096,0.3661285071896003,-0.2197020743234468
2023-09-13,-0.293119532729591,-0.299464659873383,-1.8498493547694395
2023-09-14,1.9764990299908192,2.435927391001158,2.580312825225217
2023-09-15,0.7326068887236303,0.16247545788292683,-1.614119433004646
2023-09-18,1.9327814511711061,-1.0772089620569858,0.5164135208592491
2023-09-19,-1.486178715927533,0.3930655792223625,0.44053383797315604
2023-09-20,-2.1455504483748555,-0.6559595041293775,0.5115078423637343
2023-09-21,1.4219100350513436,-1.759378585772886,-3.788043531662133
2023-09-22,-0.4936345454040314,-0.7057829755941825,0.6789870489723349
2023-09-25,-0.19791855540631786,-1.8723962412206419,-5.724688633637243
2023-09-26,2.283611521153528,-0.27528103325558106,-2.0917886512963335
2023-09-27,2.3796348566471615,2.316175417672195,-0.8983306367727373
2023-09-28,-2.6048152008020686,-0.1347519721213608,1.223007483190397
2023-09-29,-2.0397407567587678,-0.2024955573249443,2.085078311488342
2023-10-02,-0.9656385479692275,-1.0187012992784794,-3.4722932034067178
2023-10-03,1.9943823313991693,-1.0291654161497021,-4.4526426511148465
2023-10-04,-5.1953169261480525,-2.231607190935847,-0.8628181109742172
2023-10-05,-2.2089555471076494,-0.8854288556737977,-3.169277927894054
2023-10-06,0.624634057515383,0.8501493573440655,-5.6106724013269105
2023-10-10,2.47461066283865,7.342749734893594,7.559358439018515
2023-10-11,-2.8012289946210522,-0.16400173484685254,3.448617607116944
2023-10-12,-0.9532397256502456,2.0471773705862617,-3.448617607116944
2023-10-13,6.5247493673175505,1.4053218593407912,-1.5915482505167056
2023-10-16,-1.2946371464959583,0.12679618851860752,2.203703163956394
2023-10-17,0.22907247930206154,0.5055212624808902,2.8364626936772552
2023-10-18,2.1329498418944937,0.9098208585535339,-0.5097704074404241
2023-10-19,2.0704646120507597,-0.7523534463554249,2.8549390372349492
2023-10-20,-0.7109748685641293,-0.5363778908180628,-2.5997322425653557
2023-10-23,-3.212700686108949,-1.787464944043471,-5.2322309583821
2023-10-24,-1.1708030155462623,1.216409164134813,5.993979494373125
2023-10-25,2.3799397188729365,-1.1520077581706367,-3.1694275563096674
2023-10-26,-2.188852362881999,-1.2631974149590164,0.08699302284798094
2023-10-27,2.4047193847314574,1.1665797460530314,0.43384015985985513
2023-10-30,-4.487656355234559,1.1531211936445906,-2.0114391151757616
2023-10-31,-1.1187388898939332,0.28622703825158524,-0.5314436655823762
2023-11-01,-0.6055388487906654,2.2384099237152455,-1.3411019242966837
2023-11-03,-2.8121390634261445,-1.015223698128942,6.007812532056711
2023-11-06,-0.18748823706769002,0.5723367261360579,-3.5612095644805386
2023-11-07,-3.1461720872147048,-4.540319370757384,-1.6755891068378048
2023-11-08,-2.532508214728235,0.2981541619430317,-0.8484361205447044
2023-11-09,0.4819110665691184,0.9547512469423758,-1.0120779307418282
2023-11-13,2.9695987178065764,3.096992675293553,-2.135316054701075
2023-11-14,0.1171676567150115,0.2854991735486756,5.973085474684492
2023-11-15,-5.256885418523272,0.09496321962823018,0
2023-11-16,-4.489185397745299,-3.346494430267377,2.528011128652974
2023-11-17,4.11883903115724,0.7173244295367809,0.5126316401683262
2023-11-20,0.8214085887766842,2.2169385005329723,-0.6595801974597748
2023-11-21,-0.35401992873502763,-3.0979921199120852,-2.758279154819032
2023-11-22,-1.3217244985467502,-2.7244350034259845,2.0943195956052207
2023-11-24,-2.367608112599928,4.382188896572092,1.0309324481100113
2023-11-27,-1.2473496734138223,-0.0967644732654982,1.3100646111914749
2023-11-28,2.4621518125726105,-1.0053540519685988,-1.8978716385109173
2023-11-29,1.4141691532029377,-0.7196583365908005,3.6183398078702744
2023-11-30,-1.7867065565405404,1.7895241671751272,1.831041369988995
2023-12-01,-2.298775927199337,-0.8744840753971417,-0.4896805348565181
2023-12-04,-1.431850809398405,-2.770641781360794,3.7168722982268143
2023-12-05,0.3172311567212205,0.2671896499783166,3.453196362228539
2023-12-06,-3.7741060921386627,-2.0897112394838047,2.1311772593807454
2023-12-07,-0.26657205036180187,0.17015649076643768,-0.769726017484107
2023-12-08,2.3923378417999963,1.9862583998777161,0.513811681605425
2023-12-11,0.8772473081753773,-0.20020602510113505,-3.986157252516609
2023-12-12,-4.431295959974868,-1.9562088655430188,-1.7485355748860343
2023-12-13,1.750129014274382,-0.20456151669936418,-1.0228524652210247
2023-12-14,-0.8245708330202994,2.127373350424211,7.967361933178196
2023-12-15,-1.0684094508809139,-1.6846724254701684,-0.12666052757897006
2023-12-18,0.9201141549674219,1.5174682427247177,-0.12682115995081844
2023-12-19,1.2195502968552319,-1.2460108400761172,1.3862836277863444
2023-12-20,0.36348403996075973,1.0450193125197238,-2.985294289490792
2023-12-21,-0.5097479880699751,-0.10065391676095103,3.6712906530116385
2023-12-22,-1.166534330152924,-0.23526467122012562,-1.5659575216711907
2023-12-27,0.6912122066226267,1.6684021574477903,3.0465577816435996
2023-12-28,-3.332260357370309,-1.7693884485486144,0.3667429846053061
2023-12-29,0.20148500079884002,-0.47265505597229307,0.24375951070059187
2024-01-02,-0.5639650721829703,1.0100997500637199,-4.736091373071005
2024-01-03,3.9519681222423664,0.1673656510729593,-3.5068488922260777
2024-01-04,-1.4359358974698644,1.9212292772715855,-1.1968248133811699
2024-01-05,2.7227544201499754,-1.354270952938208,0.20046986245922938
2024-01-08,-3.8158090812774326,-4.107141347977894,-0.40134241398144255
2024-01-09,1.4886755858445788,0.1730952433142363,-0.20127686162592084
2024-01-10,-1.3958919890106891,-1.4283308044850784,-0.9446722919385309
2024-01-11,0.7586473182754183,-0.9873151471759378,3.202410415904655
2024-01-12,1.0414548124423995,0.8468751933752294,-1.2553909005068142
2024-01-16,0.6281207142530221,-1.951465789452378,-4.696333573417721
2024-01-17,1.1442459649384062,-2.209845525393739,-5.074333453749702
2024-01-18,2.20849828184857,-0.40374534482277014,0.4389225165946087
2024-01-19,-1.2769024334182255,0,-2.5879447987820825
2024-01-22,2.35213568147028,-0.33155195566934026,0.5974648412325756
2024-01-23,-0.652541519529759,0.44183957889156744,4.797424933393657
2024-01-24,0.5830365544050586,-0.22068284603449229,2.45368086040445
2024-01-25,3.059697758535407,2.293086451218862,0.20754283565862508
2024-01-26,0.3823048451847555,1.4645845408535862,7.2626038422772154
2024-01-29,-1.3421251832601122,-0.3196582103166534,-5.481730678340924
2024-01-30,1.4323685274849396,-0.0711764197622422,2.613209937528893
2024-01-31,-2.4187298993441964,-0.03561064273798209,3.89154170200392
2024-02-01,-2.200444172525984,0.07120860881144608,0.25413555697806345
2024-02-02,-2.685974509580902,-2.81505136669411,-2.1161437004473704
2024-02-05,2.6212505062863656,-2.1084703109089276,-6.147557719285235
2024-02-06,0.8095649447192876,2.4008624842301707,0.6183419753993391
2024-02-07,-0.4436735419750093,-2.139525294215172,-4.19641990990316
2024-02-08,3.6766853321155146,-1.578381520088712,1.277521301028628
2024-02-09,0.5230747562659843,1.8762309509337882,-0.9210146845790135
2024-02-12,-0.6011126981187331,-1.2720039396606708,1.8336240440704366
2024-02-13,0.8629848605238521,0.12930486924300766,-2.118723230612307
2024-02-14,-0.47459118873183215,0.7674628447522203,0.6403393469786245
2024-02-15,1.7024418042055345,-1.4632568011109015,2.31345965503591
2024-02-16,1.211326820871328,1.348505361058372,0.4149320275847579
2024-02-20,-1.7364779290366172,-0.7683401756485075,-0.5536261842788548
2024-02-21,0.21286157432216513,0.19263558762974142,-3.1726311311857103
2024-02-22,0.8126022044498526,-0.3083982134950425,-0.2869508072957494
2024-02-23,-2.2127178832740846,-0.619679054044564,-3.8818518862287377
2024-02-26,1.3709569816677813,0.6968786873494892,-3.7280802752812647
2024-02-27,1.5900343013641738,0.6537153232726745,0.5411663431367231
2024-02-28,0.30944821592147065,-0.3840211080598621,-1.0852772385339549
2024-02-29,-0.23020938926636703,-0.85007653528546,2.311350914368404
2024-03-01,1.7909238561838237,1.807374701387232,2.7048913417583975
2024-03-04,-1.9278422042294352,-0.7267071380468337,0.36995974315425784
2024-03-05,-0.3625423574183273,-0.3075754268114572,0.44215703355421354
2024-03-06,0.9280101135895613,1.414659065966628,-2.230575751429864
2024-03-07,-1.1785176861259572,-0.8387334906938548,1.862251209800192
2024-03-08,-1.888765509003676,0.22943752145838658,0.6620060342423351
2024-03-11,0.8272517919572842,-1.1138874694492706,-5.34563912822188
2024-03-12,-0.1323568976264511,1.3428069375764018,-0.3874472015935382
2024-03-13,2.618837271435126,0.9859825258989652,-0.23319330287501217
2024-03-14,1.8406612994195548,0.5644465888485328,7.421909474774679
2024-03-15,0.4996779248966021,-0.3006402378210815,-2.1176358763265846
2024-03-18,2.4137273504136303,0.7499091396832469,-1.3373179037271754
2024-03-19,1.5567648654335464,1.3726788808996915,2.9478922289759346
2024-03-20,-2.046199710442309,-0.7025305849404972,3.0749674029017626
2024-03-21,-1.8056351727151032,0.886606396703371,1.537414608621912
2024-03-22,0.3206291623953028,-0.5901989766648796,2.059098187524544
2024-03-25,1.3888061160744591,1.905521286490064,-0.8185563854389066
2024-03-26,-0.0037346529111026427,-1.2785671072760962,-0.8944009161139022
2024-03-27,0.5282141231630177,-0.8121136649711147,-0.2768125618669792
2024-04-02,5.361784329365893,3.8179500638375607,0
2024-04-03,-0.43001168216134644,1.1351841456481715,-4.972615192767016
2024-04-04,0.29579275873388156,-0.3887756732812164,6.349099388480983
2024-04-05,0.46086392356174954,1.0917524245712684,0.27303354605567876
2024-04-08,-0.5322329925139258,-0.5620053508137879,2.557341984270689
2024-04-09,-1.7686504144982962,1.5726411620218705,4.164553664938175
2024-04-10,0.9224151262533731,0.8631169179445841,-3.832878402338835
2024-04-11,0.2798795930664788,0.6510169508202601,0.7258402578630196
2024-04-12,1.2312662641730476,3.3252616203501617,0.45916573111028924
2024-04-15,0.00875830587183657,-3.3935928426345185,-6.908634592280993
2024-04-16,0.525289034298293,-1.9672688232165392,-1.7687053873465253
2024-04-17,-2.8546962963807765,-0.13952249912927428,0.8528814379819671
2024-04-18,-0.12578202920465742,-0.6653802242349904,-1.3537856745966081
2024-04-19,0.8241268664056278,-0.45781721542201836,-4.3995366814203685
2024-04-22,-0.16270079952196426,-1.0289499647174516,0.8955374828178542
2024-04-23,0.12957836564169156,-0.8955761336674861,4.147554630386363
2024-04-24,-0.19067539856152393,-0.07198269075452401,-0.21405862507695161
2024-04-25,0.5019855717550925,1.819840092856051,1.1363801754237457
2024-04-26,1.3241704162068046,0.8450853625047827,4.488153812233442
2024-04-29,-1.5122345188713027,0.10475866284860302,0.13495072362825766
2024-04-30,-0.632786765414739,-2.5051371033411485,9.512627732673096
2024-05-02,-3.1115802900044898,-1.406905621338428,-7.907246166699
2024-05-03,-2.7492507103059616,-1.2380787468941001,1.121751782133007
2024-05-06,-0.09029355352785373,2.534622579353396,0.7191963824022096
2024-05-07,0.20176267137976822,-0.07362648091779889,0.5846031032881172
2024-05-08,1.4645992164429522,-0.9622739227024724,2.9357604160098028
2024-05-10,-1.9948957952807156,2.569897670832866,-0.31496089028957286
2024-05-13,1.0280635047580589,-0.21771368313601158,-0.8235732735447421
2024-05-14,-1.3560197187396206,-0.43683444312172526,-0.5741603629455305
2024-05-15,0.1513810603163357,-2.474739724231867,-2.7239017558878587
2024-05-16,0.3971664760920035,-1.128249378505597,-0.065771854727803
2024-05-21,-0.7255501008973653,0.2266719160877173,-2.8697351970810026
2024-05-22,-1.5592586440376088,-1.635941958413234,5.338998414884344
2024-05-23,-2.9592046180945353,1.2578787485200138,0.25640648437734725
2024-05-24,1.2396837748553935,-0.7986425031606181,-1.5484140954161063
2024-05-28,1.8789229782313122,1.6285208317897926,3.38798967925813
2024-05-29,-0.5010452670491716,-0.7541470880211953,-1.3924352868190937
2024-05-30,-1.3127658696547861,0.4531593326119854,9.768297365946665
2024-05-31,-1.8093545721747262,1.3101402787478733,0.7486375536846168
2024-06-03,-3.39653849806405,-1.0843145732774673,-0.8643096004035122
2024-06-04,-0.6580811734048453,-3.325367635018406,-1.6336436980328273
2024-06-05,0.8982364999877035,0.03886948869684659,2.0379162336651824
2024-06-06,2.1817367996423087,-0.38925479308176136,0.287769982761521
2024-06-07,-0.40729996304627036,0.9316628656961257,-2.266876393078743
2024-06-10,4.393264655447648,0.23158521379222918,-1.242255588048291
2024-06-11,0.22378849293041014,0.4231614779514281,-0.7168471182702696
2024-06-12,0.32845523825431044,0.9551082208009376,1.7236646036372427
2024-06-13,-0.42839984457838653,-2.6195537554171366,0.058913759297940516
2024-06-14,0.40757801234221347,-0.43027901419518955,2.6730184627748343
2024-06-17,2.876138624834468,0.27402413348234234,0.11462018849792699
2024-06-18,1.2744818531484015,2.089058838634461,1.703618656207606
2024-06-20,-0.6067194178331903,2.420691751714976,2.2823093681828333
2024-06-21,-1.8898229167730207,-1.506057827059859,-1.832877267316313
2024-06-24,1.439717762484527,0.8687453633339892,-1.0707309560025635
2024-06-25,-0.8511242377762684,0.41283851417217576,0.22636902897561484
2024-06-26,1.0998112738249688,0.8206056894202618,-0.05653991984910789
2024-06-27,0.99416270743653,0.4817343997257417,-2.288429343402587
2024-06-28,-0.3499136611734066,0.6265152455747547,0.2889340300651355
2024-07-01,2.165814740768379,1.1687455840071692,-0.869318701765387
2024-07-02,-0.1548031519550186,1.047497652413032,-3.374097394830855
2024-07-03,0.8453175266906143,-1.1201545942970625,-0.12048929592101132
2024-07-05,-1.586205869059043,-1.79656390136671,0.06026279504744991
2024-07-08,-0.9828031941085946,-2.1313211837166612,0
2024-07-09,-0.5526845705426275,-1.102026056631722,0.36079780119457894
2024-07-10,1.654250510236821,-0.45960906059550055,1.5485662767239283
2024-07-11,0.9194639902452728,-0.3075696799582417,2.1631928252673127
2024-07-12,-0.5788286926056152,3.033986666740862,2.5693678081689875
2024-07-15,-0.10918507018162771,-0.9759863886264597,-1.0767992564170825
2024-07-16,-1.2268438114031888,-1.1762730888723816,-1.203801375853164
2024-07-17,2.201366024384477,1.5748181896452884,-0.7525290464958978
2024-07-18,-0.03276641749385689,0.7292190172424995,0.8678098702318948
2024-07-19,-2.285748479669447,0.11466321309292482,-0.46189633541589004
2024-07-22,0.5639020434830222,-0.2677431648546502,-0.9302428148636466
2024-07-23,-3.1238140331764086,-0.7303402496193101,1.1037051560264466
2024-07-24,0.6187994396980478,0.921660443272998,0
2024-07-25,1.9633591408681816,-0.8830947510539033,1.0344849685163915
2024-07-26,-2.3702793961093427,-0.4251121596332119,1.8130877438394144
2024-07-29,-1.4648502845463263,0.11610706454856512,0.11223174191785645
2024-07-30,-1.7247322759175177,-1.0108895919890948,-0.3370823998000816
2024-07-31,3.466067542890716,3.4565602901206027,-0.8477021804726093
2024-08-01,-2.3037238883008904,-1.0626228213514999,2.1337154707982364
2024-08-02,-2.485379388244713,-3.5336637335228183,-3.562719521228086
2024-08-05,-0.39821112077724763,-3.090751240527645,-6.665165390813765
2024-08-06,-0.2613707546075261,0.40684043042347184,7.410797215372256
2024-08-07,0.8400615439561498,2.367206018086332,1.192860532894091
2024-08-08,2.0291173987820876,0.9078433398389762,-3.8566000675993806
2024-08-09,0.49293938167549456,-0.19666286298090085,0.7600171553189483
2024-08-12,3.4302403023274586,2.026579574768128,-1.4667320993922317
2024-08-13,-1.8986780366055278,-1.6336468704217566,-0.47393635716570515
2024-08-14,-2.7533065153460434,1.4405673267424923,4.357355148065878
2024-08-15,1.3992420345641854,0.8084558508781647,0.05683779934217981
2024-08-16,-1.2676414524828594,0.6497285046186185,-3.468555798789019
2024-08-19,-4.039185448560634,0.19029397775804924,-2.3810648693718406
2024-08-20,-1.560435488984968,-2.81491344464726,-0.36210426684988306
2024-08-21,-3.6756138918281778,0.11725557852733104,-2.634141761861386
2024-08-22,1.868680590961791,-0.3521800095214189,-3.088811020134763
2024-08-23,3.219537967985353,1.1303967631794976,-0.3848566898113859
2024-08-26,2.769724106533733,2.1093804513316883,0.19260859435643596
2024-08-27,-2.9168893505133298,-0.26601348133397096,1.9689465306697684
2024-08-28,-1.019135782564362,-1.3407589548923404,-1.3295581381918886
2024-08-29,1.5035087920828083,0.42332634812511927,0.7619161982525213
2024-08-30,-2.9544652147101225,-2.5278492322367008,2.4368552411546673
2024-09-03,-3.0873347066302514,-5.255850907588133,-5.846643852772715
2024-09-04,-1.4592105485058404,-0.5828535356109832,1.4940212829967159
2024-09-05,-0.5851488541461336,-1.0071444043141753,2.671912653867814
2024-09-06,-2.1299253481562808,-2.9099181197683954,-2.2216083048992807
2024-09-09,3.2607599657820785,-1.3552124528377618,0.4482856955898562
2024-09-10,-4.496673528654327,-1.463116306639467,-0.5124950740499123
2024-09-11,2.4374728120331923,0.44563907649024515,3.160819451335417
2024-09-12,2.5935238972450314,0.92941077242514325,2.093678153686085
2024-09-13,-1.7290342128394087,1.3998636406535425,1.391845641740197
2024-09-16,1.1532772586578588,-0.17391990042128214,0.7782158924115379
2024-09-17,1.4354533250827473,-1.2259437402322604,1.1266108714070633
2024-09-18,-0.38001933306119895,-0.17635803119473437,-4.09202870316312
2024-09-19,0.16394492754816525,1.0098744637554447,-0.12292376631748425
2024-09-20,0.27507675110696184,-0.35009218403923015,-2.8698201623739372
2024-09-23,-1.9099622008077688,2.3397818999245423,3.2381390803543297
2024-09-24,0.6457591920423944,-0.3431911190338255,-1.2330612689482656
2024-09-25,-2.619069290916176,-1.6901872849563127,-0.6222795556443117
2024-09-26,-1.8633904453851713,-5.064937136220227,1.4870219066121848
2024-09-27,0.36939600468350875,3.1676844192809916,1.7073511037338562
2024-09-30,-0.23670459187101756,0.7543815163536749,0.5426658861756195
2024-10-01,3.0838466277555376,2.6610086822126178,-0.48222097326835467
2024-10-02,0.115408814235618,4.0908088990622815,-3.005435530000078
2024-10-03,5.633690388578483,-0.45557915488982914,0.49688785026491544
2024-10-04,0.5946431636496996,2.135607705574305,0.8636754294115256
2024-10-07,3.890231458877924,0.12181949063663211,1.4634370299885902
2024-10-08,-4.339189467907811,-4.016271872937427,-0.7290414789568267
2024-10-09,0.5174643723982797,-1.3183116721116939,0.9708850983938255
2024-10-10,3.752609337343582,2.7445175410903744,-0.9099243518212674
2024-10-11,-0.961612117446542,0.1664577145306545,-0.5499611459414133
2024-10-15,-6.09330357795459,-4.246922113701412,-1.8553408245925773
2024-10-16,0.004484848327113156,0.6917489946648203,-0.8147980452963388
2024-10-17,1.3012940334444778,-0.1724949493557837,0
2024-10-18,-2.447134577083876,-0.8234020684136034,2.2402966638170874
2024-10-21,2.1271748661506606,1.125059770639858,3.4475727625430608
2024-10-22,2.501986805803025,0.086021040587880293,-2.1635404071356668
2024-10-23,-1.2892462219365797,-1.7346393142403826,1.6867796270841673
2024-10-24,-1.740943479453172,0.2621140852349768,0.4172955128699307
2024-10-25,1.8312146012673836,1.8587068259914297,1.0650916030313873
2024-10-28,-5.415140097281856,-3.619321868687031,-2.56347139455837
2024-10-29,-0.4379555966318449,0.04439487742695647,-1.031883029761893
2024-10-30,2.0296530541260793,4.00228337985844,-0.9809955186781849
2024-10-31,0.8537135144389474,0.04264222713947774,-1.9285239082786454
2024-11-01,0.48211476253881,-0.38438263782794024,3.6995588372817245
2024-11-04,2.565396466104186,0.9617043308049134,4.7290135894718865
2024-11-05,0.7737646864898196,-0.4808810862285462,-4.245919015194222
2024-11-06,1.0554342281851703,-2.484604220180575,-3.058342337208053
2024-11-07,-1.2129659258852676,1.0279439680894065,0.06209630849678405
2024-11-08,-2.4572950150424155,-0.535002766266679,-0.4978249416133451
2024-11-12,-2.0976248392987173,-2.1234076523156453,0.1869760863819181
2024-11-13,0.5895621030902909,-0.45767518995827317,-2.586082953690827
2024-11-14,1.1948534992050952,3.382525163052641,2.2117805253618172
2024-11-15,-3.4212394791765632,1.8018425629054313,0.8092188817100165
2024-11-18,3.5621969363186956,-1.6689000788204567,-2.0038221230088915
2024-11-19,-0.3218470245244909,0.6180950114535122,-0.9532960288940018
2024-11-20,-0.7012843407537162,1.1378782889055472,-0.25576046638144945
2024-11-21,1.7678697510923769,1.468716460818431,-0.25640648437734725
2024-11-22,2.4571533992261863,-0.6021589714781506,2.472388308734086
2024-11-25,-3.8528384453475617,-1.3463897748952292,-0.25078000383480514
2024-11-26,0.040016192282887886,-1.2318660993543062,-1.0094761455976986
2024-11-27,-0.041579849641149025,1.1443814958184362,1.5104183508488411
2024-11-29,-1.497183405507574,-0.9232851197497283,0.6847153015213436
2024-12-02,0.46937749876310164,-1.6477860467678518,-0.997508788274093
2024-12-03,2.2943561830269132,3.44253733428852,0.12523291712458473
2024-12-04,-1.8112282639331845,0.08673338438338618,2.959527289433339
2024-12-05,-0.45225768743639705,-0.9581995521543263,-2.584766794329507
2024-12-06,0.3339021791725294,-3.972848998985956,0.12461821365459258
2024-12-09,0.21637164740475612,3.3582737279283847,1.0529653806619521
2024-12-10,0.5775673226607658,-1.5979068257966134,-0.5560775303970367
2024-12-11,2.491714898802311,0.26810628953430893,0.06194246429451766
2024-12-12,-0.7986666032512524,-0.4024255749664363,0.6172859107080875
2024-12-13,1.7494020300286017,0.26845839614217937,-2.492340845245611
2024-12-16,-0.18177106749099892,-1.7579862803834168,-1.6539856403801956
2024-12-17,-0.6048197636356889,-1.558235106790118,-0.6435028893653438
2024-12-18,0.6918193952254903,-0.6487582905171152,1.7914766597445286
2024-12-19,0.417024923704723,0.2785617085153014,-0.8917217664892618
2024-12-20,-0.052380025208265124,-1.2127043497990542,-0.38461977127237645
2024-12-23,-0.8503467270450038,0.7480028071000788,1.782353407762649
2024-12-27,2.4346726809668873,2.438595788482445,-0.1262607152050954
2024-12-30,0.5596997114811764,0.7697492470483347,0.44122160549466827
2025-01-02,2.9283536065213944,4.928407242658572,1.8692133012153
2025-01-03,1.321344997860674,2.0400265045513066,2.4391453124159135
2025-01-06,-1.697764091070031,0.6708569796993302,-0.36210426684988306
2025-01-07,1.4747258668953656,1.4520188364188336,-1.7073511037338562
2025-01-08,-0.31191758554980353,0.20571569850966753,-1.7370182221173813
2025-01-10,4.324437917223989,3.5927094101736223,-2.1506263343358256
2025-01-13,3.558689091829592,1.5345675382112844,-3.513695227124991
2025-01-14,-2.107589995349457,-0.2737113736384522,1.3158084577510998
2025-01-15,2.5121812764116846,-0.039159934779853245,4.035131468086739
2025-01-16,-1.5114276993888787,-0.5105138084998018,-2.930149822122363
2025-01-17,-0.7208210340190035,0.9794375037142089,0.9009128769342567
2025-01-21,-2.3576732272705847,-3.4506659874712575,-1.289508468785261
2025-01-22,-2.2503630706061983,0.12099999982382315,-2.0321945118644713
2025-01-23,-1.255874449265626,0.4825132896734807,0.33057881344999984
2025-01-24,-0.5698898032547639,-3.8018114709465145,-0.26437152768483685
2025-01-27,-2.009448496590238,-0.41754487214324953,2.030853166574609
2025-01-28,1.6449167866253944,-0.08371276936012251,1.0322711685987862
2025-01-29,-1.4058095800199233,-0.25156690160654804,1.2121321593015821
2025-01-30,0.007947209459580051,-0.4206994291353183,1.8844779135737788
2025-01-31,-0.4660486273023068,-0.21101895998745235,-1.2523645450428056
2025-02-03,1.8801039089703764,-0.25380899791871414,-2.6174432669911596
2025-02-04,-1.1853101279640121,1.9711356336755692,-0.7792326487805923
2025-02-05,-3.565470494001932,1.7291401367856452,4.024818696673282
2025-02-06,-0.08582689559943901,-0.8196704986009884,-0.9437000068602153
2025-02-07,0.040405592190495554,0.8196704986009884,-1.4645299129514733
2025-02-10,2.072800681313147,2.69797149185651,0
2025-02-11,1.2538511384206252,2.317000280059389,0.06412703360032523
2025-02-12,-2.382486535194861,-3.355343843387182,-1.4853376560274967
2025-02-13,0.1729592232120325,-1.49649698751384,0.19499717243673942
2025-02-14,-2.23737153834751,0.12217557299658566,1.482465453880355
2025-02-18,1.9794314584039796,-0.4772536758022028,-1.6774626263170944
2025-02-19,0.37838282112945265,0.8803338846685271,1.996849668978662
2025-02-20,0.15374578682090245,0.4580437984928132,-1.154601045980197
2025-02-21,-3.0463722771921553,-1.0440711170178751,0.6430890330290318
2025-02-24,0.5255017869999712,-1.2249311313741629,2.6567008335047326
2025-02-25,-2.776837333250004,-0.6395202974896819,1.2407107281944718
2025-02-26,-0.09035062635192048,-1.031836752545967,0.5533424182361024
2025-02-27,2.707340766139321,0.7748703694681502,-1.4824293295826685
2025-02-28,-0.09722799031175455,-0.30062622834128305,0.8057081479321049
2025-03-03,-2.7029544592002352,0,-2.7536119080715515
2025-03-04,-0.14664546223572827,-6.899290781049228,-5.477254883614968
2025-03-05,-3.9872218957764716,-0.323097801086103,1.4637633373986603
2025-03-06,-1.7724411942378282,0.9203997595933266,-2.7453956502945687
2025-03-07,0.8032907192766281,4.303662217775983,1.616192685319895
2025-03-10,-2.1117776308061664,1.696801175956697,0.26685082626514145
2025-03-11,-0.6127253040264513,-1.4776435768562024,1.4550500636510755
2025-03-12,1.7032270045121756,-1.3665651547585256,0.8499580511079685
2025-03-13,-0.8133872929680486,2.4118696095841052,3.203348723445121
2025-03-14,0.5588985429795024,-0.347229507472413,0
2025-03-17,-0.31450551810472405,1.681445461828801,0.9413310441361844
2025-03-18,-0.6573258988899155,2.99031897557569,0.994408958428572
2025-03-19,-0.14007190749651954,1.1551339957850182,0.06182757755883728
2025-03-20,2.258519585011687,0.16393427002627803,2.0190364408992245
2025-03-21,-0.8741087396044733,-0.5749495711354413,-3.1377572660853836
2025-03-24,1.2009665020350724,-0.3713672081451236,-0.8788467549374346
2025-03-25,-0.6019288485677343,0.08265151426778417,0.2518854535779269
2025-03-26,1.5960263012560816,2.125128491112882,1.1257173503227413
2025-03-27,0.2517226460123645,-0.5677287188549762,-1.0000121482509172
2025-03-28,-1.3479678619781055,-0.7756749715198907,1.496292961532486
2025-03-31,3.8898454984677144,2.229069933158545,-2.252915082930773
2025-04-01,-0.947856384729473,-0.24077031253710857,-1.7236283221599535
2025-04-02,0.18596042402228008,-1.4161626713038444,-1.1006889355366312
2025-04-03,-8.09700229571515,-6.916759244127579,2.4438436756200943
2025-04-04,-5.125719528098571,-7.008513012034268,-7.108246611984814
2025-04-07,0.907922906538694,2.360675494420228,-2.4164101871848587
2025-04-08,-1.5462798845246262,0.045731279477490006,1.3879472739837695
2025-04-09,4.763399230284193,-4.345461984134946,-3.435324912102722
2025-04-10,-4.8235277749517635,1.7984373727797376,3.0209554719171194
2025-04-11,0.8220467380186669,0.234250695741256,-0.3466207976486224
2025-04-14,-0.8072546993169283,1.85447072720466,2.9423970146158496
2025-04-15,-0.3359837922859654,0.09183502633769436,1.8042567092765083
2025-04-16,2.387037938114034,1.0500008950670825,-0.5978057512513679
2025-04-22,0.10216669652702848,0.8141148254710906,5.3821661545618404
2025-04-23,-2.526559219997715,-0.31580930434937926,-0.7604580266140637
2025-04-24,1.2578104258976097,-0.36217010793038185,-0.06362764691640876
2025-04-25,0.7475572661379992,0.8130345651140125,0.44458436384529065
2025-04-28,-0.7050861993105784,0.6724853298277544,1.7588411765939505
2025-04-29,-2.9472476734093256,-0.6724853298277544,-0.6872917292217728
2025-04-30,-3.7348803986220425,0.4040215296755356,-0.8816139404061119
2025-05-02,0.036486875882868475,-0.539076682509787,0.8188945244714141
2025-05-05,-1.724952871342822,-1.314915871042377,0.3757087168274609
2025-05-06,2.647443042507991,1.2698569232309609,0.6230549750636527
2025-05-07,-2.2347674857455146,-0.0901636134566175,0.6191970247921397
2025-05-08,3.730671802586283,2.230234034042411,5.87346920812033
2025-05-09,2.0784661068438126,2.69816631397255,-0.876942172505224
2025-05-12,2.160260579153128,4.372156843826769,2.1493693625993515
2025-05-13,2.4298388051988695,1.343989939213408,0.6872861869053004
2025-05-14,-1.7936569021554938,0.9136278695645039,0.6825947888679629
2025-05-15,-1.339748568795418,-1.0388636711006427,-1.1402632494605491
2025-05-16,1.0683582994670537,1.410230696026371,0.28628706497260126
2025-05-19,-0.7272952450059655,-1.8288197398888428,-0.9767368618896377
2025-05-20,0.1716430433596372,-0.631180399729736,1.3761737450591838
2025-05-21,-3.3146752477628105,0.12655657757294492,-1.4917121461298422
2025-05-22,-0.22587770576540933,-1.8294562865912134,-0.6960567184191468
2025-05-23,0.6696805052656352,0,-0.2914604168231527
2025-05-27,-2.681062639181153,1.3222730917526349,2.365262199503171
2025-05-28,1.7416987102691017,0.5071831948385785,-1.3777450642608713
2025-05-30,-1.5334699070614022,-0.9318155689103769,1.1494379425735168
2025-06-02,1.9319698585380074,3.7992550576280593,-0.7456318245584903
2025-06-03,1.7922049771097015,0.7346894417188388,-1.6836356456025214
2025-06-04,-0.9389273080073757,0.6889644763905522,-0.7050539876392037
2025-06-05,0.495688144983486,-0.6076630294956864,0
2025-06-06,2.0004003731587616,-0.1626690468294001,1.0557211208390704
2025-06-10,0.2473205082964114,3.322298222994746,0.9291623943876282
2025-06-11,5.304763931784517,0.7843173926191049,1.7192400540372965
2025-06-12,-1.5909909778203613,0.9718261005239093,0
2025-06-13,6.7478531459439495,5.457621209126362,-0.3985185702190641
2025-06-16,-2.1215502638400885,0.10981259155373735,0.3985185702190641
2025-06-17,3.790811137414174,2.1358442981221692,1.129955525393278
2025-06-18,1.1043757479639815,0.2503986095068633,-0.619898362897775
2025-06-20,1.0557273924344024,-0.17880222101958054,0.619898362897775
2025-06-23,-7.836387357472674,0,-0.9596443578232972
2025-06-24,-6.548751911556305,-4.952417191029301,1.3521298373982304
2025-06-25,1.4712144322253984,-2.977310858474347,0.7248445802376047
2025-06-26,0.12119091369333646,-0.6998527409561639,1.9802660539728123
2025-06-27,0.07978193144619894,-0.23437692603440752,2.3682451400010684
2025-06-30,-0.31844592979490827,0.8179207809452471,-1.015776638477739
2025-07-01,-0.16917364004562785,0.07755640742335146,-0.053752273197016365
2025-07-02,3.735171780394264,1.4621192182634246,1.0695289116747553
2025-07-03,-1.0295779247582182,2.1912581968493328,3.3475897799704057
2025-07-07,1.9647508542170122,-2.3824277797537263,0.6664998178315784
2025-07-08,0.25966986939556236,0.5724158553459979,-1.1305346338132516
2025-07-09,0.2604201653769955,0.22805203447369138,1.1816233212670113
2025-07-10,-2.9859993095772808,0.2275393591542496,0.8138350397342009
2025-07-11,3.148131848283331,1.0550106563743888,-0.3552386199618063
2025-07-14,-2.3824944449088115,-0.30030285786581956,0
2025-07-15,0.15957582358350209,-4.380258396760084,0.10162447668013996
2025-07-16,0.23327470603327072,-2.1437935126821017,-0.35614230700904415
2025-07-17,2.77716821578764,-0.24104945175436043,0.8121903040172462
2025-07-18,-2.0722797294324913,1.7035102160914306,1.1060931930923168
2025-07-21,-0.07561339971138281,-1.0197926357630394,1.5873334137796569
2025-07-22,-1.339109116065984,0.44998974519323554,1.2714137542870318
2025-07-23,-2.853780038506315,0.5698028905698038,1.6385879374311685
2025-07-24,1.7061821245190956,0.4858371139725648,0.5719734251433906
2025-07-25,-0.7020795487259868,-0.44525392284064935,-0.1902921136981206
2025-07-28,2.418667227736915,3.390153653254302,-1.3423035060701416
2025-07-29,4.2186203748052264,0.03920849816481109,0.19286850353301688
2025-07-30,0.8992367498906972,-1.66012573566503,-2.4379558751573605
2025-07-31,-0.3738200983038453,-0.23941578283439569,1.5671216288180467
2025-08-01,-2.143294342005042,-1.6516001561470262,-0.6826009759799412
2025-08-04,-2.443484498627413,-1.0206318124104108,-1.478587848988333
2025-08-05,-1.6750146240841701,-0.24649792891562328,1.674095808749243
2025-08-06,-1.7941868799248084,1.8341631873940223,1.068488519885502
2025-08-07,-0.7456901860887655,-1.1373005058101349,-0.8733694840868722
2025-08-08,0.552943776553505,-0.3273367126023885,0.29197398042040135
2025-08-11,-0.048766972391778296,0.16379574721439027,-2.958795674018777
2025-08-12,-1.2094806712376283,1.1796032988147687,0.8968684984071551
2025-08-13,-1.3237035451291845,-0.4864214265213995,-1.2980741748095603
2025-08-14,2.026481673471281,-2.01115524010822,-0.5543002957385745
2025-08-15,-2.075684479066897,0.8257724728673033,0.8052414562811805
2025-08-18,1.1655654291988782,-0.6186875391568591,3.4001767706192787
2025-08-19,-1.4749093412072867,0.37167561906974456,2.298953334638476
2025-08-20,1.7242833412374203,1.391752022940107,-0.37950855280461937
2025-08-21,-0.16305687926463364,2.568360102137568,-2.210561362574559
2025-08-22,-0.6314260454305831,0.5925307292952375,2.6847206335552265
2025-08-25,0.7349887620785367,0.11808851397896447,-1.8138863872159128
2025-08-26,-1.8702062976768907,1.2121327928345416,1.8138863872159128
2025-08-27,1.508759495263856,-1.0156342428617293,1.0353091096294342
2025-08-28,-0.3100342058570682,-1.4633376790777142,0.3738265068205848
2025-08-29,-0.7869076339920511,1.1487506151259375,-1.409135616450019
2025-09-02,1.9240340765036557,0.6282001030532669,-2.0067548907489297
2025-09-03,-2.277978033765038,-2.898765289162597,-0.872522787757557
2025-09-04,-0.3545461056793542,-0.6061797530388269,0
2025-09-05,-2.973268164309406,-1.0185461619714786,1.2578811922126398
2025-09-08,0.020832541312998387,-0.36922933891165854,0.4796172263493048
2025-09-09,0.43599473791076093,1.9133480096396482,-1.5429413736106845
2025-09-10,1.1736927458810165,0.2014125070520123,0.4847319162619712
2025-09-11,-1.9289969435220655,-1.622754886520461,0.3861023300773425
2025-09-12,-0.025453805805675245,-0.12277629125954093,-0.6766623909227221
2025-09-15,0.35891417160272,-0.698580891314915,0.09694472532411069
2025-09-16,1.8556602538897238,1.5954463103218686,-0.5830905611611037
2025-09-17,-0.6864486700322026,-0.040586677399279125,-0.292821507551988
2025-09-18,-0.9545816412300567,1.0902600885357216,-0.5882429741972395
2025-09-19,0.012429534638958017,0,-1.8859059150909019
2025-09-22,-0.15628031020531452,-1.0902600885357216,0
2025-09-23,0.8519331003599362,2.9996248157639016,1.3930512801501926
2025-09-24,2.9912451742459822,1.7575118905712728,0.1974379507542423
2025-09-25,0.3208213475602406,1.2694958119196187,-1.390292021710593
2025-09-26,2.2562811519660997,0.6477407528557855,-1.4098939854947368
2025-09-29,-4.129110195523644,-2.4607168890325326,0.35433950740166864
2025-09-30,-1.4606664816255055,-1.490217540005112,-0.7099390457790733
2025-10-01,-1.3639135089962728,0.590896775355354,1.3646898521113116
2025-10-02,-2.224876818484045,0.31372347917582033,-0.8064513628425196
2025-10-03,0.7679488988269867,0.35176722242580283,0.3536234713346964
2025-10-06,1.3724264307349188,3.300381597125135,3.4204047509149405
2025-10-07,-0.00829429902511336,-0.7959150617805832,1.066416794221059
2025-10-08,1.770812656346088,1.0598205525602644,-0.7744428138006576
2025-10-09,-1.36963639762806,-0.5663609907725409,0.5813955036664709
2025-10-10,-3.4448785998717035,-3.1541108661352624,1.4388737452099676
2025-10-14,0.5539513306649368,-2.4927108098101947,-1.1494350025371247
2025-10-15,-1.762888400402307,0.3998393025305802,0.8633088596699423
2025-10-16,-1.480122473744494,-0.15974648407866,-0.09555516857808755
2025-10-17,-0.2980447708338829,-1.774230439344393,-0.5752637901697888
2025-10-20,0.39569833434560664,0.08132840875489933,0.7662901865395533
2025-10-21,0.34331248512797785,0.9306145791261322,1.044146600926954
2025-10-22,1.0313982467319072,3.2490943336136446,0.1886764222382986
2025-10-23,4.590803799991416,3.8995775697467927,0.09420488334681565
2025-10-24,-0.12961048347115423,-0.07501971704533261,-1.1363729914365628
2025-10-27,-0.35008862268322005,-0.5272266886655608,0
2025-10-28,-1.7856830987319938,-2.029728999742808,-1.1494350025371247
2025-10-29,0.4655184428992598,1.7976285901780464,3.129696307431562
2025-10-30,1.1312000849255988,1.7658718343167124,0.37278843612496004
2025-10-31,0.4591620436883659,0.03805013204214447,-0.653289246711175
2025-11-03,0.40736147816486934,-0.0761028576963696,-1.6997604943082223
2025-11-04,0.20526378677576673,-1.8053138499388943,-1.5355373326144672
2025-11-05,-1.426416810738118,-0.27169032759726264,-0.5819594123954275
2025-11-06,-0.8125430546117585,-0.5065231964016093,-0.7812569423153448
2025-11-07,0.7089820204694952,0.6230557707946005,0.09798969414038794
2025-11-10,-0.2078566609480248,-0.3110456788649074,1.1684695442587767
2025-11-12,-3.1049378536428307,2.3476201397044427,-3.2467219680170523
2025-11-13,0.24279745890218862,-0.4957129638176738,0.5982056509764355
2025-11-14,2.425947358121494,0.2672185125323523,0.8906555983985598
2025-11-17,-0.11148783582202171,0.19044431924317706,1.2726584225582371
2025-11-18,1.697220254292997,-1.6884491887735997,-3.01183269374512
2025-11-19,-1.8500111454123669,-2.072405058037141,0.7490671729157405
2025-11-20,0.2005703800182168,1.9562455741328755,-0.29895693050310257
2025-11-21,-1.632619180913597,-2.869136098464775,-2.2200679523527
2025-11-24,0.22046188611009043,-1.8511627079707438,0.5089069507470789
2025-11-25,-1.0738873282599037,-1.3494391713984477,2.0101179321087237
2025-11-26,0.7215459413517422,0.5747221842841377,-1.352385714372506
2025-11-28,-0.9936836023721085,0.8153321230512489,0.3523773809141595
2025-12-01,0.873705421608939,0.40518350427820593,-0.7060008522488559
2025-12-02,-0.6875341669960733,-0.9752191409547528,0.2527168312776773
2025-12-03,-0.252734890391082,2.101088491519665,0.05046219837421262
2025-12-04,1.4488841148838638,0.5979698384381393,2.1957015442001016
2025-12-05,0.6345218779952866,0.5944154030844473,0.6886371903692456
2025-12-08,-1.818371424738352,0.19735382231598209,0.29368895047641175
2025-12-09,-0.9476309072423028,-0.9508831116622929,-0.1956992563360238
2025-12-10,0.6940371712086169,-1.4031104725030552,-0.7866268845096336
2025-12-11,-2.1124702150949304,0.8041855664582265,-0.9920715986389439
2025-12-12,-0.14320948425732283,0.12007729143777013,1.6807087890081895
2025-12-15,-0.8710643706977272,-1.0050376238268655,1.556450181255098
2025-12-16,-2.26934395389069,-2.0821343198409004,-0.7751932389397531
2025-12-17,1.5955855787802342,1.2707713693381528,0
2025-12-18,0.032170811432052915,-0.982404662642189,-0.09732954881780387
2025-12-19,0.7544646751143524,0.9416635116428651,2.024171378752193
2025-12-22,1.888080024440164,2.415574823484423,-0.8624888215552851
2025-12-23,-0.038184454702161474,-0.4385060588988132,1.4333737793076118
2025-12-29,-1.1505541590972612,0.9938441695497957,0.8502663472526706
2025-12-30,-0.10426990373506584,1.608822835243462,-0.09412339849292906
